<?xml version = '1.0' encoding = 'UTF-8'?>
<relationalModel class="oracle.dbtools.crest.model.design.relational.RelationalDesign" name="Relational_1" id="16EA3B20-24BF-6074-F7B8-CFB37703B3D0" mainViewID="037E1F64-6ADD-B735-BB14-81EA9DC1964A">
<createdBy>lauramurcia</createdBy>
<createdTime>2023-09-27 12:45:21 UTC</createdTime>
<ownerDesignName>p1SISTRANS</ownerDesignName>
<shouldBeOpen>false</shouldBeOpen>
<selectedRDBMSSite>32076570-2523-435C-2E92-BF29817DFF70</selectedRDBMSSite>
</relationalModel>