<?xml version = '1.0' encoding = 'UTF-8'?>
<Entity class="oracle.dbtools.crest.model.design.logical.Entity" directorySegmentName="seg_0" id="128A625C-274C-6BE3-08E2-0599A8DBADE4" name="Piscinas">
<createdBy>lauramurcia</createdBy>
<createdTime>2023-10-01 03:55:41 UTC</createdTime>
<ownerDesignName>p1v2SISTRANS</ownerDesignName>
<engineerTo>
<item key="69CC09BB-D8AD-A06A-0139-262D562A040B" value="true"/>
</engineerTo>
<adequatelyNormalized>NO</adequatelyNormalized>
<expectedVolumes>0</expectedVolumes>
<fwdEngineeringStrategyName>Single Table</fwdEngineeringStrategyName>
<growthPercent>0</growthPercent>
<growthType>Year</growthType>
<hierarchicalParent>8F552CAA-4966-CAE0-2971-53E0EB08741E</hierarchicalParent>
<maxVolumes>9999999</maxVolumes>
<minVolumes>0</minVolumes>
<normalForm>Third</normalForm>
<attributes itemClass="oracle.dbtools.crest.model.design.logical.Attribute">
<Attribute name="capacidad" id="12056F87-E663-C5D3-2687-FB5B6E8BEF73">
<createdBy>lauramurcia</createdBy>
<createdTime>2023-10-01 03:55:41 UTC</createdTime>
<ownerDesignName>p1v2SISTRANS</ownerDesignName>
<importedID>E41485F0-0B96-7BCC-C0D8-B575C954FD31</importedID>
<engineerTo>
<item key="69CC09BB-D8AD-A06A-0139-262D562A040B" value="true"/>
</engineerTo>
<useDomainConstraints>false</useDomainConstraints>
<use>1</use>
<logicalDatatype>LOGDT011</logicalDatatype>
<ownDataTypeParameters>,,</ownDataTypeParameters>
</Attribute>
<Attribute name="profundidad" id="6AA301C2-3DC2-AF8F-BABB-B342FAC6A790">
<createdBy>lauramurcia</createdBy>
<createdTime>2023-10-01 03:55:41 UTC</createdTime>
<ownerDesignName>p1v2SISTRANS</ownerDesignName>
<importedID>CCD71DF3-BBE2-542D-65E1-0D52D1543C86</importedID>
<engineerTo>
<item key="69CC09BB-D8AD-A06A-0139-262D562A040B" value="true"/>
</engineerTo>
<useDomainConstraints>false</useDomainConstraints>
<use>1</use>
<logicalDatatype>LOGDT021</logicalDatatype>
<ownDataTypeParameters>,,</ownDataTypeParameters>
</Attribute>
<Attribute name="costo" id="1DAAF824-37C3-4437-9861-9A4B1268EFB9">
<createdBy>lauramurcia</createdBy>
<createdTime>2023-10-01 03:55:41 UTC</createdTime>
<ownerDesignName>p1v2SISTRANS</ownerDesignName>
<importedID>B9B8334A-0DCE-9E64-C08C-71A1C6BF55B9</importedID>
<engineerTo>
<item key="69CC09BB-D8AD-A06A-0139-262D562A040B" value="true"/>
</engineerTo>
<useDomainConstraints>false</useDomainConstraints>
<use>1</use>
<logicalDatatype>LOGDT021</logicalDatatype>
<ownDataTypeParameters>,,</ownDataTypeParameters>
</Attribute>
</attributes>
</Entity>