<?xml version = '1.0' encoding = 'UTF-8'?>
<Entity class="oracle.dbtools.crest.model.design.logical.Entity" directorySegmentName="seg_0" id="218C96C8-277F-E9AD-D326-96D576B65E59" name="PlanesConsum">
<createdBy>lauramurcia</createdBy>
<createdTime>2023-10-01 03:52:59 UTC</createdTime>
<ownerDesignName>p1v2SISTRANS</ownerDesignName>
<engineerTo>
<item key="69CC09BB-D8AD-A06A-0139-262D562A040B" value="true"/>
</engineerTo>
<adequatelyNormalized>NO</adequatelyNormalized>
<expectedVolumes>0</expectedVolumes>
<fwdEngineeringStrategyName>Single Table</fwdEngineeringStrategyName>
<growthPercent>0</growthPercent>
<growthType>Year</growthType>
<maxVolumes>9999999</maxVolumes>
<minVolumes>0</minVolumes>
<normalForm>Third</normalForm>
<attributes itemClass="oracle.dbtools.crest.model.design.logical.Attribute">
<Attribute name="tipo" id="34F11CA0-A36B-5739-E23B-7CEEB163F8EB">
<createdBy>lauramurcia</createdBy>
<createdTime>2023-10-01 03:52:59 UTC</createdTime>
<ownerDesignName>p1v2SISTRANS</ownerDesignName>
<importedID>5A310A34-51E4-E742-FE93-51116FA631E4</importedID>
<engineerTo>
<item key="69CC09BB-D8AD-A06A-0139-262D562A040B" value="true"/>
</engineerTo>
<useDomainConstraints>false</useDomainConstraints>
<use>1</use>
<logicalDatatype>LOGDT024</logicalDatatype>
<dataTypeSize>200</dataTypeSize>
<ownDataTypeParameters>200,,</ownDataTypeParameters>
</Attribute>
<Attribute name="descuento" id="8BF783FE-D491-B375-8560-15ECD75EE5BD">
<createdBy>lauramurcia</createdBy>
<createdTime>2023-10-01 03:52:59 UTC</createdTime>
<ownerDesignName>p1v2SISTRANS</ownerDesignName>
<importedID>1AF10F6B-0BF4-1183-92F1-989642C0E2F0</importedID>
<engineerTo>
<item key="69CC09BB-D8AD-A06A-0139-262D562A040B" value="true"/>
</engineerTo>
<useDomainConstraints>false</useDomainConstraints>
<use>1</use>
<logicalDatatype>LOGDT021</logicalDatatype>
<ownDataTypeParameters>,,</ownDataTypeParameters>
</Attribute>
<Attribute name="dias" id="8F0E1741-68A0-2F09-A3BE-75E7FEFCD9C6">
<createdBy>lauramurcia</createdBy>
<createdTime>2023-10-01 03:52:59 UTC</createdTime>
<ownerDesignName>p1v2SISTRANS</ownerDesignName>
<importedID>A4E9FB0A-5267-626F-A6B8-EADD97951469</importedID>
<engineerTo>
<item key="69CC09BB-D8AD-A06A-0139-262D562A040B" value="true"/>
</engineerTo>
<useDomainConstraints>false</useDomainConstraints>
<use>1</use>
<logicalDatatype>LOGDT011</logicalDatatype>
<ownDataTypeParameters>,,</ownDataTypeParameters>
</Attribute>
<Attribute name="nombreHotel1" id="E1EC9C76-DE6C-2AB9-ADC0-1A4FDA5D4211">
<createdBy>lauramurcia</createdBy>
<createdTime>2023-10-01 04:00:21 UTC</createdTime>
<generatorID>BA1838FD-D82F-3ACD-4516-9BC3C453BB24</generatorID>
<ownerDesignName>p1v2SISTRANS</ownerDesignName>
<engineerTo>
<item key="69CC09BB-D8AD-A06A-0139-262D562A040B" value="true"/>
</engineerTo>
<referedAttribute>2286D35D-0FA3-783D-918F-C6E8504CE928</referedAttribute>
<useDomainConstraints>false</useDomainConstraints>
<use>1</use>
<logicalDatatype>LOGDT024</logicalDatatype>
<dataTypeSize>200</dataTypeSize>
<ownDataTypeParameters>,,</ownDataTypeParameters>
</Attribute>
</attributes>
<identifiers itemClass="oracle.dbtools.crest.model.design.logical.CandidateKey">
<identifier id="F0693D4C-E12E-AA5C-DACA-5CEC3ECAF738" name="PlanesDeConsumos PK">
<createdBy>lauramurcia</createdBy>
<createdTime>2023-10-01 03:52:59 UTC</createdTime>
<ownerDesignName>p1v2SISTRANS</ownerDesignName>
<shouldEngineer>false</shouldEngineer>
<engineerTo>
<item key="69CC09BB-D8AD-A06A-0139-262D562A040B" value="false"/>
</engineerTo>
<pk>true</pk>
<usedAttributes>
<attributeRef>34F11CA0-A36B-5739-E23B-7CEEB163F8EB</attributeRef>
</usedAttributes>
</identifier>
</identifiers>
</Entity>