<?xml version = '1.0' encoding = 'UTF-8'?>
<Entity class="oracle.dbtools.crest.model.design.logical.Entity" directorySegmentName="seg_0" id="8D0420BC-1E1E-81F7-8B2E-E0FB279AAFBD" name="Usuarios">
<createdBy>lauramurcia</createdBy>
<createdTime>2023-10-01 03:52:43 UTC</createdTime>
<ownerDesignName>p1v2SISTRANS</ownerDesignName>
<engineerTo>
<item key="69CC09BB-D8AD-A06A-0139-262D562A040B" value="true"/>
</engineerTo>
<adequatelyNormalized>NO</adequatelyNormalized>
<expectedVolumes>0</expectedVolumes>
<fwdEngineeringStrategyName>Single Table</fwdEngineeringStrategyName>
<growthPercent>0</growthPercent>
<growthType>Year</growthType>
<maxVolumes>9999999</maxVolumes>
<minVolumes>0</minVolumes>
<normalForm>Third</normalForm>
<attributes itemClass="oracle.dbtools.crest.model.design.logical.Attribute">
<Attribute name="idUsuario" id="873ADBEE-2C35-D7DE-69F7-3BA80CF71DE8">
<createdBy>lauramurcia</createdBy>
<createdTime>2023-10-01 03:52:43 UTC</createdTime>
<ownerDesignName>p1v2SISTRANS</ownerDesignName>
<importedID>D4A6EFA4-263C-B04E-D2A9-213F88394402</importedID>
<engineerTo>
<item key="69CC09BB-D8AD-A06A-0139-262D562A040B" value="true"/>
</engineerTo>
<useDomainConstraints>false</useDomainConstraints>
<use>1</use>
<logicalDatatype>LOGDT011</logicalDatatype>
<ownDataTypeParameters>,,</ownDataTypeParameters>
</Attribute>
<Attribute name="nombreUsuario" id="75105AB8-A0EB-BB4F-86A3-246E0928286F">
<createdBy>lauramurcia</createdBy>
<createdTime>2023-10-01 03:52:43 UTC</createdTime>
<ownerDesignName>p1v2SISTRANS</ownerDesignName>
<importedID>72A6F0C7-E960-7915-2683-B393575D293B</importedID>
<engineerTo>
<item key="69CC09BB-D8AD-A06A-0139-262D562A040B" value="true"/>
</engineerTo>
<useDomainConstraints>false</useDomainConstraints>
<use>1</use>
<logicalDatatype>LOGDT024</logicalDatatype>
<dataTypeSize>200</dataTypeSize>
<ownDataTypeParameters>200,,</ownDataTypeParameters>
</Attribute>
<Attribute name="email" id="A5D631D2-A2F1-DD24-0A61-76E100C451BA">
<createdBy>lauramurcia</createdBy>
<createdTime>2023-10-01 03:52:43 UTC</createdTime>
<ownerDesignName>p1v2SISTRANS</ownerDesignName>
<importedID>F015E95B-F2AF-96E7-4322-B68162C0B781</importedID>
<engineerTo>
<item key="69CC09BB-D8AD-A06A-0139-262D562A040B" value="true"/>
</engineerTo>
<useDomainConstraints>false</useDomainConstraints>
<use>1</use>
<logicalDatatype>LOGDT024</logicalDatatype>
<dataTypeSize>200</dataTypeSize>
<ownDataTypeParameters>200,,</ownDataTypeParameters>
</Attribute>
<Attribute name="rol" id="7A89FBD9-22F7-15AE-3B53-AB42DF31091D">
<createdBy>lauramurcia</createdBy>
<createdTime>2023-10-01 03:52:43 UTC</createdTime>
<ownerDesignName>p1v2SISTRANS</ownerDesignName>
<importedID>D88CC9E4-21F8-3084-6DD2-CBAE2F0D5A31</importedID>
<engineerTo>
<item key="69CC09BB-D8AD-A06A-0139-262D562A040B" value="true"/>
</engineerTo>
<useDomainConstraints>false</useDomainConstraints>
<use>1</use>
<logicalDatatype>LOGDT024</logicalDatatype>
<dataTypeSize>200</dataTypeSize>
<ownDataTypeParameters>200,,</ownDataTypeParameters>
</Attribute>
<Attribute name="nombreHotel1" id="C80BFA3D-38E6-2586-5C4C-CA712191FB77">
<createdBy>lauramurcia</createdBy>
<createdTime>2023-10-01 04:00:13 UTC</createdTime>
<generatorID>C238118C-1DC0-447E-CECA-4677B93F780A</generatorID>
<ownerDesignName>p1v2SISTRANS</ownerDesignName>
<engineerTo>
<item key="69CC09BB-D8AD-A06A-0139-262D562A040B" value="true"/>
</engineerTo>
<referedAttribute>2286D35D-0FA3-783D-918F-C6E8504CE928</referedAttribute>
<useDomainConstraints>false</useDomainConstraints>
<use>1</use>
<logicalDatatype>LOGDT024</logicalDatatype>
<dataTypeSize>200</dataTypeSize>
<ownDataTypeParameters>,,</ownDataTypeParameters>
</Attribute>
<Attribute name="tipoID" id="9CB6F09B-C539-6A88-B5E9-91F4C4061FDC">
<createdBy>lauramurcia</createdBy>
<createdTime>2023-10-01 04:41:26 UTC</createdTime>
<ownerDesignName>p1v2SISTRANS</ownerDesignName>
<engineerTo>
<item key="69CC09BB-D8AD-A06A-0139-262D562A040B" value="true"/>
</engineerTo>
<useDomainConstraints>false</useDomainConstraints>
<use>1</use>
<logicalDatatype>LOGDT024</logicalDatatype>
<dataTypeSize>200</dataTypeSize>
<ownDataTypeParameters>200,,</ownDataTypeParameters>
</Attribute>
</attributes>
<identifiers itemClass="oracle.dbtools.crest.model.design.logical.CandidateKey">
<identifier id="48F69960-6430-59D2-AE81-4E1503A369A8" name="Usuarios PK">
<createdBy>lauramurcia</createdBy>
<createdTime>2023-10-01 03:52:43 UTC</createdTime>
<ownerDesignName>p1v2SISTRANS</ownerDesignName>
<shouldEngineer>false</shouldEngineer>
<engineerTo>
<item key="69CC09BB-D8AD-A06A-0139-262D562A040B" value="false"/>
</engineerTo>
<pk>true</pk>
<usedAttributes>
<attributeRef>873ADBEE-2C35-D7DE-69F7-3BA80CF71DE8</attributeRef>
</usedAttributes>
</identifier>
</identifiers>
</Entity>