<?xml version = '1.0' encoding = 'UTF-8'?>
<Entity class="oracle.dbtools.crest.model.design.logical.Entity" directorySegmentName="seg_0" id="9AEFEF04-ECA6-6B71-B83B-074BB5219BE5" name="Reservas">
<createdBy>lauramurcia</createdBy>
<createdTime>2023-10-01 03:52:21 UTC</createdTime>
<ownerDesignName>p1v2SISTRANS</ownerDesignName>
<engineerTo>
<item key="69CC09BB-D8AD-A06A-0139-262D562A040B" value="true"/>
</engineerTo>
<adequatelyNormalized>NO</adequatelyNormalized>
<expectedVolumes>0</expectedVolumes>
<fwdEngineeringStrategyName>Single Table</fwdEngineeringStrategyName>
<growthPercent>0</growthPercent>
<growthType>Year</growthType>
<maxVolumes>9999999</maxVolumes>
<minVolumes>0</minVolumes>
<normalForm>Third</normalForm>
<attributes itemClass="oracle.dbtools.crest.model.design.logical.Attribute">
<Attribute name="idReserva" id="5A2936D3-5BC7-2BAA-D855-DC5BD5588342">
<createdBy>lauramurcia</createdBy>
<createdTime>2023-10-01 03:52:21 UTC</createdTime>
<ownerDesignName>p1v2SISTRANS</ownerDesignName>
<importedID>F32EEF1B-ECCB-436F-B02D-ED9F385C7C14</importedID>
<engineerTo>
<item key="69CC09BB-D8AD-A06A-0139-262D562A040B" value="true"/>
</engineerTo>
<useDomainConstraints>false</useDomainConstraints>
<use>1</use>
<logicalDatatype>LOGDT011</logicalDatatype>
<ownDataTypeParameters>,,</ownDataTypeParameters>
</Attribute>
<Attribute name="numPersonas" id="F47D39AE-0F04-1D3E-CB89-FC6F59BB71EF">
<createdBy>lauramurcia</createdBy>
<createdTime>2023-10-01 03:52:21 UTC</createdTime>
<ownerDesignName>p1v2SISTRANS</ownerDesignName>
<importedID>9A8FD325-092D-54EE-CC84-C1493661E83C</importedID>
<engineerTo>
<item key="69CC09BB-D8AD-A06A-0139-262D562A040B" value="true"/>
</engineerTo>
<useDomainConstraints>false</useDomainConstraints>
<use>1</use>
<logicalDatatype>LOGDT011</logicalDatatype>
<ownDataTypeParameters>,,</ownDataTypeParameters>
</Attribute>
<Attribute name="fechaInicial" id="6EADDABA-02A4-4047-F26F-A47C265DE00E">
<createdBy>lauramurcia</createdBy>
<createdTime>2023-10-01 03:52:21 UTC</createdTime>
<ownerDesignName>p1v2SISTRANS</ownerDesignName>
<importedID>39B573AF-5A2B-B119-A47D-3D4BC4EE7662</importedID>
<engineerTo>
<item key="69CC09BB-D8AD-A06A-0139-262D562A040B" value="true"/>
</engineerTo>
<useDomainConstraints>false</useDomainConstraints>
<use>1</use>
<logicalDatatype>LOGDT007</logicalDatatype>
<ownDataTypeParameters>,,</ownDataTypeParameters>
</Attribute>
<Attribute name="fechaFinal" id="C6642757-636B-5BDE-4DCF-76B005EDBB1C">
<createdBy>lauramurcia</createdBy>
<createdTime>2023-10-01 03:52:21 UTC</createdTime>
<ownerDesignName>p1v2SISTRANS</ownerDesignName>
<importedID>64DBC4B4-9DB7-AE49-0DD3-354A3E3921EE</importedID>
<engineerTo>
<item key="69CC09BB-D8AD-A06A-0139-262D562A040B" value="true"/>
</engineerTo>
<useDomainConstraints>false</useDomainConstraints>
<use>1</use>
<logicalDatatype>LOGDT007</logicalDatatype>
<ownDataTypeParameters>,,</ownDataTypeParameters>
</Attribute>
<Attribute name="tipo" id="31594FB7-6723-31A0-9006-373619AF6190">
<createdBy>lauramurcia</createdBy>
<createdTime>2023-10-01 03:52:21 UTC</createdTime>
<ownerDesignName>p1v2SISTRANS</ownerDesignName>
<importedID>42583E31-D0DD-C9A8-9F67-8B9095F39D01</importedID>
<engineerTo>
<item key="69CC09BB-D8AD-A06A-0139-262D562A040B" value="true"/>
</engineerTo>
<useDomainConstraints>false</useDomainConstraints>
<use>1</use>
<logicalDatatype>LOGDT024</logicalDatatype>
<dataTypeSize>200</dataTypeSize>
<ownDataTypeParameters>200,,</ownDataTypeParameters>
</Attribute>
</attributes>
<identifiers itemClass="oracle.dbtools.crest.model.design.logical.CandidateKey">
<identifier id="9EBA1B0E-E39D-FB08-657A-4D56573B314E" name="Reservas PK">
<createdBy>lauramurcia</createdBy>
<createdTime>2023-10-01 03:52:21 UTC</createdTime>
<ownerDesignName>p1v2SISTRANS</ownerDesignName>
<shouldEngineer>false</shouldEngineer>
<engineerTo>
<item key="69CC09BB-D8AD-A06A-0139-262D562A040B" value="false"/>
</engineerTo>
<pk>true</pk>
<usedAttributes>
<attributeRef>5A2936D3-5BC7-2BAA-D855-DC5BD5588342</attributeRef>
</usedAttributes>
</identifier>
</identifiers>
</Entity>