<?xml version = '1.0' encoding = 'UTF-8'?>
<Entity class="oracle.dbtools.crest.model.design.logical.Entity" directorySegmentName="seg_0" id="A12458F1-E240-0AA7-FA5F-C6F5C2F20C9C" name="productsHabi">
<createdBy>lauramurcia</createdBy>
<createdTime>2023-10-01 03:51:27 UTC</createdTime>
<ownerDesignName>p1v2SISTRANS</ownerDesignName>
<engineerTo>
<item key="69CC09BB-D8AD-A06A-0139-262D562A040B" value="true"/>
</engineerTo>
<adequatelyNormalized>NO</adequatelyNormalized>
<expectedVolumes>0</expectedVolumes>
<fwdEngineeringStrategyName>Single Table</fwdEngineeringStrategyName>
<growthPercent>0</growthPercent>
<growthType>Year</growthType>
<maxVolumes>9999999</maxVolumes>
<minVolumes>0</minVolumes>
<normalForm>Third</normalForm>
<attributes itemClass="oracle.dbtools.crest.model.design.logical.Attribute">
<Attribute name="producto" id="62E8D86A-F132-35E9-F49E-B885CCE83071">
<createdBy>lauramurcia</createdBy>
<createdTime>2023-10-01 03:51:27 UTC</createdTime>
<ownerDesignName>p1v2SISTRANS</ownerDesignName>
<importedID>D03E3EE5-8A01-6CC1-F2E9-F259F4887EC5</importedID>
<engineerTo>
<item key="69CC09BB-D8AD-A06A-0139-262D562A040B" value="true"/>
</engineerTo>
<useDomainConstraints>false</useDomainConstraints>
<use>1</use>
<logicalDatatype>LOGDT011</logicalDatatype>
<ownDataTypeParameters>,,</ownDataTypeParameters>
</Attribute>
<Attribute name="costo" id="D8D5F430-0244-E2A6-4517-21D958CF68C0">
<createdBy>lauramurcia</createdBy>
<createdTime>2023-10-01 03:51:27 UTC</createdTime>
<ownerDesignName>p1v2SISTRANS</ownerDesignName>
<importedID>F9E02CD1-CCC1-B558-8237-6480289B6A55</importedID>
<engineerTo>
<item key="69CC09BB-D8AD-A06A-0139-262D562A040B" value="true"/>
</engineerTo>
<useDomainConstraints>false</useDomainConstraints>
<use>1</use>
<logicalDatatype>LOGDT021</logicalDatatype>
<ownDataTypeParameters>,,</ownDataTypeParameters>
</Attribute>
<Attribute name="id" id="04E45342-194A-5CF2-847A-81C0B0D6188D">
<createdBy>lauramurcia</createdBy>
<createdTime>2023-10-01 03:51:27 UTC</createdTime>
<ownerDesignName>p1v2SISTRANS</ownerDesignName>
<importedID>F9B2B195-463A-22F7-B5DE-0DCBF5E341B8</importedID>
<engineerTo>
<item key="69CC09BB-D8AD-A06A-0139-262D562A040B" value="true"/>
</engineerTo>
<useDomainConstraints>false</useDomainConstraints>
<use>1</use>
<logicalDatatype>LOGDT011</logicalDatatype>
<ownDataTypeParameters>,,</ownDataTypeParameters>
</Attribute>
<Attribute name="id1" id="13F06C90-00A1-E435-8E8B-5A9EFB5C6FB5">
<createdBy>lauramurcia</createdBy>
<createdTime>2023-10-01 04:15:09 UTC</createdTime>
<generatorID>70B72718-DA19-C6EE-C260-C33E5AEF031B</generatorID>
<ownerDesignName>p1v2SISTRANS</ownerDesignName>
<engineerTo>
<item key="69CC09BB-D8AD-A06A-0139-262D562A040B" value="true"/>
</engineerTo>
<referedAttribute>A337CDBE-4335-21EB-CEE6-768123D34312</referedAttribute>
<useDomainConstraints>false</useDomainConstraints>
<use>1</use>
<logicalDatatype>LOGDT011</logicalDatatype>
<ownDataTypeParameters>,,</ownDataTypeParameters>
</Attribute>
</attributes>
<identifiers itemClass="oracle.dbtools.crest.model.design.logical.CandidateKey">
<identifier id="69915A0F-0B98-D93A-4B00-94A9C841270A" name="productosHabitacion PK">
<createdBy>lauramurcia</createdBy>
<createdTime>2023-10-01 03:51:27 UTC</createdTime>
<ownerDesignName>p1v2SISTRANS</ownerDesignName>
<shouldEngineer>false</shouldEngineer>
<engineerTo>
<item key="69CC09BB-D8AD-A06A-0139-262D562A040B" value="false"/>
</engineerTo>
<pk>true</pk>
<usedAttributes>
<attributeRef>62E8D86A-F132-35E9-F49E-B885CCE83071</attributeRef>
</usedAttributes>
</identifier>
</identifiers>
</Entity>