<?xml version = '1.0' encoding = 'UTF-8'?>
<Entity class="oracle.dbtools.crest.model.design.logical.Entity" directorySegmentName="seg_0" id="B9F5D592-EB44-355F-1A25-76E6D7219BFC" name="cuentaConsu">
<createdBy>lauramurcia</createdBy>
<createdTime>2023-10-01 03:51:33 UTC</createdTime>
<ownerDesignName>p1v2SISTRANS</ownerDesignName>
<engineerTo>
<item key="69CC09BB-D8AD-A06A-0139-262D562A040B" value="true"/>
</engineerTo>
<adequatelyNormalized>NO</adequatelyNormalized>
<expectedVolumes>0</expectedVolumes>
<fwdEngineeringStrategyName>Single Table</fwdEngineeringStrategyName>
<growthPercent>0</growthPercent>
<growthType>Year</growthType>
<maxVolumes>9999999</maxVolumes>
<minVolumes>0</minVolumes>
<normalForm>Third</normalForm>
<attributes itemClass="oracle.dbtools.crest.model.design.logical.Attribute">
<Attribute name="pagado" id="CB02A4DD-6C9C-F5DE-1E91-2AE5D4785440">
<createdBy>lauramurcia</createdBy>
<createdTime>2023-10-01 03:51:33 UTC</createdTime>
<ownerDesignName>p1v2SISTRANS</ownerDesignName>
<importedID>51DA5D38-A0FB-BDBC-2C51-285AB23353F5</importedID>
<engineerTo>
<item key="69CC09BB-D8AD-A06A-0139-262D562A040B" value="true"/>
</engineerTo>
<useDomainConstraints>false</useDomainConstraints>
<use>1</use>
<logicalDatatype>LOGDT006</logicalDatatype>
<dataTypeSize>1</dataTypeSize>
<ownDataTypeParameters>1,,</ownDataTypeParameters>
</Attribute>
<Attribute name="idCuenta" id="F8AEED3A-E0B1-D76D-5680-6C0BF78BBD1C">
<createdBy>lauramurcia</createdBy>
<createdTime>2023-10-01 03:51:33 UTC</createdTime>
<ownerDesignName>p1v2SISTRANS</ownerDesignName>
<importedID>589C5AEA-B498-633D-F080-BA4396DAC744</importedID>
<engineerTo>
<item key="69CC09BB-D8AD-A06A-0139-262D562A040B" value="true"/>
</engineerTo>
<useDomainConstraints>false</useDomainConstraints>
<use>1</use>
<logicalDatatype>LOGDT011</logicalDatatype>
<ownDataTypeParameters>,,</ownDataTypeParameters>
</Attribute>
<Attribute name="idReserva1" id="93320B74-EC68-5BF2-F35E-BEC07D820C2A">
<createdBy>lauramurcia</createdBy>
<createdTime>2023-10-01 03:59:52 UTC</createdTime>
<generatorID>3DABC234-4FD1-CAF2-CB57-FA18E7AF5C23</generatorID>
<ownerDesignName>p1v2SISTRANS</ownerDesignName>
<engineerTo>
<item key="69CC09BB-D8AD-A06A-0139-262D562A040B" value="true"/>
</engineerTo>
<referedAttribute>5A2936D3-5BC7-2BAA-D855-DC5BD5588342</referedAttribute>
<useDomainConstraints>false</useDomainConstraints>
<use>1</use>
<logicalDatatype>LOGDT011</logicalDatatype>
<ownDataTypeParameters>,,</ownDataTypeParameters>
</Attribute>
</attributes>
<identifiers itemClass="oracle.dbtools.crest.model.design.logical.CandidateKey">
<identifier id="F78378FD-F274-A61E-F074-3B274F33476F" name="cuentaConsumos PK">
<createdBy>lauramurcia</createdBy>
<createdTime>2023-10-01 03:51:33 UTC</createdTime>
<ownerDesignName>p1v2SISTRANS</ownerDesignName>
<shouldEngineer>false</shouldEngineer>
<engineerTo>
<item key="69CC09BB-D8AD-A06A-0139-262D562A040B" value="false"/>
</engineerTo>
<pk>true</pk>
<usedAttributes>
<attributeRef>F8AEED3A-E0B1-D76D-5680-6C0BF78BBD1C</attributeRef>
</usedAttributes>
</identifier>
</identifiers>
</Entity>