<?xml version = '1.0' encoding = 'UTF-8'?>
<Entity class="oracle.dbtools.crest.model.design.logical.Entity" directorySegmentName="seg_0" id="BDB3A52B-3929-0F73-88FC-059CE2173BC3" name="Habitaciones">
<createdBy>lauramurcia</createdBy>
<createdTime>2023-10-01 03:52:13 UTC</createdTime>
<ownerDesignName>p1v2SISTRANS</ownerDesignName>
<engineerTo>
<item key="69CC09BB-D8AD-A06A-0139-262D562A040B" value="true"/>
</engineerTo>
<adequatelyNormalized>NO</adequatelyNormalized>
<expectedVolumes>0</expectedVolumes>
<fwdEngineeringStrategyName>Single Table</fwdEngineeringStrategyName>
<growthPercent>0</growthPercent>
<growthType>Year</growthType>
<maxVolumes>9999999</maxVolumes>
<minVolumes>0</minVolumes>
<normalForm>Third</normalForm>
<attributes itemClass="oracle.dbtools.crest.model.design.logical.Attribute">
<Attribute name="id" id="A337CDBE-4335-21EB-CEE6-768123D34312">
<createdBy>lauramurcia</createdBy>
<createdTime>2023-10-01 03:52:13 UTC</createdTime>
<ownerDesignName>p1v2SISTRANS</ownerDesignName>
<importedID>EF0575A2-93ED-1B20-02B1-ED2CA639B6CE</importedID>
<engineerTo>
<item key="69CC09BB-D8AD-A06A-0139-262D562A040B" value="true"/>
</engineerTo>
<sourceType>System</sourceType>
<useDomainConstraints>false</useDomainConstraints>
<use>1</use>
<logicalDatatype>LOGDT011</logicalDatatype>
<ownDataTypeParameters>,,</ownDataTypeParameters>
</Attribute>
<Attribute name="tv" id="4E671238-9094-CE1A-D7B9-E59E29F37222">
<createdBy>lauramurcia</createdBy>
<createdTime>2023-10-01 03:52:13 UTC</createdTime>
<ownerDesignName>p1v2SISTRANS</ownerDesignName>
<importedID>D144D627-B778-AA01-33D3-91A41A975EB2</importedID>
<engineerTo>
<item key="69CC09BB-D8AD-A06A-0139-262D562A040B" value="true"/>
</engineerTo>
<useDomainConstraints>false</useDomainConstraints>
<use>1</use>
<logicalDatatype>LOGDT006</logicalDatatype>
<dataTypeSize>1</dataTypeSize>
<ownDataTypeParameters>1,,</ownDataTypeParameters>
</Attribute>
<Attribute name="minibar" id="B0C86007-BE5D-FA10-C893-906A844BF5D7">
<createdBy>lauramurcia</createdBy>
<createdTime>2023-10-01 03:52:13 UTC</createdTime>
<ownerDesignName>p1v2SISTRANS</ownerDesignName>
<importedID>6B7B644E-43A2-30CB-A49D-01DF6A09E201</importedID>
<engineerTo>
<item key="69CC09BB-D8AD-A06A-0139-262D562A040B" value="true"/>
</engineerTo>
<useDomainConstraints>false</useDomainConstraints>
<use>1</use>
<logicalDatatype>LOGDT006</logicalDatatype>
<dataTypeSize>1</dataTypeSize>
<ownDataTypeParameters>1,,</ownDataTypeParameters>
</Attribute>
<Attribute name="cafetera" id="03700A3E-120A-E0ED-DFB8-1A0BF9780BAD">
<createdBy>lauramurcia</createdBy>
<createdTime>2023-10-01 03:52:13 UTC</createdTime>
<ownerDesignName>p1v2SISTRANS</ownerDesignName>
<importedID>36D25C70-782D-9921-91EC-4CE974A6B1C2</importedID>
<engineerTo>
<item key="69CC09BB-D8AD-A06A-0139-262D562A040B" value="true"/>
</engineerTo>
<useDomainConstraints>false</useDomainConstraints>
<use>1</use>
<logicalDatatype>LOGDT006</logicalDatatype>
<dataTypeSize>1</dataTypeSize>
<ownDataTypeParameters>1,,</ownDataTypeParameters>
</Attribute>
<Attribute name="tipo1" id="ADB00602-6FC5-9BD1-276F-1E98F938F381">
<createdBy>lauramurcia</createdBy>
<createdTime>2023-10-01 04:15:25 UTC</createdTime>
<generatorID>31DA1724-EC34-3B9F-6876-6C06635427A5</generatorID>
<ownerDesignName>p1v2SISTRANS</ownerDesignName>
<engineerTo>
<item key="69CC09BB-D8AD-A06A-0139-262D562A040B" value="true"/>
</engineerTo>
<referedAttribute>27209952-FD24-5B48-87B7-241FF9E2EAD7</referedAttribute>
<useDomainConstraints>false</useDomainConstraints>
<use>1</use>
<logicalDatatype>LOGDT024</logicalDatatype>
<dataTypeSize>200</dataTypeSize>
<ownDataTypeParameters>200,,</ownDataTypeParameters>
</Attribute>
<Attribute name="nombreHotel" id="7DEEFB4F-1544-96C8-10C2-D736A410CDD0">
<createdBy>lauramurcia</createdBy>
<createdTime>2023-10-01 04:15:43 UTC</createdTime>
<generatorID>3BDAC0C2-917C-EB63-93AF-9A0B17233408</generatorID>
<ownerDesignName>p1v2SISTRANS</ownerDesignName>
<engineerTo>
<item key="69CC09BB-D8AD-A06A-0139-262D562A040B" value="true"/>
</engineerTo>
<referedAttribute>2286D35D-0FA3-783D-918F-C6E8504CE928</referedAttribute>
<useDomainConstraints>false</useDomainConstraints>
<use>1</use>
<logicalDatatype>LOGDT024</logicalDatatype>
<dataTypeSize>200</dataTypeSize>
<ownDataTypeParameters>200,,</ownDataTypeParameters>
</Attribute>
</attributes>
<identifiers itemClass="oracle.dbtools.crest.model.design.logical.CandidateKey">
<identifier id="E6E9BD3A-66D5-0F82-C003-CC463AF57042" name="Habitaciones PK">
<createdBy>lauramurcia</createdBy>
<createdTime>2023-10-01 03:52:13 UTC</createdTime>
<ownerDesignName>p1v2SISTRANS</ownerDesignName>
<shouldEngineer>false</shouldEngineer>
<engineerTo>
<item key="69CC09BB-D8AD-A06A-0139-262D562A040B" value="false"/>
</engineerTo>
<pk>true</pk>
<usedAttributes>
<attributeRef>A337CDBE-4335-21EB-CEE6-768123D34312</attributeRef>
</usedAttributes>
</identifier>
</identifiers>
</Entity>