<?xml version = '1.0' encoding = 'UTF-8'?>
<Entity class="oracle.dbtools.crest.model.design.logical.Entity" directorySegmentName="seg_0" id="E368D959-908C-E5E6-4C88-3603F743136B" name="Horarios">
<createdBy>lauramurcia</createdBy>
<createdTime>2023-10-01 03:53:52 UTC</createdTime>
<ownerDesignName>p1v2SISTRANS</ownerDesignName>
<engineerTo>
<item key="69CC09BB-D8AD-A06A-0139-262D562A040B" value="true"/>
</engineerTo>
<adequatelyNormalized>NO</adequatelyNormalized>
<expectedVolumes>0</expectedVolumes>
<fwdEngineeringStrategyName>Single Table</fwdEngineeringStrategyName>
<growthPercent>0</growthPercent>
<growthType>Year</growthType>
<maxVolumes>9999999</maxVolumes>
<minVolumes>0</minVolumes>
<normalForm>Third</normalForm>
<attributes itemClass="oracle.dbtools.crest.model.design.logical.Attribute">
<Attribute name="idServicio" id="3B046210-E63E-7BBA-F51C-CC9292F2FE48">
<createdBy>lauramurcia</createdBy>
<createdTime>2023-10-01 03:53:52 UTC</createdTime>
<ownerDesignName>p1v2SISTRANS</ownerDesignName>
<importedID>1C75CB4C-34C8-DFAD-8103-D326BEC4BAB1</importedID>
<engineerTo>
<item key="69CC09BB-D8AD-A06A-0139-262D562A040B" value="true"/>
</engineerTo>
<useDomainConstraints>false</useDomainConstraints>
<use>1</use>
<logicalDatatype>LOGDT011</logicalDatatype>
<ownDataTypeParameters>,,</ownDataTypeParameters>
</Attribute>
<Attribute name="horaInicial" id="D0927FB0-E6AE-FDF2-C45B-E72B1D89E223">
<createdBy>lauramurcia</createdBy>
<createdTime>2023-10-01 03:53:52 UTC</createdTime>
<ownerDesignName>p1v2SISTRANS</ownerDesignName>
<importedID>7AE40D04-3A7C-2E8B-C67A-6FFA56B8B76D</importedID>
<engineerTo>
<item key="69CC09BB-D8AD-A06A-0139-262D562A040B" value="true"/>
</engineerTo>
<useDomainConstraints>false</useDomainConstraints>
<use>1</use>
<logicalDatatype>LOGDT024</logicalDatatype>
<dataTypeSize>200</dataTypeSize>
<ownDataTypeParameters>200,,</ownDataTypeParameters>
</Attribute>
<Attribute name="dias" id="EFDC4B5E-FE44-381A-07B2-96D2385746A6">
<createdBy>lauramurcia</createdBy>
<createdTime>2023-10-01 03:53:52 UTC</createdTime>
<ownerDesignName>p1v2SISTRANS</ownerDesignName>
<importedID>AA737690-EA62-3692-E74A-96447AFF3AEA</importedID>
<engineerTo>
<item key="69CC09BB-D8AD-A06A-0139-262D562A040B" value="true"/>
</engineerTo>
<useDomainConstraints>false</useDomainConstraints>
<use>1</use>
<logicalDatatype>LOGDT024</logicalDatatype>
<dataTypeSize>200</dataTypeSize>
<ownDataTypeParameters>200,,</ownDataTypeParameters>
</Attribute>
<Attribute name="horaFinal" id="63D09D7E-43C4-061F-996D-1E65DA205024">
<createdBy>lauramurcia</createdBy>
<createdTime>2023-10-01 03:53:52 UTC</createdTime>
<ownerDesignName>p1v2SISTRANS</ownerDesignName>
<importedID>3D6F77D4-B0C9-909F-19BF-2BEBDCB47365</importedID>
<engineerTo>
<item key="69CC09BB-D8AD-A06A-0139-262D562A040B" value="true"/>
</engineerTo>
<useDomainConstraints>false</useDomainConstraints>
<use>1</use>
<logicalDatatype>LOGDT024</logicalDatatype>
<dataTypeSize>200</dataTypeSize>
<ownDataTypeParameters>200,,</ownDataTypeParameters>
</Attribute>
</attributes>
<identifiers itemClass="oracle.dbtools.crest.model.design.logical.CandidateKey">
<identifier id="5F6EE28D-72A8-2C8C-6C0E-0D10421011F0" name="Horarios PK">
<createdBy>lauramurcia</createdBy>
<createdTime>2023-10-01 03:53:52 UTC</createdTime>
<ownerDesignName>p1v2SISTRANS</ownerDesignName>
<shouldEngineer>false</shouldEngineer>
<engineerTo>
<item key="69CC09BB-D8AD-A06A-0139-262D562A040B" value="false"/>
</engineerTo>
<pk>true</pk>
<usedAttributes>
<attributeRef>3B046210-E63E-7BBA-F51C-CC9292F2FE48</attributeRef>
</usedAttributes>
</identifier>
</identifiers>
</Entity>