<?xml version = '1.0' encoding = 'UTF-8'?>
<Diagram class="oracle.dbtools.crest.swingui.relational.DPVRelational" name="Relational_1" id="037E1F64-6ADD-B735-BB14-81EA9DC1964A">
<createdBy>lauramurcia</createdBy>
<modifiedBy>lauramurcia</modifiedBy>
<createdTime>2023-09-27 12:46:34 UTC</createdTime>
<autoRoute>false</autoRoute>
<boxInbox>true</boxInbox>
<showLegend>false</showLegend>
<showLabels>false</showLabels>
<showRelAttributes>false</showRelAttributes>
<gridEnabled>false</gridEnabled>
<showGrid>false</showGrid>
<diagramColor>-1</diagramColor>
<display>false</display>
<notation>1</notation>
<objectViews>
<OView class="oracle.dbtools.crest.swingui.relational.TVTable" oid="0587D834-0BCB-A53A-0A2E-2ABC0F96E177" otype="Table" vid="A65E785B-946C-52C2-073B-C783233560DE">
<hideElementsInCurrentOnly>false</hideElementsInCurrentOnly>
<bounds x="1283" y="717" width="170" height="110"/>
</OView>
<OView class="oracle.dbtools.crest.swingui.relational.TVTable" oid="07C1DD77-031D-890A-5FC5-085B7E4A762E" otype="Table" vid="B6C34315-CC8C-3FFB-EF6B-A3BEBAD5F66F">
<hideElementsInCurrentOnly>false</hideElementsInCurrentOnly>
<bounds x="847" y="908" width="170" height="110"/>
</OView>
<OView class="oracle.dbtools.crest.swingui.relational.TVTable" oid="0DB26BBF-63E7-A500-C0D6-F83E479931F5" otype="Table" vid="21E6434B-D8E7-18EF-1D92-86BDF7EAD0C3">
<hideElementsInCurrentOnly>false</hideElementsInCurrentOnly>
<bounds x="1309" y="295" width="170" height="110"/>
</OView>
<OView class="oracle.dbtools.crest.swingui.relational.TVTable" oid="0F4ED0CE-7D5E-8C98-F46C-FFDBD3F6C0A6" otype="Table" vid="140CF9F0-B170-B5A8-EE3A-2BCC3F61ACA3">
<hideElementsInCurrentOnly>false</hideElementsInCurrentOnly>
<bounds x="576" y="11" width="170" height="110"/>
</OView>
<OView class="oracle.dbtools.crest.swingui.relational.TVTable" oid="171B7E1D-ED9C-8FF5-37F9-DD78099430E9" otype="Table" vid="A10B1DF0-8AC1-7827-4C69-4A3EA12800CC">
<hideElementsInCurrentOnly>false</hideElementsInCurrentOnly>
<bounds x="829" y="494" width="163" height="74"/>
</OView>
<OView class="oracle.dbtools.crest.swingui.relational.TVTable" oid="2399716E-A811-A5F7-EDB8-8667F5CBED6F" otype="Table" vid="1C3844B2-4C77-18F2-B2C2-763B63E66B5A">
<hideElementsInCurrentOnly>false</hideElementsInCurrentOnly>
<bounds x="1024" y="582" width="133" height="66"/>
</OView>
<OView class="oracle.dbtools.crest.swingui.relational.TVTable" oid="24727AFD-565E-8717-C559-9AADB7EF88D1" otype="Table" vid="D753E887-0697-2143-5CD9-AEE5A8C16151">
<hideElementsInCurrentOnly>false</hideElementsInCurrentOnly>
<bounds x="1075" y="918" width="170" height="110"/>
</OView>
<OView class="oracle.dbtools.crest.swingui.relational.TVTable" oid="3325DCBA-BDDB-46F9-AC57-2B5DACEDF3BD" otype="Table" vid="CD1B49E0-B7DF-6249-68F3-08A29338A417">
<hideElementsInCurrentOnly>false</hideElementsInCurrentOnly>
<bounds x="633" y="911" width="170" height="110"/>
</OView>
<OView class="oracle.dbtools.crest.swingui.relational.TVTable" oid="38BA4B0E-2130-B2AC-1B6A-6C92544A9B8D" otype="Table" vid="CF342044-50CF-B247-FC66-0026D87D225D">
<hideElementsInCurrentOnly>false</hideElementsInCurrentOnly>
<bounds x="433" y="597" width="170" height="110"/>
</OView>
<OView class="oracle.dbtools.crest.swingui.relational.TVTable" oid="4BDC6B68-900F-3E21-DFAE-A1901F674392" otype="Table" vid="F495E8AB-29FE-7732-40C6-AC25B4B96D0C">
<hideElementsInCurrentOnly>false</hideElementsInCurrentOnly>
<bounds x="744" y="1059" width="170" height="111"/>
</OView>
<OView class="oracle.dbtools.crest.swingui.relational.TVTable" oid="57ADB7FB-B56C-99E6-23CB-2F24D87B5688" otype="Table" vid="FFA2561C-A668-5E29-4B64-DF87C6C3B87B">
<hideElementsInCurrentOnly>false</hideElementsInCurrentOnly>
<bounds x="60" y="130" width="170" height="110"/>
</OView>
<OView class="oracle.dbtools.crest.swingui.relational.TVTable" oid="58AC76A4-B4FE-64C2-CF94-53761BB4236E" otype="Table" vid="E06B29DB-5568-4741-1777-0842489FCBE0">
<hideElementsInCurrentOnly>false</hideElementsInCurrentOnly>
<bounds x="652" y="429" width="525" height="440"/>
</OView>
<OView class="oracle.dbtools.crest.swingui.relational.TVTable" oid="5B3D5B89-ED7C-3365-2518-D7188E81AD97" otype="Table" vid="07740F05-81C5-AB70-746C-F639E36A8895">
<hideElementsInCurrentOnly>false</hideElementsInCurrentOnly>
<bounds x="630" y="265" width="170" height="110"/>
</OView>
<OView class="oracle.dbtools.crest.swingui.relational.TVTable" oid="5B3E1C4A-ABDA-E946-AA36-04184F13DC54" otype="Table" vid="4A24E004-BD15-C862-FCFF-547FCD9445ED">
<hideElementsInCurrentOnly>false</hideElementsInCurrentOnly>
<bounds x="446" y="440" width="170" height="110"/>
</OView>
<OView class="oracle.dbtools.crest.swingui.relational.TVTable" oid="642B6332-67F3-2A47-EB30-0A33D49CD6E5" otype="Table" vid="713649E1-85D1-700B-8A81-16B60EFF3810">
<hideElementsInCurrentOnly>false</hideElementsInCurrentOnly>
<bounds x="682" y="675" width="143" height="72"/>
</OView>
<OView class="oracle.dbtools.crest.swingui.relational.TVTable" oid="6F7712A4-B4BF-1788-F59B-2FBE15456327" otype="Table" vid="2C02F5AE-DF1D-9773-F9DF-4E5952862BEF">
<hideElementsInCurrentOnly>false</hideElementsInCurrentOnly>
<bounds x="225" y="532" width="170" height="110"/>
</OView>
<OView class="oracle.dbtools.crest.swingui.relational.TVTable" oid="7DB336B4-1156-B8F3-AE98-D559546B9020" otype="Table" vid="D4DCBBF5-7278-D959-5A54-1340DC9CD21C">
<hideElementsInCurrentOnly>false</hideElementsInCurrentOnly>
<bounds x="175" y="352" width="170" height="110"/>
</OView>
<OView class="oracle.dbtools.crest.swingui.relational.TVTable" oid="917889B0-D93B-D0B6-6C1D-91D0E3452874" otype="Table" vid="0796EB39-D93A-EFB4-0120-702001295226">
<hideElementsInCurrentOnly>false</hideElementsInCurrentOnly>
<bounds x="283" y="143" width="170" height="110"/>
</OView>
<OView class="oracle.dbtools.crest.swingui.relational.TVTable" oid="97C5C46F-E5A0-DC7C-5168-E4E5732D8CCC" otype="Table" vid="961DA0AC-BE2B-1A2D-7300-64C85DF9B228">
<hideElementsInCurrentOnly>false</hideElementsInCurrentOnly>
<bounds x="1058" y="299" width="170" height="110"/>
</OView>
<OView class="oracle.dbtools.crest.swingui.relational.TVTable" oid="9FF8D7F0-48D3-3722-A9DD-9927C0DC3183" otype="Table" vid="80D5A0FA-6E53-C5AB-9A51-27E2C4F41DAE">
<hideElementsInCurrentOnly>false</hideElementsInCurrentOnly>
<bounds x="1035" y="512" width="119" height="58"/>
</OView>
<OView class="oracle.dbtools.crest.swingui.relational.TVTable" oid="A9BEAECC-1057-487A-FF6A-18B735E10390" otype="Table" vid="C86F97F3-DED0-3D7E-361C-B07AA1A465C8">
<hideElementsInCurrentOnly>false</hideElementsInCurrentOnly>
<bounds x="999" y="141" width="170" height="110"/>
</OView>
<OView class="oracle.dbtools.crest.swingui.relational.TVTable" oid="B038F5E6-1BA7-BE11-93B4-96310A1BA38B" otype="Table" vid="3F92822E-D165-9EAF-A670-DE326E09C64E">
<hideElementsInCurrentOnly>false</hideElementsInCurrentOnly>
<bounds x="1616" y="634" width="170" height="111"/>
</OView>
<OView class="oracle.dbtools.crest.swingui.relational.TVTable" oid="B052EACB-BD74-FD80-D1CF-E858DC62E7D2" otype="Table" vid="8BA8443C-01AE-F7B9-8116-DDE105FF93CC">
<hideElementsInCurrentOnly>false</hideElementsInCurrentOnly>
<bounds x="1037" y="664" width="114" height="50"/>
</OView>
<OView class="oracle.dbtools.crest.swingui.relational.TVTable" oid="B3DEBA00-0406-F434-36DE-F89E3EEB6AB6" otype="Table" vid="89460C45-5A98-09C5-BCFC-CC3A7FB4F6A9">
<hideElementsInCurrentOnly>false</hideElementsInCurrentOnly>
<bounds x="1284" y="454" width="170" height="110"/>
</OView>
<OView class="oracle.dbtools.crest.swingui.relational.TVTable" oid="B78937ED-A912-DE0B-3E9F-EFD6FABB57F1" otype="Table" vid="93DBDB22-EAC6-717C-1BF5-D868B0BB12EA">
<hideElementsInCurrentOnly>false</hideElementsInCurrentOnly>
<bounds x="666" y="495" width="136" height="61"/>
</OView>
<OView class="oracle.dbtools.crest.swingui.relational.TVTable" oid="C96E1FE2-D4B7-F1BE-81B9-83B9B4659BEE" otype="Table" vid="1F926C29-D32B-7C94-BA55-5A1618CE5C02">
<hideElementsInCurrentOnly>false</hideElementsInCurrentOnly>
<bounds x="515" y="146" width="170" height="110"/>
</OView>
<OView class="oracle.dbtools.crest.swingui.relational.TVTable" oid="CD562653-09F9-8BC1-98CA-885A79C75A2B" otype="Table" vid="FA923D7F-6261-F014-527D-750A40C28864">
<hideElementsInCurrentOnly>false</hideElementsInCurrentOnly>
<bounds x="1082" y="13" width="170" height="110"/>
</OView>
<OView class="oracle.dbtools.crest.swingui.relational.TVTable" oid="D0623C95-D934-EE86-C5EA-43EAFF3FD06B" otype="Table" vid="31AFB3FD-44D0-BACC-D489-58B56C164F5C">
<hideElementsInCurrentOnly>false</hideElementsInCurrentOnly>
<bounds x="689" y="780" width="132" height="61"/>
</OView>
<OView class="oracle.dbtools.crest.swingui.relational.TVTable" oid="E397E45C-4DF1-C855-453E-4156ADC7C475" otype="Table" vid="CECC1CB8-61D4-7CFF-EE4E-8A01536391BE">
<hideElementsInCurrentOnly>false</hideElementsInCurrentOnly>
<bounds x="1284" y="833" width="170" height="110"/>
</OView>
<OView class="oracle.dbtools.crest.swingui.relational.TVTable" oid="E5678EA6-0F21-2540-595B-123E1C523076" otype="Table" vid="E041AB0C-DF57-2910-DFD0-45D1B16F5931">
<hideElementsInCurrentOnly>false</hideElementsInCurrentOnly>
<bounds x="676" y="592" width="145" height="62"/>
</OView>
<OView class="oracle.dbtools.crest.swingui.relational.TVTable" oid="E5FFDB4B-9B61-1381-E2E8-1B7CFCA34ED2" otype="Table" vid="377721D9-6DB3-4857-246A-099708E03FE6">
<hideElementsInCurrentOnly>false</hideElementsInCurrentOnly>
<bounds x="875" y="765" width="120" height="63"/>
</OView>
<OView class="oracle.dbtools.crest.swingui.relational.TVTable" oid="E92AA624-0D15-6D53-0BFF-AB2F1B7B25E1" otype="Table" vid="4C5F0C5D-590D-020F-F387-35A28057A0D4">
<hideElementsInCurrentOnly>false</hideElementsInCurrentOnly>
<bounds x="1021" y="759" width="137" height="66"/>
</OView>
<OView class="oracle.dbtools.crest.swingui.relational.TVTable" oid="EA3763F7-9815-6427-75CF-467920D8EC9F" otype="Table" vid="08E987DC-55B2-678A-D251-6382E2C2BE6D">
<hideElementsInCurrentOnly>false</hideElementsInCurrentOnly>
<bounds x="782" y="1" width="170" height="110"/>
</OView>
<OView class="oracle.dbtools.crest.swingui.relational.TVTable" oid="EFCAB2B9-9B9F-812C-4EFA-08F868E48626" otype="Table" vid="9E47A01F-BA1D-34D2-BF62-8D7E9B67DB27">
<hideElementsInCurrentOnly>false</hideElementsInCurrentOnly>
<bounds x="1285" y="589" width="170" height="110"/>
</OView>
<OView class="oracle.dbtools.crest.swingui.relational.TVTable" oid="F684059D-463D-B621-205F-CB682A4BE453" otype="Table" vid="BFDAE5A3-225C-97B9-C0A3-2EC507139971">
<hideElementsInCurrentOnly>false</hideElementsInCurrentOnly>
<bounds x="851" y="647" width="126" height="52"/>
</OView>
<OView class="oracle.dbtools.crest.swingui.relational.TVTable" oid="FCC87B00-56B1-6BE2-DC27-1D74B2EDD02B" otype="Table" vid="116BDD21-AA63-DD20-4A92-9AB3D5FB4F95">
<hideElementsInCurrentOnly>false</hideElementsInCurrentOnly>
<bounds x="437" y="729" width="170" height="110"/>
</OView>
<OView class="oracle.dbtools.crest.swingui.relational.TVTable" oid="FCDAD693-3258-1E26-F898-CA8279F6DA09" otype="Table" vid="7F7EB082-A514-EBAF-DA26-1E7CA49FDC65">
<hideElementsInCurrentOnly>false</hideElementsInCurrentOnly>
<bounds x="122" y="689" width="170" height="111"/>
</OView>
<OView class="oracle.dbtools.crest.swingui.relational.TVTable" oid="FD82EB96-671F-FED9-24EF-AA1EC4858182" otype="Table" vid="1F43D467-1750-69E7-5517-9482431C9D5C">
<hideElementsInCurrentOnly>false</hideElementsInCurrentOnly>
<bounds x="1514" y="332" width="170" height="111"/>
</OView>
<OView class="oracle.dbtools.crest.swingui.relational.TVTable" oid="FF3FD47E-72A2-5A94-F7CE-B1528C853C4F" otype="Table" vid="32326E8E-A1D0-E2C1-4658-6B8C7C6529B8">
<hideElementsInCurrentOnly>false</hideElementsInCurrentOnly>
<bounds x="857" y="252" width="170" height="110"/>
</OView>
</objectViews>
<connectors>
<Connector class="oracle.dbtools.crest.swingui.relational.TVFKRelation" oid="006B9E2B-3F53-30C1-7A13-DEE73CE3091F" otype="FKIndexAssociation" vid_source="2C02F5AE-DF1D-9773-F9DF-4E5952862BEF" vid_target="4A24E004-BD15-C862-FCFF-547FCD9445ED">
<hideElementsInCurrentOnly>false</hideElementsInCurrentOnly>
<backgroundColor>-16777216</backgroundColor>
<lineWidth>1</lineWidth>
<points>
<point x="395" y="541"/>
<point x="446" y="541"/>
</points>
</Connector>
<Connector class="oracle.dbtools.crest.swingui.relational.TVFKRelation" oid="015A08E7-7706-6F1F-2556-2C78596B5CFC" otype="FKIndexAssociation" vid_source="D753E887-0697-2143-5CD9-AEE5A8C16151" vid_target="4C5F0C5D-590D-020F-F387-35A28057A0D4">
<hideElementsInCurrentOnly>false</hideElementsInCurrentOnly>
<backgroundColor>-16777216</backgroundColor>
<lineWidth>1</lineWidth>
<points>
<point x="1116" y="918"/>
<point x="1116" y="825"/>
</points>
</Connector>
<Connector class="oracle.dbtools.crest.swingui.relational.TVFKRelation" oid="044B2B00-941B-E38F-F6E3-207FB57D03F1" otype="FKIndexAssociation" vid_source="1F926C29-D32B-7C94-BA55-5A1618CE5C02" vid_target="32326E8E-A1D0-E2C1-4658-6B8C7C6529B8">
<hideElementsInCurrentOnly>false</hideElementsInCurrentOnly>
<backgroundColor>-16777216</backgroundColor>
<lineWidth>1</lineWidth>
<points>
<point x="685" y="254"/>
<point x="857" y="254"/>
</points>
</Connector>
<Connector class="oracle.dbtools.crest.swingui.relational.TVFKRelation" oid="08B809C4-9BEB-DD19-0D28-9DAA953EAF98" otype="FKIndexAssociation" vid_source="3F92822E-D165-9EAF-A670-DE326E09C64E" vid_target="9E47A01F-BA1D-34D2-BF62-8D7E9B67DB27">
<hideElementsInCurrentOnly>false</hideElementsInCurrentOnly>
<backgroundColor>-16777216</backgroundColor>
<lineWidth>1</lineWidth>
<points>
<point x="1616" y="666"/>
<point x="1455" y="666"/>
</points>
</Connector>
<Connector class="oracle.dbtools.crest.swingui.relational.TVFKRelation" oid="0FF17F98-19FD-567E-19E1-5D61ECBB1171" otype="FKIndexAssociation" vid_source="F495E8AB-29FE-7732-40C6-AC25B4B96D0C" vid_target="CD1B49E0-B7DF-6249-68F3-08A29338A417">
<hideElementsInCurrentOnly>false</hideElementsInCurrentOnly>
<backgroundColor>-16777216</backgroundColor>
<lineWidth>1</lineWidth>
<points>
<point x="773" y="1059"/>
<point x="773" y="1021"/>
</points>
</Connector>
<Connector class="oracle.dbtools.crest.swingui.relational.TVFKRelation" oid="14467791-777F-B4C9-5841-11332894C3A1" otype="FKIndexAssociation" vid_source="3F92822E-D165-9EAF-A670-DE326E09C64E" vid_target="CECC1CB8-61D4-7CFF-EE4E-8A01536391BE">
<hideElementsInCurrentOnly>false</hideElementsInCurrentOnly>
<backgroundColor>-16777216</backgroundColor>
<lineWidth>1</lineWidth>
<points>
<point x="1616" y="740"/>
<point x="1454" y="837"/>
</points>
</Connector>
<Connector class="oracle.dbtools.crest.swingui.relational.TVFKRelation" oid="15AC9A12-9173-5C7C-C322-03A7A4284EBC" otype="FKIndexAssociation" vid_source="D4DCBBF5-7278-D959-5A54-1340DC9CD21C" vid_target="0796EB39-D93A-EFB4-0120-702001295226">
<hideElementsInCurrentOnly>false</hideElementsInCurrentOnly>
<backgroundColor>-16777216</backgroundColor>
<lineWidth>1</lineWidth>
<points>
<point x="314" y="352"/>
<point x="314" y="253"/>
</points>
</Connector>
<Connector class="oracle.dbtools.crest.swingui.relational.TVFKRelation" oid="1672FEA0-E803-9DE2-4882-B3CBC249862E" otype="FKIndexAssociation" vid_source="80D5A0FA-6E53-C5AB-9A51-27E2C4F41DAE" vid_target="21E6434B-D8E7-18EF-1D92-86BDF7EAD0C3">
<hideElementsInCurrentOnly>false</hideElementsInCurrentOnly>
<backgroundColor>-16777216</backgroundColor>
<lineWidth>1</lineWidth>
<points>
<point x="1139" y="512"/>
<point x="1309" y="404"/>
</points>
</Connector>
<Connector class="oracle.dbtools.crest.swingui.relational.TVFKRelation" oid="175FF5AC-6058-3560-5E37-5DBC8F17EF9F" otype="FKIndexAssociation" vid_source="E06B29DB-5568-4741-1777-0842489FCBE0" vid_target="A10B1DF0-8AC1-7827-4C69-4A3EA12800CC">
<hideElementsInCurrentOnly>false</hideElementsInCurrentOnly>
<backgroundColor>-16777216</backgroundColor>
<lineWidth>1</lineWidth>
<points>
<point x="1177" y="531"/>
<point x="829" y="531"/>
</points>
</Connector>
<Connector class="oracle.dbtools.crest.swingui.relational.TVFKRelation" oid="223B35D4-A064-24F3-C798-DCA4537A0FF3" otype="FKIndexAssociation" vid_source="E06B29DB-5568-4741-1777-0842489FCBE0" vid_target="377721D9-6DB3-4857-246A-099708E03FE6">
<hideElementsInCurrentOnly>false</hideElementsInCurrentOnly>
<backgroundColor>-16777216</backgroundColor>
<lineWidth>1</lineWidth>
<points>
<point x="1177" y="796"/>
<point x="875" y="796"/>
</points>
</Connector>
<Connector class="oracle.dbtools.crest.swingui.relational.TVFKRelation" oid="22D76689-43DD-9BED-6EF4-AFD27CFE9A00" otype="FKIndexAssociation" vid_source="3F92822E-D165-9EAF-A670-DE326E09C64E" vid_target="89460C45-5A98-09C5-BCFC-CC3A7FB4F6A9">
<hideElementsInCurrentOnly>false</hideElementsInCurrentOnly>
<backgroundColor>-16777216</backgroundColor>
<lineWidth>1</lineWidth>
<points>
<point x="1616" y="643"/>
<point x="1454" y="555"/>
</points>
</Connector>
<Connector class="oracle.dbtools.crest.swingui.relational.TVFKRelation" oid="2AEA1CF0-5212-440F-7377-6AE87BF7A7BF" otype="FKIndexAssociation" vid_source="07740F05-81C5-AB70-746C-F639E36A8895" vid_target="32326E8E-A1D0-E2C1-4658-6B8C7C6529B8">
<hideElementsInCurrentOnly>false</hideElementsInCurrentOnly>
<backgroundColor>-16777216</backgroundColor>
<lineWidth>1</lineWidth>
<points>
<point x="800" y="313"/>
<point x="857" y="313"/>
</points>
</Connector>
<Connector class="oracle.dbtools.crest.swingui.relational.TVFKRelation" oid="3572441C-7A8C-1DD5-18F9-B9D1F4866908" otype="FKIndexAssociation" vid_source="E041AB0C-DF57-2910-DFD0-45D1B16F5931" vid_target="CF342044-50CF-B247-FC66-0026D87D225D">
<hideElementsInCurrentOnly>false</hideElementsInCurrentOnly>
<backgroundColor>-16777216</backgroundColor>
<lineWidth>1</lineWidth>
<points>
<point x="676" y="640"/>
<point x="603" y="640"/>
</points>
</Connector>
<Connector class="oracle.dbtools.crest.swingui.relational.TVFKRelation" oid="381B45DC-9D25-4007-1142-8BECB822E6F0" otype="FKIndexAssociation" vid_source="D4DCBBF5-7278-D959-5A54-1340DC9CD21C" vid_target="961DA0AC-BE2B-1A2D-7300-64C85DF9B228">
<hideElementsInCurrentOnly>false</hideElementsInCurrentOnly>
<backgroundColor>-16777216</backgroundColor>
<lineWidth>1</lineWidth>
<points>
<point x="345" y="380"/>
<point x="1058" y="380"/>
</points>
</Connector>
<Connector class="oracle.dbtools.crest.swingui.relational.TVFKRelation" oid="396A1422-0E26-A6F2-569A-2994DB7C215E" otype="FKIndexAssociation" vid_source="E06B29DB-5568-4741-1777-0842489FCBE0" vid_target="80D5A0FA-6E53-C5AB-9A51-27E2C4F41DAE">
<hideElementsInCurrentOnly>false</hideElementsInCurrentOnly>
<backgroundColor>-16777216</backgroundColor>
<lineWidth>1</lineWidth>
<points>
<point x="1177" y="541"/>
<point x="1035" y="541"/>
</points>
</Connector>
<Connector class="oracle.dbtools.crest.swingui.relational.TVFKRelation" oid="3A7A18C5-D9C4-5EE5-01DD-5C91F609C110" otype="FKIndexAssociation" vid_source="7F7EB082-A514-EBAF-DA26-1E7CA49FDC65" vid_target="CF342044-50CF-B247-FC66-0026D87D225D">
<hideElementsInCurrentOnly>false</hideElementsInCurrentOnly>
<backgroundColor>-16777216</backgroundColor>
<lineWidth>1</lineWidth>
<points>
<point x="292" y="698"/>
<point x="433" y="698"/>
</points>
</Connector>
<Connector class="oracle.dbtools.crest.swingui.relational.TVFKRelation" oid="3EE9DED2-7BEB-37A3-777E-D0FF15D1246D" otype="FKIndexAssociation" vid_source="E06B29DB-5568-4741-1777-0842489FCBE0" vid_target="1C3844B2-4C77-18F2-B2C2-763B63E66B5A">
<hideElementsInCurrentOnly>false</hideElementsInCurrentOnly>
<backgroundColor>-16777216</backgroundColor>
<lineWidth>1</lineWidth>
<points>
<point x="1177" y="600"/>
<point x="1024" y="600"/>
</points>
</Connector>
<Connector class="oracle.dbtools.crest.swingui.relational.TVFKRelation" oid="3F217CA1-F857-A9C5-5BFE-9EF96C445FF5" otype="FKIndexAssociation" vid_source="140CF9F0-B170-B5A8-EE3A-2BCC3F61ACA3" vid_target="08E987DC-55B2-678A-D251-6382E2C2BE6D">
<hideElementsInCurrentOnly>false</hideElementsInCurrentOnly>
<backgroundColor>-16777216</backgroundColor>
<lineWidth>1</lineWidth>
<points>
<point x="746" y="61"/>
<point x="782" y="61"/>
</points>
</Connector>
<Connector class="oracle.dbtools.crest.swingui.relational.TVFKRelation" oid="4AD87256-3A08-083C-6DF1-3169E01D2098" otype="FKIndexAssociation" vid_source="E06B29DB-5568-4741-1777-0842489FCBE0" vid_target="4A24E004-BD15-C862-FCFF-547FCD9445ED">
<hideElementsInCurrentOnly>false</hideElementsInCurrentOnly>
<backgroundColor>-16777216</backgroundColor>
<lineWidth>1</lineWidth>
<points>
<point x="652" y="495"/>
<point x="616" y="495"/>
</points>
</Connector>
<Connector class="oracle.dbtools.crest.swingui.relational.TVFKRelation" oid="4D0E6D36-B749-9A3D-EDE3-866E795908D9" otype="FKIndexAssociation" vid_source="7F7EB082-A514-EBAF-DA26-1E7CA49FDC65" vid_target="116BDD21-AA63-DD20-4A92-9AB3D5FB4F95">
<hideElementsInCurrentOnly>false</hideElementsInCurrentOnly>
<backgroundColor>-16777216</backgroundColor>
<lineWidth>1</lineWidth>
<points>
<point x="292" y="764"/>
<point x="437" y="764"/>
</points>
</Connector>
<Connector class="oracle.dbtools.crest.swingui.relational.TVFKRelation" oid="51B966F3-66F2-5810-7E33-7B7B2A86BBDD" otype="FKIndexAssociation" vid_source="E06B29DB-5568-4741-1777-0842489FCBE0" vid_target="8BA8443C-01AE-F7B9-8116-DDE105FF93CC">
<hideElementsInCurrentOnly>false</hideElementsInCurrentOnly>
<backgroundColor>-16777216</backgroundColor>
<lineWidth>1</lineWidth>
<points>
<point x="1177" y="689"/>
<point x="1037" y="689"/>
</points>
</Connector>
<Connector class="oracle.dbtools.crest.swingui.relational.TVFKRelation" oid="55116AC8-64A7-AC96-6222-6F07418C24DA" otype="FKIndexAssociation" vid_source="E06B29DB-5568-4741-1777-0842489FCBE0" vid_target="713649E1-85D1-700B-8A81-16B60EFF3810">
<hideElementsInCurrentOnly>false</hideElementsInCurrentOnly>
<backgroundColor>-16777216</backgroundColor>
<lineWidth>1</lineWidth>
<points>
<point x="1177" y="711"/>
<point x="682" y="711"/>
</points>
</Connector>
<Connector class="oracle.dbtools.crest.swingui.relational.TVFKRelation" oid="609E091A-74C5-6D5B-8364-83FE1A0926D0" otype="FKIndexAssociation" vid_source="1F926C29-D32B-7C94-BA55-5A1618CE5C02" vid_target="FA923D7F-6261-F014-527D-750A40C28864">
<hideElementsInCurrentOnly>false</hideElementsInCurrentOnly>
<backgroundColor>-16777216</backgroundColor>
<lineWidth>1</lineWidth>
<points>
<point x="685" y="181"/>
<point x="1082" y="87"/>
</points>
</Connector>
<Connector class="oracle.dbtools.crest.swingui.relational.TVFKRelation" oid="645A3826-EBBE-5BB0-D678-A2E452157095" otype="FKIndexAssociation" vid_source="8BA8443C-01AE-F7B9-8116-DDE105FF93CC" vid_target="A65E785B-946C-52C2-073B-C783233560DE">
<hideElementsInCurrentOnly>false</hideElementsInCurrentOnly>
<backgroundColor>-16777216</backgroundColor>
<lineWidth>1</lineWidth>
<points>
<point x="1151" y="706"/>
<point x="1283" y="746"/>
</points>
</Connector>
<Connector class="oracle.dbtools.crest.swingui.relational.TVFKRelation" oid="6993C2A3-BAF8-209D-0DCD-54ABCAEEDF9E" otype="FKIndexAssociation" vid_source="31AFB3FD-44D0-BACC-D489-58B56C164F5C" vid_target="CD1B49E0-B7DF-6249-68F3-08A29338A417">
<hideElementsInCurrentOnly>false</hideElementsInCurrentOnly>
<backgroundColor>-16777216</backgroundColor>
<lineWidth>1</lineWidth>
<points>
<point x="746" y="841"/>
<point x="746" y="911"/>
</points>
</Connector>
<Connector class="oracle.dbtools.crest.swingui.relational.TVFKRelation" oid="726E55B2-4C80-DED6-183B-24A939C92FD7" otype="FKIndexAssociation" vid_source="D4DCBBF5-7278-D959-5A54-1340DC9CD21C" vid_target="2C02F5AE-DF1D-9773-F9DF-4E5952862BEF">
<hideElementsInCurrentOnly>false</hideElementsInCurrentOnly>
<backgroundColor>-16777216</backgroundColor>
<lineWidth>1</lineWidth>
<points>
<point x="285" y="462"/>
<point x="285" y="532"/>
</points>
</Connector>
<Connector class="oracle.dbtools.crest.swingui.relational.TVFKRelation" oid="7797F7A8-20CD-9407-E999-CDA45F05BEC6" otype="FKIndexAssociation" vid_source="E06B29DB-5568-4741-1777-0842489FCBE0" vid_target="4C5F0C5D-590D-020F-F387-35A28057A0D4">
<hideElementsInCurrentOnly>false</hideElementsInCurrentOnly>
<backgroundColor>-16777216</backgroundColor>
<lineWidth>1</lineWidth>
<points>
<point x="1177" y="777"/>
<point x="1021" y="777"/>
</points>
</Connector>
<Connector class="oracle.dbtools.crest.swingui.relational.TVFKRelation" oid="84705AF2-2BB8-3CC1-AF52-33E55C1C591B" otype="FKIndexAssociation" vid_source="3F92822E-D165-9EAF-A670-DE326E09C64E" vid_target="A65E785B-946C-52C2-073B-C783233560DE">
<hideElementsInCurrentOnly>false</hideElementsInCurrentOnly>
<backgroundColor>-16777216</backgroundColor>
<lineWidth>1</lineWidth>
<points>
<point x="1616" y="731"/>
<point x="1453" y="731"/>
</points>
</Connector>
<Connector class="oracle.dbtools.crest.swingui.relational.TVFKRelation" oid="8C11E585-FFB6-7894-E45F-2F9D0031EC00" otype="FKIndexAssociation" vid_source="FFA2561C-A668-5E29-4B64-DF87C6C3B87B" vid_target="0796EB39-D93A-EFB4-0120-702001295226">
<hideElementsInCurrentOnly>false</hideElementsInCurrentOnly>
<backgroundColor>-16777216</backgroundColor>
<lineWidth>1</lineWidth>
<points>
<point x="230" y="191"/>
<point x="283" y="191"/>
</points>
</Connector>
<Connector class="oracle.dbtools.crest.swingui.relational.TVFKRelation" oid="99FFF107-1E8F-CFC3-E068-64A3329EB6FF" otype="FKIndexAssociation" vid_source="E06B29DB-5568-4741-1777-0842489FCBE0" vid_target="C86F97F3-DED0-3D7E-361C-B07AA1A465C8">
<hideElementsInCurrentOnly>false</hideElementsInCurrentOnly>
<backgroundColor>-16777216</backgroundColor>
<lineWidth>1</lineWidth>
<points>
<point x="1084" y="429"/>
<point x="1084" y="251"/>
</points>
</Connector>
<Connector class="oracle.dbtools.crest.swingui.relational.TVFKRelation" oid="9A996DD3-5787-8980-C19C-5157D3AE610E" otype="FKIndexAssociation" vid_source="713649E1-85D1-700B-8A81-16B60EFF3810" vid_target="116BDD21-AA63-DD20-4A92-9AB3D5FB4F95">
<hideElementsInCurrentOnly>false</hideElementsInCurrentOnly>
<backgroundColor>-16777216</backgroundColor>
<lineWidth>1</lineWidth>
<points>
<point x="682" y="738"/>
<point x="607" y="738"/>
</points>
</Connector>
<Connector class="oracle.dbtools.crest.swingui.relational.TVFKRelation" oid="A16E525C-5698-AFB8-8404-DF9CE91EE728" otype="FKIndexAssociation" vid_source="D4DCBBF5-7278-D959-5A54-1340DC9CD21C" vid_target="07740F05-81C5-AB70-746C-F639E36A8895">
<hideElementsInCurrentOnly>false</hideElementsInCurrentOnly>
<backgroundColor>-16777216</backgroundColor>
<lineWidth>1</lineWidth>
<points>
<point x="345" y="363"/>
<point x="630" y="363"/>
</points>
</Connector>
<Connector class="oracle.dbtools.crest.swingui.relational.TVFKRelation" oid="A364EFC1-67E1-C9CB-877D-1C2BF4547145" otype="FKIndexAssociation" vid_source="1F43D467-1750-69E7-5517-9482431C9D5C" vid_target="21E6434B-D8E7-18EF-1D92-86BDF7EAD0C3">
<hideElementsInCurrentOnly>false</hideElementsInCurrentOnly>
<backgroundColor>-16777216</backgroundColor>
<lineWidth>1</lineWidth>
<points>
<point x="1514" y="368"/>
<point x="1479" y="368"/>
</points>
</Connector>
<Connector class="oracle.dbtools.crest.swingui.relational.TVFKRelation" oid="A45BD3FE-E630-EB99-A2A2-9CC2162E3800" otype="FKIndexAssociation" vid_source="E06B29DB-5568-4741-1777-0842489FCBE0" vid_target="E041AB0C-DF57-2910-DFD0-45D1B16F5931">
<hideElementsInCurrentOnly>false</hideElementsInCurrentOnly>
<backgroundColor>-16777216</backgroundColor>
<lineWidth>1</lineWidth>
<points>
<point x="1177" y="623"/>
<point x="676" y="623"/>
</points>
</Connector>
<Connector class="oracle.dbtools.crest.swingui.relational.TVFKRelation" oid="A80FE6AC-F010-E258-0304-092B3B82BA8A" otype="FKIndexAssociation" vid_source="E06B29DB-5568-4741-1777-0842489FCBE0" vid_target="961DA0AC-BE2B-1A2D-7300-64C85DF9B228">
<hideElementsInCurrentOnly>false</hideElementsInCurrentOnly>
<backgroundColor>-16777216</backgroundColor>
<lineWidth>1</lineWidth>
<points>
<point x="1117" y="429"/>
<point x="1117" y="409"/>
</points>
</Connector>
<Connector class="oracle.dbtools.crest.swingui.relational.TVFKRelation" oid="AAF9B243-B78C-4C78-A1BB-059DFDF6E2DA" otype="FKIndexAssociation" vid_source="0796EB39-D93A-EFB4-0120-702001295226" vid_target="140CF9F0-B170-B5A8-EE3A-2BCC3F61ACA3">
<hideElementsInCurrentOnly>false</hideElementsInCurrentOnly>
<backgroundColor>-16777216</backgroundColor>
<lineWidth>1</lineWidth>
<points>
<point x="453" y="159"/>
<point x="576" y="104"/>
</points>
</Connector>
<Connector class="oracle.dbtools.crest.swingui.relational.TVFKRelation" oid="B6A68C6F-F2E8-42A7-F360-19156612CD9D" otype="FKIndexAssociation" vid_source="F495E8AB-29FE-7732-40C6-AC25B4B96D0C" vid_target="B6C34315-CC8C-3FFB-EF6B-A3BEBAD5F66F">
<hideElementsInCurrentOnly>false</hideElementsInCurrentOnly>
<backgroundColor>-16777216</backgroundColor>
<lineWidth>1</lineWidth>
<points>
<point x="880" y="1059"/>
<point x="880" y="1018"/>
</points>
</Connector>
<Connector class="oracle.dbtools.crest.swingui.relational.TVFKRelation" oid="B7C18509-18FC-23D4-9996-83C9FFDBF847" otype="FKIndexAssociation" vid_source="E06B29DB-5568-4741-1777-0842489FCBE0" vid_target="BFDAE5A3-225C-97B9-C0A3-2EC507139971">
<hideElementsInCurrentOnly>false</hideElementsInCurrentOnly>
<backgroundColor>-16777216</backgroundColor>
<lineWidth>1</lineWidth>
<points>
<point x="1177" y="673"/>
<point x="851" y="673"/>
</points>
</Connector>
<Connector class="oracle.dbtools.crest.swingui.relational.TVFKRelation" oid="B9989770-7C2B-66E7-0F2E-E36FD47493B1" otype="FKIndexAssociation" vid_source="0796EB39-D93A-EFB4-0120-702001295226" vid_target="1F926C29-D32B-7C94-BA55-5A1618CE5C02">
<hideElementsInCurrentOnly>false</hideElementsInCurrentOnly>
<backgroundColor>-16777216</backgroundColor>
<lineWidth>1</lineWidth>
<points>
<point x="453" y="199"/>
<point x="515" y="199"/>
</points>
</Connector>
<Connector class="oracle.dbtools.crest.swingui.relational.TVFKRelation" oid="BDC2FEAE-AACA-0CDD-8F1B-79562D32D6A3" otype="FKIndexAssociation" vid_source="2C02F5AE-DF1D-9773-F9DF-4E5952862BEF" vid_target="1F926C29-D32B-7C94-BA55-5A1618CE5C02">
<hideElementsInCurrentOnly>false</hideElementsInCurrentOnly>
<backgroundColor>-16777216</backgroundColor>
<lineWidth>1</lineWidth>
<points>
<point x="351" y="532"/>
<point x="558" y="256"/>
</points>
</Connector>
<Connector class="oracle.dbtools.crest.swingui.relational.TVFKRelation" oid="C6449892-3B94-1CEC-BEBD-E3E2DA090CEA" otype="FKIndexAssociation" vid_source="80D5A0FA-6E53-C5AB-9A51-27E2C4F41DAE" vid_target="89460C45-5A98-09C5-BCFC-CC3A7FB4F6A9">
<hideElementsInCurrentOnly>false</hideElementsInCurrentOnly>
<backgroundColor>-16777216</backgroundColor>
<lineWidth>1</lineWidth>
<points>
<point x="1154" y="538"/>
<point x="1284" y="538"/>
</points>
</Connector>
<Connector class="oracle.dbtools.crest.swingui.relational.TVFKRelation" oid="D35ACAE7-3671-5FEB-EC7A-2C29EABB7FC1" otype="FKIndexAssociation" vid_source="FA923D7F-6261-F014-527D-750A40C28864" vid_target="08E987DC-55B2-678A-D251-6382E2C2BE6D">
<hideElementsInCurrentOnly>false</hideElementsInCurrentOnly>
<backgroundColor>-16777216</backgroundColor>
<lineWidth>1</lineWidth>
<points>
<point x="1082" y="62"/>
<point x="952" y="62"/>
</points>
</Connector>
<Connector class="oracle.dbtools.crest.swingui.relational.TVFKRelation" oid="D64E3E89-9B2E-174E-3ADF-B685DB454DB5" otype="FKIndexAssociation" vid_source="1F926C29-D32B-7C94-BA55-5A1618CE5C02" vid_target="C86F97F3-DED0-3D7E-361C-B07AA1A465C8">
<hideElementsInCurrentOnly>false</hideElementsInCurrentOnly>
<backgroundColor>-16777216</backgroundColor>
<lineWidth>1</lineWidth>
<points>
<point x="685" y="213"/>
<point x="999" y="213"/>
</points>
</Connector>
<Connector class="oracle.dbtools.crest.swingui.relational.TVFKRelation" oid="DAD87797-9375-2D1E-9A30-AC497D009E83" otype="FKIndexAssociation" vid_source="4C5F0C5D-590D-020F-F387-35A28057A0D4" vid_target="CECC1CB8-61D4-7CFF-EE4E-8A01536391BE">
<hideElementsInCurrentOnly>false</hideElementsInCurrentOnly>
<backgroundColor>-16777216</backgroundColor>
<lineWidth>1</lineWidth>
<points>
<point x="1158" y="815"/>
<point x="1284" y="858"/>
</points>
</Connector>
<Connector class="oracle.dbtools.crest.swingui.relational.TVFKRelation" oid="E2427364-0223-8773-3928-210CED89EEC8" otype="FKIndexAssociation" vid_source="E06B29DB-5568-4741-1777-0842489FCBE0" vid_target="31AFB3FD-44D0-BACC-D489-58B56C164F5C">
<hideElementsInCurrentOnly>false</hideElementsInCurrentOnly>
<backgroundColor>-16777216</backgroundColor>
<lineWidth>1</lineWidth>
<points>
<point x="1177" y="810"/>
<point x="689" y="810"/>
</points>
</Connector>
<Connector class="oracle.dbtools.crest.swingui.relational.TVFKRelation" oid="E4D54AE5-0803-990F-22FB-DE2CAD68F96C" otype="FKIndexAssociation" vid_source="E06B29DB-5568-4741-1777-0842489FCBE0" vid_target="93DBDB22-EAC6-717C-1BF5-D868B0BB12EA">
<hideElementsInCurrentOnly>false</hideElementsInCurrentOnly>
<backgroundColor>-16777216</backgroundColor>
<lineWidth>1</lineWidth>
<points>
<point x="1177" y="555"/>
<point x="666" y="555"/>
</points>
</Connector>
<Connector class="oracle.dbtools.crest.swingui.relational.TVFKRelation" oid="F488FC49-4922-492E-45E6-DDDD70756107" otype="FKIndexAssociation" vid_source="377721D9-6DB3-4857-246A-099708E03FE6" vid_target="B6C34315-CC8C-3FFB-EF6B-A3BEBAD5F66F">
<hideElementsInCurrentOnly>false</hideElementsInCurrentOnly>
<backgroundColor>-16777216</backgroundColor>
<lineWidth>1</lineWidth>
<points>
<point x="935" y="828"/>
<point x="935" y="908"/>
</points>
</Connector>
<Connector class="oracle.dbtools.crest.swingui.relational.TVFKRelation" oid="FD7F2C0F-C3DB-0716-1E81-9B64CFD5D1FA" otype="FKIndexAssociation" vid_source="1C3844B2-4C77-18F2-B2C2-763B63E66B5A" vid_target="9E47A01F-BA1D-34D2-BF62-8D7E9B67DB27">
<hideElementsInCurrentOnly>false</hideElementsInCurrentOnly>
<backgroundColor>-16777216</backgroundColor>
<lineWidth>1</lineWidth>
<points>
<point x="1157" y="618"/>
<point x="1285" y="618"/>
</points>
</Connector>
</connectors>
<arcs>
<Arc class="oracle.dbtools.crest.swingui.relational.TVFKArc" oid="70AD1C5E-E2D7-5DCE-C671-6375FC7A1522" otype="FKArc" vid="C5A5A1A8-044A-F717-6F1A-AF7A420386D5">
<hideElementsInCurrentOnly>false</hideElementsInCurrentOnly>
<bounds x="632" y="409" width="565" height="480"/>
</Arc>
</arcs>
</Diagram>