<?xml version = '1.0' encoding = 'UTF-8'?>
<Relation class="oracle.dbtools.crest.model.design.logical.Relation" name="servHotel" directorySegmentName="seg_0" id="1B08BE30-B7F9-A121-0B7F-B27F293D545D">
<createdBy>lauramurcia</createdBy>
<createdTime>2023-10-01 04:00:44 UTC</createdTime>
<ownerDesignName>p1v2SISTRANS</ownerDesignName>
<engineerTo>
<item key="69CC09BB-D8AD-A06A-0139-262D562A040B" value="true"/>
</engineerTo>
<sourcePk>3857C445-05BA-6E95-CE7B-9ECA3387D6AE</sourcePk>
<targetPk>8AAF0981-DBE2-5191-E030-FC2DE14B6E82</targetPk>
<identifying>false</identifying>
<optionalSource>false</optionalSource>
<optionalTarget>false</optionalTarget>
<sourceCardinality>*</sourceCardinality>
<sourceEntity>269EAD11-0463-4C3A-B95D-C0CA253AE8FF</sourceEntity>
<targetCardinalityString>*</targetCardinalityString>
<targetEntity>8F552CAA-4966-CAE0-2971-53E0EB08741E</targetEntity>
<transferable>true</transferable>
<deleteRule>NO ACTION</deleteRule>
</Relation>