<?xml version = '1.0' encoding = 'UTF-8'?>
<Relation class="oracle.dbtools.crest.model.design.logical.Relation" name="maquiGym" directorySegmentName="seg_0" id="1D13CDA4-1459-074F-FA16-5900B59DF107">
<createdBy>lauramurcia</createdBy>
<createdTime>2023-10-01 04:01:28 UTC</createdTime>
<ownerDesignName>p1v2SISTRANS</ownerDesignName>
<engineerTo>
<item key="69CC09BB-D8AD-A06A-0139-262D562A040B" value="true"/>
</engineerTo>
<identifying>false</identifying>
<optionalSource>false</optionalSource>
<optionalTarget>false</optionalTarget>
<sourceCardinality>*</sourceCardinality>
<sourceEntity>52E67A0E-8D1D-65C0-F9B4-42A728BD33DD</sourceEntity>
<targetCardinalityString>*</targetCardinalityString>
<targetEntity>D73E36AE-9FD6-9BDA-4095-AD253C23E5A7</targetEntity>
<transferable>true</transferable>
<deleteRule>NO ACTION</deleteRule>
</Relation>