<?xml version = '1.0' encoding = 'UTF-8'?>
<Relation class="oracle.dbtools.crest.model.design.logical.Relation" name="tipohabis" directorySegmentName="seg_0" id="31DA1724-EC34-3B9F-6876-6C06635427A5">
<createdBy>lauramurcia</createdBy>
<createdTime>2023-10-01 04:15:25 UTC</createdTime>
<ownerDesignName>p1v2SISTRANS</ownerDesignName>
<engineerTo>
<item key="69CC09BB-D8AD-A06A-0139-262D562A040B" value="true"/>
</engineerTo>
<sourcePk>5577AFBD-18D1-B952-F7D4-D668EFB7D37A</sourcePk>
<identifying>false</identifying>
<optionalSource>false</optionalSource>
<optionalTarget>false</optionalTarget>
<sourceCardinality>1</sourceCardinality>
<sourceEntity>97E06FBF-FB24-30FF-AC66-C188EDF5712B</sourceEntity>
<targetCardinalityString>*</targetCardinalityString>
<targetEntity>BDB3A52B-3929-0F73-88FC-059CE2173BC3</targetEntity>
<transferable>true</transferable>
<deleteRule>NO ACTION</deleteRule>
</Relation>