<?xml version = '1.0' encoding = 'UTF-8'?>
<Relation class="oracle.dbtools.crest.model.design.logical.Relation" name="hotelhabi" directorySegmentName="seg_0" id="3BDAC0C2-917C-EB63-93AF-9A0B17233408">
<createdBy>lauramurcia</createdBy>
<createdTime>2023-10-01 04:15:43 UTC</createdTime>
<ownerDesignName>p1v2SISTRANS</ownerDesignName>
<engineerTo>
<item key="69CC09BB-D8AD-A06A-0139-262D562A040B" value="true"/>
</engineerTo>
<sourcePk>3857C445-05BA-6E95-CE7B-9ECA3387D6AE</sourcePk>
<identifying>false</identifying>
<optionalSource>false</optionalSource>
<optionalTarget>false</optionalTarget>
<sourceCardinality>1</sourceCardinality>
<sourceEntity>269EAD11-0463-4C3A-B95D-C0CA253AE8FF</sourceEntity>
<targetCardinalityString>*</targetCardinalityString>
<targetEntity>BDB3A52B-3929-0F73-88FC-059CE2173BC3</targetEntity>
<transferable>true</transferable>
<deleteRule>NO ACTION</deleteRule>
</Relation>