<?xml version = '1.0' encoding = 'UTF-8'?>
<Relation class="oracle.dbtools.crest.model.design.logical.Relation" name="planServ" directorySegmentName="seg_0" id="3DA47C94-DBA2-9BAC-4D65-6E94980B604D">
<createdBy>lauramurcia</createdBy>
<createdTime>2023-10-01 04:00:55 UTC</createdTime>
<ownerDesignName>p1v2SISTRANS</ownerDesignName>
<engineerTo>
<item key="69CC09BB-D8AD-A06A-0139-262D562A040B" value="true"/>
</engineerTo>
<identifying>false</identifying>
<optionalSource>false</optionalSource>
<optionalTarget>false</optionalTarget>
<sourceCardinality>*</sourceCardinality>
<sourceEntity>218C96C8-277F-E9AD-D326-96D576B65E59</sourceEntity>
<targetCardinalityString>*</targetCardinalityString>
<targetEntity>8F552CAA-4966-CAE0-2971-53E0EB08741E</targetEntity>
<transferable>true</transferable>
<deleteRule>NO ACTION</deleteRule>
<attributes itemClass="oracle.dbtools.crest.model.design.logical.Attribute">
<attribute name="descuento" id="796669C6-A7D3-39EF-F40D-9B3BE54DAF94">
<createdBy>lauramurcia</createdBy>
<createdTime>2023-10-01 04:07:04 UTC</createdTime>
<ownerDesignName>p1v2SISTRANS</ownerDesignName>
<engineerTo>
<item key="69CC09BB-D8AD-A06A-0139-262D562A040B" value="true"/>
</engineerTo>
<useDomainConstraints>false</useDomainConstraints>
<use>1</use>
<logicalDatatype>LOGDT021</logicalDatatype>
<ownDataTypeParameters>,,</ownDataTypeParameters>
</attribute>
</attributes>
</Relation>