<?xml version = '1.0' encoding = 'UTF-8'?>
<Relation class="oracle.dbtools.crest.model.design.logical.Relation" name="reservConsu" directorySegmentName="seg_0" id="3DABC234-4FD1-CAF2-CB57-FA18E7AF5C23">
<createdBy>lauramurcia</createdBy>
<createdTime>2023-10-01 03:59:52 UTC</createdTime>
<ownerDesignName>p1v2SISTRANS</ownerDesignName>
<engineerTo>
<item key="69CC09BB-D8AD-A06A-0139-262D562A040B" value="true"/>
</engineerTo>
<sourcePk>9EBA1B0E-E39D-FB08-657A-4D56573B314E</sourcePk>
<identifying>false</identifying>
<optionalSource>false</optionalSource>
<optionalTarget>false</optionalTarget>
<sourceCardinality>1</sourceCardinality>
<sourceEntity>9AEFEF04-ECA6-6B71-B83B-074BB5219BE5</sourceEntity>
<targetCardinalityString>*</targetCardinalityString>
<targetEntity>B9F5D592-EB44-355F-1A25-76E6D7219BFC</targetEntity>
<transferable>true</transferable>
<deleteRule>NO ACTION</deleteRule>
</Relation>