<?xml version = '1.0' encoding = 'UTF-8'?>
<Relation class="oracle.dbtools.crest.model.design.logical.Relation" name="horarioGym" directorySegmentName="seg_0" id="449E0B35-8EC0-F3E4-62AE-9DD8BF3C4587">
<createdBy>lauramurcia</createdBy>
<createdTime>2023-10-01 04:01:13 UTC</createdTime>
<ownerDesignName>p1v2SISTRANS</ownerDesignName>
<engineerTo>
<item key="69CC09BB-D8AD-A06A-0139-262D562A040B" value="true"/>
</engineerTo>
<identifying>false</identifying>
<optionalSource>false</optionalSource>
<optionalTarget>false</optionalTarget>
<sourceCardinality>*</sourceCardinality>
<sourceEntity>52E67A0E-8D1D-65C0-F9B4-42A728BD33DD</sourceEntity>
<targetCardinalityString>*</targetCardinalityString>
<targetEntity>E368D959-908C-E5E6-4C88-3603F743136B</targetEntity>
<transferable>true</transferable>
<deleteRule>NO ACTION</deleteRule>
</Relation>