<?xml version = '1.0' encoding = 'UTF-8'?>
<Relation class="oracle.dbtools.crest.model.design.logical.Relation" name="habiProd" directorySegmentName="seg_0" id="70B72718-DA19-C6EE-C260-C33E5AEF031B">
<createdBy>lauramurcia</createdBy>
<createdTime>2023-10-01 04:15:09 UTC</createdTime>
<ownerDesignName>p1v2SISTRANS</ownerDesignName>
<engineerTo>
<item key="69CC09BB-D8AD-A06A-0139-262D562A040B" value="true"/>
</engineerTo>
<sourcePk>E6E9BD3A-66D5-0F82-C003-CC463AF57042</sourcePk>
<identifying>false</identifying>
<optionalSource>false</optionalSource>
<optionalTarget>false</optionalTarget>
<sourceCardinality>1</sourceCardinality>
<sourceEntity>BDB3A52B-3929-0F73-88FC-059CE2173BC3</sourceEntity>
<targetCardinalityString>*</targetCardinalityString>
<targetEntity>A12458F1-E240-0AA7-FA5F-C6F5C2F20C9C</targetEntity>
<transferable>true</transferable>
<deleteRule>NO ACTION</deleteRule>
</Relation>