<?xml version = '1.0' encoding = 'UTF-8'?>
<Relation class="oracle.dbtools.crest.model.design.logical.Relation" name="horarioPisc" directorySegmentName="seg_0" id="AC65D1BD-C18C-A5E4-4571-6820BEE31635">
<createdBy>lauramurcia</createdBy>
<createdTime>2023-10-01 04:01:08 UTC</createdTime>
<ownerDesignName>p1v2SISTRANS</ownerDesignName>
<engineerTo>
<item key="69CC09BB-D8AD-A06A-0139-262D562A040B" value="true"/>
</engineerTo>
<identifying>false</identifying>
<optionalSource>false</optionalSource>
<optionalTarget>false</optionalTarget>
<sourceCardinality>*</sourceCardinality>
<sourceEntity>128A625C-274C-6BE3-08E2-0599A8DBADE4</sourceEntity>
<targetCardinalityString>*</targetCardinalityString>
<targetEntity>E368D959-908C-E5E6-4C88-3603F743136B</targetEntity>
<transferable>true</transferable>
<deleteRule>NO ACTION</deleteRule>
</Relation>