<?xml version = '1.0' encoding = 'UTF-8'?>
<Relation class="oracle.dbtools.crest.model.design.logical.Relation" name="consumHabi" directorySegmentName="seg_0" id="ACF70068-08D0-B18A-659A-B64CAF088D49">
<createdBy>lauramurcia</createdBy>
<createdTime>2023-10-01 03:59:42 UTC</createdTime>
<ownerDesignName>p1v2SISTRANS</ownerDesignName>
<engineerTo>
<item key="69CC09BB-D8AD-A06A-0139-262D562A040B" value="true"/>
</engineerTo>
<identifying>false</identifying>
<optionalSource>false</optionalSource>
<optionalTarget>false</optionalTarget>
<sourceCardinality>*</sourceCardinality>
<sourceEntity>A12458F1-E240-0AA7-FA5F-C6F5C2F20C9C</sourceEntity>
<targetCardinalityString>*</targetCardinalityString>
<targetEntity>B9F5D592-EB44-355F-1A25-76E6D7219BFC</targetEntity>
<transferable>true</transferable>
<deleteRule>NO ACTION</deleteRule>
<attributes itemClass="oracle.dbtools.crest.model.design.logical.Attribute">
<attribute name="cantidad" id="01903964-7E93-4DD7-2010-D23DDB9B2E4B">
<createdBy>lauramurcia</createdBy>
<createdTime>2023-10-01 04:02:14 UTC</createdTime>
<ownerDesignName>p1v2SISTRANS</ownerDesignName>
<engineerTo>
<item key="69CC09BB-D8AD-A06A-0139-262D562A040B" value="true"/>
</engineerTo>
<useDomainConstraints>false</useDomainConstraints>
<use>1</use>
<logicalDatatype>LOGDT011</logicalDatatype>
<ownDataTypeParameters>,,</ownDataTypeParameters>
</attribute>
<attribute name="costo" id="FEE8D6A9-B2A3-94A7-D97D-837B2CEC94CE">
<createdBy>lauramurcia</createdBy>
<createdTime>2023-10-01 04:02:23 UTC</createdTime>
<ownerDesignName>p1v2SISTRANS</ownerDesignName>
<engineerTo>
<item key="69CC09BB-D8AD-A06A-0139-262D562A040B" value="true"/>
</engineerTo>
<useDomainConstraints>false</useDomainConstraints>
<use>1</use>
<logicalDatatype>LOGDT021</logicalDatatype>
<ownDataTypeParameters>,,</ownDataTypeParameters>
</attribute>
</attributes>
</Relation>