<?xml version = '1.0' encoding = 'UTF-8'?>
<Relation class="oracle.dbtools.crest.model.design.logical.Relation" name="servConsum" directorySegmentName="seg_0" id="B4C300D6-858A-9A33-9670-8E74185BB7F4">
<createdBy>lauramurcia</createdBy>
<createdTime>2023-10-01 23:29:57 UTC</createdTime>
<ownerDesignName>p1v2SISTRANS</ownerDesignName>
<engineerTo>
<item key="69CC09BB-D8AD-A06A-0139-262D562A040B" value="true"/>
</engineerTo>
<identifying>false</identifying>
<optionalSource>false</optionalSource>
<optionalTarget>false</optionalTarget>
<sourceCardinality>*</sourceCardinality>
<sourceEntity>8F552CAA-4966-CAE0-2971-53E0EB08741E</sourceEntity>
<targetCardinalityString>*</targetCardinalityString>
<targetEntity>9AEFEF04-ECA6-6B71-B83B-074BB5219BE5</targetEntity>
<transferable>true</transferable>
<deleteRule>NO ACTION</deleteRule>
<attributes itemClass="oracle.dbtools.crest.model.design.logical.Attribute">
<attribute name="fecha" id="C0460468-4D28-0BE0-A97E-90A81613807C">
<createdBy>lauramurcia</createdBy>
<createdTime>2023-10-01 23:30:32 UTC</createdTime>
<ownerDesignName>p1v2SISTRANS</ownerDesignName>
<engineerTo>
<item key="69CC09BB-D8AD-A06A-0139-262D562A040B" value="true"/>
</engineerTo>
<useDomainConstraints>false</useDomainConstraints>
<use>1</use>
<logicalDatatype>LOGDT007</logicalDatatype>
<ownDataTypeParameters>,,</ownDataTypeParameters>
</attribute>
</attributes>
</Relation>