<?xml version = '1.0' encoding = 'UTF-8'?>
<Relation class="oracle.dbtools.crest.model.design.logical.Relation" name="hotelPlan" directorySegmentName="seg_0" id="BA1838FD-D82F-3ACD-4516-9BC3C453BB24">
<createdBy>lauramurcia</createdBy>
<createdTime>2023-10-01 04:00:21 UTC</createdTime>
<ownerDesignName>p1v2SISTRANS</ownerDesignName>
<engineerTo>
<item key="69CC09BB-D8AD-A06A-0139-262D562A040B" value="true"/>
</engineerTo>
<sourcePk>3857C445-05BA-6E95-CE7B-9ECA3387D6AE</sourcePk>
<identifying>false</identifying>
<optionalSource>false</optionalSource>
<optionalTarget>false</optionalTarget>
<sourceCardinality>1</sourceCardinality>
<sourceEntity>269EAD11-0463-4C3A-B95D-C0CA253AE8FF</sourceEntity>
<targetCardinalityString>*</targetCardinalityString>
<targetEntity>218C96C8-277F-E9AD-D326-96D576B65E59</targetEntity>
<transferable>true</transferable>
<deleteRule>NO ACTION</deleteRule>
</Relation>