<?xml version = '1.0' encoding = 'UTF-8'?>
<Relation class="oracle.dbtools.crest.model.design.logical.Relation" name="usuHotel" directorySegmentName="seg_0" id="C238118C-1DC0-447E-CECA-4677B93F780A">
<createdBy>lauramurcia</createdBy>
<createdTime>2023-10-01 04:00:13 UTC</createdTime>
<ownerDesignName>p1v2SISTRANS</ownerDesignName>
<engineerTo>
<item key="69CC09BB-D8AD-A06A-0139-262D562A040B" value="true"/>
</engineerTo>
<sourcePk>3857C445-05BA-6E95-CE7B-9ECA3387D6AE</sourcePk>
<identifying>false</identifying>
<optionalSource>false</optionalSource>
<optionalTarget>false</optionalTarget>
<sourceCardinality>1</sourceCardinality>
<sourceEntity>269EAD11-0463-4C3A-B95D-C0CA253AE8FF</sourceEntity>
<targetCardinalityString>*</targetCardinalityString>
<targetEntity>8D0420BC-1E1E-81F7-8B2E-E0FB279AAFBD</targetEntity>
<transferable>true</transferable>
<deleteRule>NO ACTION</deleteRule>
</Relation>