<?xml version = '1.0' encoding = 'UTF-8'?>
<Relation class="oracle.dbtools.crest.model.design.logical.Relation" name="reservan" directorySegmentName="seg_0" id="E02C14EE-A4D8-3B86-5582-BAAC2D8277C3">
<createdBy>lauramurcia</createdBy>
<createdTime>2023-10-01 04:00:07 UTC</createdTime>
<ownerDesignName>p1v2SISTRANS</ownerDesignName>
<engineerTo>
<item key="69CC09BB-D8AD-A06A-0139-262D562A040B" value="true"/>
</engineerTo>
<identifying>false</identifying>
<optionalSource>false</optionalSource>
<optionalTarget>false</optionalTarget>
<sourceCardinality>*</sourceCardinality>
<sourceEntity>9AEFEF04-ECA6-6B71-B83B-074BB5219BE5</sourceEntity>
<targetCardinalityString>*</targetCardinalityString>
<targetEntity>8D0420BC-1E1E-81F7-8B2E-E0FB279AAFBD</targetEntity>
<transferable>true</transferable>
<deleteRule>NO ACTION</deleteRule>
</Relation>