<?xml version = '1.0' encoding = 'UTF-8'?>
<FKArc class="oracle.dbtools.crest.model.design.relational.FKArc" directorySegmentName="seg_0" id="521B7B07-17C2-53AC-627C-432E836DEA61" name="FKArc_2">
<createdBy>lauramurcia</createdBy>
<createdTime>2023-10-01 05:39:13 UTC</createdTime>
<ownerDesignName>p1v2SISTRANS</ownerDesignName>
<mandatory>false</mandatory>
<reverseArc>true</reverseArc>
<table>D1ACD67C-355E-0910-6EA9-D12CDB3371B0</table>
<discriminatorColumn>27483FDE-5B2A-1682-9DD2-2E0894C7ECC3</discriminatorColumn>
<fkeys>
<fkeyID>F9BC75DC-2F36-F136-7E21-D9A65ACF16E5</fkeyID>
<fkeyID>35F62B3D-092F-11C2-7A98-A75441193976</fkeyID>
</fkeys>
</FKArc>