<?xml version = '1.0' encoding = 'UTF-8'?>
<Table class="oracle.dbtools.crest.model.design.relational.Table" directorySegmentName="seg_0" id="25A6D783-1671-CD42-A71B-EC46CF51164E" name="maquiGym">
<createdBy>lauramurcia</createdBy>
<createdTime>2023-10-01 05:39:13 UTC</createdTime>
<ownerDesignName>p1v2SISTRANS</ownerDesignName>
<allowColumnReorder>false</allowColumnReorder>
<existDependencyGenerateInDDl>true</existDependencyGenerateInDDl>
<parsed>true</parsed>
<columns itemClass="oracle.dbtools.crest.model.design.relational.Column">
<Column name="Gimnasios_idServicio" id="15CF507D-4E3F-6B1D-E790-42112F0E4D79">
<createdBy>lauramurcia</createdBy>
<createdTime>2023-10-01 05:39:13 UTC</createdTime>
<ownerDesignName>p1v2SISTRANS</ownerDesignName>
<useDomainConstraints>false</useDomainConstraints>
<use>1</use>
<logicalDatatype>LOGDT011</logicalDatatype>
<ownDataTypeParameters>,,</ownDataTypeParameters>
<previousColumn>false</previousColumn>
<autoIncrementCycle>false</autoIncrementCycle>
<associations>
<colAssociation fkAssociation="0345F98E-26A4-3627-BBAD-64E859A29D9E" referredColumn="B0BB1DBE-DD9D-EAAD-0F7B-1B06C0428F48"/>
</associations>
</Column>
<Column name="Maquinas_Maquinas_ID" id="114AD00A-3F1B-DA2A-27E7-B17C579B7EF1">
<createdBy>lauramurcia</createdBy>
<createdTime>2023-10-01 05:39:13 UTC</createdTime>
<ownerDesignName>p1v2SISTRANS</ownerDesignName>
<useDomainConstraints>false</useDomainConstraints>
<use>1</use>
<logicalDatatype>LOGDT019</logicalDatatype>
<ownDataTypeParameters>,,</ownDataTypeParameters>
<previousColumn>false</previousColumn>
<autoIncrementCycle>false</autoIncrementCycle>
<associations>
<colAssociation fkAssociation="FEDA52FC-F323-A093-D681-7D475325C04B" referredColumn="9A1528D8-10C9-13B2-C172-54AA60A6D8DC"/>
</associations>
</Column>
</columns>
<indexes itemClass="oracle.dbtools.crest.model.design.relational.Index">
<ind_PK_UK id="9CD0BF14-1BB3-F874-9F67-189DE39438A2" name="maquiGym_PK">
<createdBy>lauramurcia</createdBy>
<createdTime>2023-10-01 05:39:13 UTC</createdTime>
<ownerDesignName>p1v2SISTRANS</ownerDesignName>
<pk>true</pk>
<indexState>Primary Constraint</indexState>
<isSurrogateKey>false</isSurrogateKey>
<indexColumnUsage>
<colUsage columnID="15CF507D-4E3F-6B1D-E790-42112F0E4D79"/>
<colUsage columnID="114AD00A-3F1B-DA2A-27E7-B17C579B7EF1"/>
</indexColumnUsage>
</ind_PK_UK>
<ind_PK_UK id="731B858B-6F54-A3A5-AF10-2DCF60DC5DC6" name="maquiGym_Gimnasios_FK">
<createdBy>lauramurcia</createdBy>
<createdTime>2023-10-01 05:39:13 UTC</createdTime>
<generatorID>1D13CDA4-1459-074F-FA16-5900B59DF107</generatorID>
<ownerDesignName>p1v2SISTRANS</ownerDesignName>
<indexState>Foreign Key</indexState>
<isSurrogateKey>false</isSurrogateKey>
<indexColumnUsage>
<colUsage columnID="15CF507D-4E3F-6B1D-E790-42112F0E4D79"/>
</indexColumnUsage>
</ind_PK_UK>
<ind_PK_UK id="54E0E53A-5A85-8B2C-5B31-47749CD01BB9" name="maquiGym_Maquinas_FK">
<createdBy>lauramurcia</createdBy>
<createdTime>2023-10-01 05:39:13 UTC</createdTime>
<generatorID>1D13CDA4-1459-074F-FA16-5900B59DF107</generatorID>
<ownerDesignName>p1v2SISTRANS</ownerDesignName>
<indexState>Foreign Key</indexState>
<isSurrogateKey>false</isSurrogateKey>
<indexColumnUsage>
<colUsage columnID="114AD00A-3F1B-DA2A-27E7-B17C579B7EF1"/>
</indexColumnUsage>
</ind_PK_UK>
</indexes>
</Table>