<?xml version = '1.0' encoding = 'UTF-8'?>
<Table class="oracle.dbtools.crest.model.design.relational.Table" directorySegmentName="seg_0" id="26D4D6B4-A716-D21B-7339-C3861BF5FD36" name="horarioPisc">
<createdBy>lauramurcia</createdBy>
<createdTime>2023-10-01 05:39:13 UTC</createdTime>
<ownerDesignName>p1v2SISTRANS</ownerDesignName>
<allowColumnReorder>false</allowColumnReorder>
<existDependencyGenerateInDDl>true</existDependencyGenerateInDDl>
<parsed>true</parsed>
<columns itemClass="oracle.dbtools.crest.model.design.relational.Column">
<Column name="Piscinas_idServicio" id="4F52E17A-6C8F-8D22-8201-BE17A421CF54">
<createdBy>lauramurcia</createdBy>
<createdTime>2023-10-01 05:39:13 UTC</createdTime>
<ownerDesignName>p1v2SISTRANS</ownerDesignName>
<useDomainConstraints>false</useDomainConstraints>
<use>1</use>
<logicalDatatype>LOGDT011</logicalDatatype>
<ownDataTypeParameters>,,</ownDataTypeParameters>
<previousColumn>false</previousColumn>
<autoIncrementCycle>false</autoIncrementCycle>
<associations>
<colAssociation fkAssociation="A73682AA-6906-7C14-167B-487793D4C4A7" referredColumn="CE07E3E0-C6EC-A47C-B0B1-6E7CAE210D77"/>
</associations>
</Column>
<Column name="Horarios_idServicio" id="3504DFAC-0183-7C63-A7E5-F1F1CF8855FF">
<createdBy>lauramurcia</createdBy>
<createdTime>2023-10-01 05:39:13 UTC</createdTime>
<ownerDesignName>p1v2SISTRANS</ownerDesignName>
<useDomainConstraints>false</useDomainConstraints>
<use>1</use>
<logicalDatatype>LOGDT011</logicalDatatype>
<ownDataTypeParameters>,,</ownDataTypeParameters>
<previousColumn>false</previousColumn>
<autoIncrementCycle>false</autoIncrementCycle>
<associations>
<colAssociation fkAssociation="5EFF23E5-FF33-2BF8-8AA5-75493BC0F6FA" referredColumn="90E379A9-1C9C-70FB-A87F-4C972D54A404"/>
</associations>
</Column>
</columns>
<indexes itemClass="oracle.dbtools.crest.model.design.relational.Index">
<ind_PK_UK id="6588A71A-AD1F-7EAA-4D87-D1C097B25B7B" name="horarioPisc_PK">
<createdBy>lauramurcia</createdBy>
<createdTime>2023-10-01 05:39:13 UTC</createdTime>
<ownerDesignName>p1v2SISTRANS</ownerDesignName>
<pk>true</pk>
<indexState>Primary Constraint</indexState>
<isSurrogateKey>false</isSurrogateKey>
<indexColumnUsage>
<colUsage columnID="4F52E17A-6C8F-8D22-8201-BE17A421CF54"/>
<colUsage columnID="3504DFAC-0183-7C63-A7E5-F1F1CF8855FF"/>
</indexColumnUsage>
</ind_PK_UK>
<ind_PK_UK id="D5818EC1-1DC4-A5E2-C6FF-A057004C83BE" name="horarioPisc_Piscinas_FK">
<createdBy>lauramurcia</createdBy>
<createdTime>2023-10-01 05:39:13 UTC</createdTime>
<generatorID>AC65D1BD-C18C-A5E4-4571-6820BEE31635</generatorID>
<ownerDesignName>p1v2SISTRANS</ownerDesignName>
<indexState>Foreign Key</indexState>
<isSurrogateKey>false</isSurrogateKey>
<indexColumnUsage>
<colUsage columnID="4F52E17A-6C8F-8D22-8201-BE17A421CF54"/>
</indexColumnUsage>
</ind_PK_UK>
<ind_PK_UK id="A23E7CB7-1CAD-C98D-0E64-BD47D153AD3D" name="horarioPisc_Horarios_FK">
<createdBy>lauramurcia</createdBy>
<createdTime>2023-10-01 05:39:13 UTC</createdTime>
<generatorID>AC65D1BD-C18C-A5E4-4571-6820BEE31635</generatorID>
<ownerDesignName>p1v2SISTRANS</ownerDesignName>
<indexState>Foreign Key</indexState>
<isSurrogateKey>false</isSurrogateKey>
<indexColumnUsage>
<colUsage columnID="3504DFAC-0183-7C63-A7E5-F1F1CF8855FF"/>
</indexColumnUsage>
</ind_PK_UK>
</indexes>
</Table>