<?xml version = '1.0' encoding = 'UTF-8'?>
<Table class="oracle.dbtools.crest.model.design.relational.Table" directorySegmentName="seg_0" id="4C5D277E-97E8-C6D3-5458-A68F715FAE2D" name="consumHabi">
<createdBy>lauramurcia</createdBy>
<createdTime>2023-10-01 05:39:13 UTC</createdTime>
<ownerDesignName>p1v2SISTRANS</ownerDesignName>
<allowColumnReorder>false</allowColumnReorder>
<existDependencyGenerateInDDl>true</existDependencyGenerateInDDl>
<parsed>true</parsed>
<columns itemClass="oracle.dbtools.crest.model.design.relational.Column">
<Column name="productsHabi_producto" id="BEF8F3D9-8C49-84C1-316B-3BC97C26ED88">
<createdBy>lauramurcia</createdBy>
<createdTime>2023-10-01 05:39:13 UTC</createdTime>
<ownerDesignName>p1v2SISTRANS</ownerDesignName>
<useDomainConstraints>false</useDomainConstraints>
<use>1</use>
<logicalDatatype>LOGDT011</logicalDatatype>
<ownDataTypeParameters>,,</ownDataTypeParameters>
<previousColumn>false</previousColumn>
<autoIncrementCycle>false</autoIncrementCycle>
<associations>
<colAssociation fkAssociation="9B8E6853-8204-2076-3A06-80FC78D7FD58" referredColumn="26D105E5-61D8-7A2D-F71A-37A183012EAA"/>
</associations>
</Column>
<Column name="cuentaConsu_idCuenta" id="A9462E50-962B-B2F3-495D-27A2959DBE55">
<createdBy>lauramurcia</createdBy>
<createdTime>2023-10-01 05:39:13 UTC</createdTime>
<ownerDesignName>p1v2SISTRANS</ownerDesignName>
<useDomainConstraints>false</useDomainConstraints>
<use>1</use>
<logicalDatatype>LOGDT011</logicalDatatype>
<ownDataTypeParameters>,,</ownDataTypeParameters>
<previousColumn>false</previousColumn>
<autoIncrementCycle>false</autoIncrementCycle>
<associations>
<colAssociation fkAssociation="4EA987A8-0499-0895-539F-5D4E6D91C1FE" referredColumn="54198330-8A98-4EBD-7E1F-8FFFF0C448CC"/>
</associations>
</Column>
<Column name="cantidad" id="B948333B-C6E2-D975-DFEA-8B1F9F7C77E3">
<createdBy>lauramurcia</createdBy>
<createdTime>2023-10-01 05:39:13 UTC</createdTime>
<generatorID>01903964-7E93-4DD7-2010-D23DDB9B2E4B</generatorID>
<ownerDesignName>p1v2SISTRANS</ownerDesignName>
<useDomainConstraints>false</useDomainConstraints>
<use>1</use>
<logicalDatatype>LOGDT011</logicalDatatype>
<ownDataTypeParameters>,,</ownDataTypeParameters>
<autoIncrementCycle>false</autoIncrementCycle>
<isRelationshipColumn>true</isRelationshipColumn>
<isDependOnFK_AsMandatory>true</isDependOnFK_AsMandatory>
</Column>
<Column name="costo" id="6B239354-9D80-2F94-EA73-7C94B430685D">
<createdBy>lauramurcia</createdBy>
<createdTime>2023-10-01 05:39:13 UTC</createdTime>
<generatorID>FEE8D6A9-B2A3-94A7-D97D-837B2CEC94CE</generatorID>
<ownerDesignName>p1v2SISTRANS</ownerDesignName>
<useDomainConstraints>false</useDomainConstraints>
<use>1</use>
<logicalDatatype>LOGDT021</logicalDatatype>
<ownDataTypeParameters>,,</ownDataTypeParameters>
<autoIncrementCycle>false</autoIncrementCycle>
<isRelationshipColumn>true</isRelationshipColumn>
<isDependOnFK_AsMandatory>true</isDependOnFK_AsMandatory>
</Column>
</columns>
<indexes itemClass="oracle.dbtools.crest.model.design.relational.Index">
<ind_PK_UK id="E5F513B6-E67A-9F5C-F3C0-D7F17F8DA94C" name="consumHabi_PK">
<createdBy>lauramurcia</createdBy>
<createdTime>2023-10-01 05:39:13 UTC</createdTime>
<ownerDesignName>p1v2SISTRANS</ownerDesignName>
<pk>true</pk>
<indexState>Primary Constraint</indexState>
<isSurrogateKey>false</isSurrogateKey>
<indexColumnUsage>
<colUsage columnID="BEF8F3D9-8C49-84C1-316B-3BC97C26ED88"/>
<colUsage columnID="A9462E50-962B-B2F3-495D-27A2959DBE55"/>
</indexColumnUsage>
</ind_PK_UK>
<ind_PK_UK id="73D04CBA-2032-AAB1-2420-1984F2598FB3" name="consumHabi_productsHabi_FK">
<createdBy>lauramurcia</createdBy>
<createdTime>2023-10-01 05:39:13 UTC</createdTime>
<generatorID>ACF70068-08D0-B18A-659A-B64CAF088D49</generatorID>
<ownerDesignName>p1v2SISTRANS</ownerDesignName>
<indexState>Foreign Key</indexState>
<isSurrogateKey>false</isSurrogateKey>
<indexColumnUsage>
<colUsage columnID="BEF8F3D9-8C49-84C1-316B-3BC97C26ED88"/>
</indexColumnUsage>
</ind_PK_UK>
<ind_PK_UK id="176DEC4C-72E2-B63E-841B-1E53C115FDAA" name="consumHabi_cuentaConsu_FK">
<createdBy>lauramurcia</createdBy>
<createdTime>2023-10-01 05:39:13 UTC</createdTime>
<generatorID>ACF70068-08D0-B18A-659A-B64CAF088D49</generatorID>
<ownerDesignName>p1v2SISTRANS</ownerDesignName>
<indexState>Foreign Key</indexState>
<isSurrogateKey>false</isSurrogateKey>
<indexColumnUsage>
<colUsage columnID="A9462E50-962B-B2F3-495D-27A2959DBE55"/>
</indexColumnUsage>
</ind_PK_UK>
</indexes>
</Table>