<?xml version = '1.0' encoding = 'UTF-8'?>
<Table class="oracle.dbtools.crest.model.design.relational.Table" directorySegmentName="seg_0" id="53EC7C7D-A771-4006-269C-35FB03FECBD7" name="cuentaConsu">
<createdBy>lauramurcia</createdBy>
<createdTime>2023-10-01 05:37:24 UTC</createdTime>
<generatorID>B9F5D592-EB44-355F-1A25-76E6D7219BFC</generatorID>
<ownerDesignName>p1v2SISTRANS</ownerDesignName>
<allowColumnReorder>false</allowColumnReorder>
<existDependencyGenerateInDDl>true</existDependencyGenerateInDDl>
<parsed>true</parsed>
<columns itemClass="oracle.dbtools.crest.model.design.relational.Column">
<Column name="pagado" id="0B097758-79B9-106B-4D3C-DD3865DE6A9A">
<createdBy>lauramurcia</createdBy>
<createdTime>2023-10-01 05:37:24 UTC</createdTime>
<generatorID>CB02A4DD-6C9C-F5DE-1E91-2AE5D4785440</generatorID>
<ownerDesignName>p1v2SISTRANS</ownerDesignName>
<useDomainConstraints>false</useDomainConstraints>
<use>1</use>
<logicalDatatype>LOGDT006</logicalDatatype>
<dataTypeSize>1</dataTypeSize>
<ownDataTypeParameters>1,,</ownDataTypeParameters>
<autoIncrementCycle>false</autoIncrementCycle>
</Column>
<Column name="idCuenta" id="54198330-8A98-4EBD-7E1F-8FFFF0C448CC">
<createdBy>lauramurcia</createdBy>
<createdTime>2023-10-01 05:37:24 UTC</createdTime>
<generatorID>F8AEED3A-E0B1-D76D-5680-6C0BF78BBD1C</generatorID>
<ownerDesignName>p1v2SISTRANS</ownerDesignName>
<useDomainConstraints>false</useDomainConstraints>
<use>1</use>
<logicalDatatype>LOGDT011</logicalDatatype>
<ownDataTypeParameters>,,</ownDataTypeParameters>
<autoIncrementColumn>true</autoIncrementColumn>
<autoIncrementCycle>false</autoIncrementCycle>
</Column>
<Column name="Reservas_idReserva" id="BC1CD390-3B33-DA55-7DDB-3C5F1B16E0CA">
<createdBy>lauramurcia</createdBy>
<createdTime>2023-10-01 05:37:24 UTC</createdTime>
<generatorID>93320B74-EC68-5BF2-F35E-BEC07D820C2A</generatorID>
<ownerDesignName>p1v2SISTRANS</ownerDesignName>
<useDomainConstraints>false</useDomainConstraints>
<use>1</use>
<logicalDatatype>LOGDT011</logicalDatatype>
<ownDataTypeParameters>,,</ownDataTypeParameters>
<previousColumn>false</previousColumn>
<autoIncrementCycle>false</autoIncrementCycle>
<associations>
<colAssociation fkAssociation="812D5DCB-5AF5-906A-5968-C35870A236F6" referredColumn="4703B661-D4DB-B059-2E20-69DFC2DF5F28"/>
</associations>
</Column>
</columns>
<indexes itemClass="oracle.dbtools.crest.model.design.relational.Index">
<ind_PK_UK id="42299489-A8DD-882A-187B-BCB92A8D3F2C" name="cuentaConsu_PK">
<createdBy>lauramurcia</createdBy>
<createdTime>2023-10-01 05:37:24 UTC</createdTime>
<generatorID>F78378FD-F274-A61E-F074-3B274F33476F</generatorID>
<ownerDesignName>p1v2SISTRANS</ownerDesignName>
<pk>true</pk>
<indexState>Primary Constraint</indexState>
<isSurrogateKey>false</isSurrogateKey>
<indexColumnUsage>
<colUsage columnID="54198330-8A98-4EBD-7E1F-8FFFF0C448CC"/>
</indexColumnUsage>
</ind_PK_UK>
<ind_PK_UK id="C1B50753-67D6-EB72-6C8A-506EC3778DCF" name="cuentaConsu_Reservas_FK">
<createdBy>lauramurcia</createdBy>
<createdTime>2023-10-01 05:39:13 UTC</createdTime>
<generatorID>3DABC234-4FD1-CAF2-CB57-FA18E7AF5C23</generatorID>
<ownerDesignName>p1v2SISTRANS</ownerDesignName>
<indexState>Foreign Key</indexState>
<isSurrogateKey>false</isSurrogateKey>
<indexColumnUsage>
<colUsage columnID="BC1CD390-3B33-DA55-7DDB-3C5F1B16E0CA"/>
</indexColumnUsage>
</ind_PK_UK>
</indexes>
</Table>