<?xml version = '1.0' encoding = 'UTF-8'?>
<Table class="oracle.dbtools.crest.model.design.relational.Table" directorySegmentName="seg_0" id="5EAF0442-4A0D-581C-27BE-C2DDD5D9AF23" name="planServ">
<createdBy>lauramurcia</createdBy>
<createdTime>2023-10-01 05:39:13 UTC</createdTime>
<ownerDesignName>p1v2SISTRANS</ownerDesignName>
<allowColumnReorder>false</allowColumnReorder>
<existDependencyGenerateInDDl>true</existDependencyGenerateInDDl>
<parsed>true</parsed>
<columns itemClass="oracle.dbtools.crest.model.design.relational.Column">
<Column name="PlanesConsum_tipo" id="8772420B-E51C-0688-1925-164EAEFF0F12">
<createdBy>lauramurcia</createdBy>
<createdTime>2023-10-01 05:39:13 UTC</createdTime>
<ownerDesignName>p1v2SISTRANS</ownerDesignName>
<useDomainConstraints>false</useDomainConstraints>
<use>1</use>
<logicalDatatype>LOGDT024</logicalDatatype>
<dataTypeSize>200</dataTypeSize>
<ownDataTypeParameters>200,,</ownDataTypeParameters>
<previousColumn>false</previousColumn>
<autoIncrementCycle>false</autoIncrementCycle>
<associations>
<colAssociation fkAssociation="6FD68BFA-0C48-7D62-098F-64D385279C6A" referredColumn="C0371925-024C-B9E6-C0F7-D87612B30E49"/>
</associations>
</Column>
<Column name="Servicios_idServicio" id="385CD935-5593-C191-9A1C-85CE98AFFE16">
<createdBy>lauramurcia</createdBy>
<createdTime>2023-10-01 05:39:13 UTC</createdTime>
<ownerDesignName>p1v2SISTRANS</ownerDesignName>
<useDomainConstraints>false</useDomainConstraints>
<use>1</use>
<logicalDatatype>LOGDT011</logicalDatatype>
<ownDataTypeParameters>,,</ownDataTypeParameters>
<previousColumn>false</previousColumn>
<autoIncrementCycle>false</autoIncrementCycle>
<associations>
<colAssociation fkAssociation="0C78FD66-9AB1-36E7-4376-AD0524351BA9" referredColumn="12936427-4DD8-B59B-A9B7-5F687E2CE31C"/>
</associations>
</Column>
<Column name="descuento" id="E58EDCDA-54C6-B493-3C9F-6CABB4C7AF97">
<createdBy>lauramurcia</createdBy>
<createdTime>2023-10-01 05:39:13 UTC</createdTime>
<generatorID>796669C6-A7D3-39EF-F40D-9B3BE54DAF94</generatorID>
<ownerDesignName>p1v2SISTRANS</ownerDesignName>
<useDomainConstraints>false</useDomainConstraints>
<use>1</use>
<logicalDatatype>LOGDT021</logicalDatatype>
<ownDataTypeParameters>,,</ownDataTypeParameters>
<autoIncrementCycle>false</autoIncrementCycle>
<isRelationshipColumn>true</isRelationshipColumn>
<isDependOnFK_AsMandatory>true</isDependOnFK_AsMandatory>
</Column>
</columns>
<indexes itemClass="oracle.dbtools.crest.model.design.relational.Index">
<ind_PK_UK id="E91524D6-9324-A1BD-06F0-F3CEBBD9CBE3" name="planServ_PK">
<createdBy>lauramurcia</createdBy>
<createdTime>2023-10-01 05:39:13 UTC</createdTime>
<ownerDesignName>p1v2SISTRANS</ownerDesignName>
<pk>true</pk>
<indexState>Primary Constraint</indexState>
<isSurrogateKey>false</isSurrogateKey>
<indexColumnUsage>
<colUsage columnID="8772420B-E51C-0688-1925-164EAEFF0F12"/>
<colUsage columnID="385CD935-5593-C191-9A1C-85CE98AFFE16"/>
</indexColumnUsage>
</ind_PK_UK>
<ind_PK_UK id="38F21B87-1E8D-3E52-360C-EBD0E099B310" name="planServ_PlanesConsum_FK">
<createdBy>lauramurcia</createdBy>
<createdTime>2023-10-01 05:39:13 UTC</createdTime>
<generatorID>3DA47C94-DBA2-9BAC-4D65-6E94980B604D</generatorID>
<ownerDesignName>p1v2SISTRANS</ownerDesignName>
<indexState>Foreign Key</indexState>
<isSurrogateKey>false</isSurrogateKey>
<indexColumnUsage>
<colUsage columnID="8772420B-E51C-0688-1925-164EAEFF0F12"/>
</indexColumnUsage>
</ind_PK_UK>
<ind_PK_UK id="6F6581C6-05D3-9688-3BBE-F8E04F8E6E85" name="planServ_Servicios_FK">
<createdBy>lauramurcia</createdBy>
<createdTime>2023-10-01 05:39:13 UTC</createdTime>
<generatorID>3DA47C94-DBA2-9BAC-4D65-6E94980B604D</generatorID>
<ownerDesignName>p1v2SISTRANS</ownerDesignName>
<indexState>Foreign Key</indexState>
<isSurrogateKey>false</isSurrogateKey>
<indexColumnUsage>
<colUsage columnID="385CD935-5593-C191-9A1C-85CE98AFFE16"/>
</indexColumnUsage>
</ind_PK_UK>
</indexes>
</Table>