<?xml version = '1.0' encoding = 'UTF-8'?>
<Table class="oracle.dbtools.crest.model.design.relational.Table" directorySegmentName="seg_0" id="66BEB27E-9B17-7B94-93F3-D273671E64C4" name="servConsum">
<createdBy>lauramurcia</createdBy>
<createdTime>2023-10-02 00:41:07 UTC</createdTime>
<ownerDesignName>p1v2SISTRANS</ownerDesignName>
<ordsAlias>serviciosconsumidos</ordsAlias>
<allowColumnReorder>false</allowColumnReorder>
<existDependencyGenerateInDDl>true</existDependencyGenerateInDDl>
<parsed>true</parsed>
<columns itemClass="oracle.dbtools.crest.model.design.relational.Column">
<Column name="Servicios_idServicio" id="F301F33E-8DBB-597D-3E95-6462F6DE00E7">
<createdBy>lauramurcia</createdBy>
<createdTime>2023-10-02 00:41:07 UTC</createdTime>
<ownerDesignName>p1v2SISTRANS</ownerDesignName>
<useDomainConstraints>false</useDomainConstraints>
<use>1</use>
<logicalDatatype>LOGDT011</logicalDatatype>
<ownDataTypeParameters>,,</ownDataTypeParameters>
<previousColumn>false</previousColumn>
<autoIncrementCycle>false</autoIncrementCycle>
<associations>
<colAssociation fkAssociation="038E31B5-7279-6F00-49AE-67736590F3E7" referredColumn="12936427-4DD8-B59B-A9B7-5F687E2CE31C"/>
</associations>
</Column>
<Column name="Reservas_idReserva" id="FE89FC7D-6F0D-7EEC-405D-5F5607ECEC8A">
<createdBy>lauramurcia</createdBy>
<createdTime>2023-10-02 00:41:07 UTC</createdTime>
<ownerDesignName>p1v2SISTRANS</ownerDesignName>
<useDomainConstraints>false</useDomainConstraints>
<use>1</use>
<logicalDatatype>LOGDT011</logicalDatatype>
<ownDataTypeParameters>,,</ownDataTypeParameters>
<previousColumn>false</previousColumn>
<autoIncrementCycle>false</autoIncrementCycle>
<associations>
<colAssociation fkAssociation="74006AE2-5F58-8B94-00B6-96231729634E" referredColumn="4703B661-D4DB-B059-2E20-69DFC2DF5F28"/>
</associations>
</Column>
<Column name="fecha" id="C992CD70-63AB-ECBC-23B5-CE97293B55C5">
<createdBy>lauramurcia</createdBy>
<createdTime>2023-10-02 00:41:07 UTC</createdTime>
<generatorID>C0460468-4D28-0BE0-A97E-90A81613807C</generatorID>
<ownerDesignName>p1v2SISTRANS</ownerDesignName>
<useDomainConstraints>false</useDomainConstraints>
<use>1</use>
<logicalDatatype>LOGDT007</logicalDatatype>
<ownDataTypeParameters>,,</ownDataTypeParameters>
<autoIncrementCycle>false</autoIncrementCycle>
<isRelationshipColumn>true</isRelationshipColumn>
<isDependOnFK_AsMandatory>true</isDependOnFK_AsMandatory>
</Column>
</columns>
<indexes itemClass="oracle.dbtools.crest.model.design.relational.Index">
<ind_PK_UK id="66B525DB-2197-4258-4DF7-E2A2DDECACF3" name="servConsum_PK">
<createdBy>lauramurcia</createdBy>
<createdTime>2023-10-02 00:41:07 UTC</createdTime>
<ownerDesignName>p1v2SISTRANS</ownerDesignName>
<pk>true</pk>
<indexState>Primary Constraint</indexState>
<isSurrogateKey>false</isSurrogateKey>
<indexColumnUsage>
<colUsage columnID="F301F33E-8DBB-597D-3E95-6462F6DE00E7"/>
<colUsage columnID="FE89FC7D-6F0D-7EEC-405D-5F5607ECEC8A"/>
</indexColumnUsage>
</ind_PK_UK>
<ind_PK_UK id="39AF4C5B-7C63-EB15-AA69-0C72C0C23244" name="servConsum_Reservas_FK">
<createdBy>lauramurcia</createdBy>
<createdTime>2023-10-02 00:41:07 UTC</createdTime>
<generatorID>B4C300D6-858A-9A33-9670-8E74185BB7F4</generatorID>
<ownerDesignName>p1v2SISTRANS</ownerDesignName>
<indexState>Foreign Key</indexState>
<isSurrogateKey>false</isSurrogateKey>
<indexColumnUsage>
<colUsage columnID="FE89FC7D-6F0D-7EEC-405D-5F5607ECEC8A"/>
</indexColumnUsage>
</ind_PK_UK>
<ind_PK_UK id="4A53E559-BE72-808C-89D2-6722B259B860" name="servConsum_Servicios_FK">
<createdBy>lauramurcia</createdBy>
<createdTime>2023-10-02 00:41:07 UTC</createdTime>
<generatorID>B4C300D6-858A-9A33-9670-8E74185BB7F4</generatorID>
<ownerDesignName>p1v2SISTRANS</ownerDesignName>
<indexState>Foreign Key</indexState>
<isSurrogateKey>false</isSurrogateKey>
<indexColumnUsage>
<colUsage columnID="F301F33E-8DBB-597D-3E95-6462F6DE00E7"/>
</indexColumnUsage>
</ind_PK_UK>
</indexes>
</Table>