<?xml version = '1.0' encoding = 'UTF-8'?>
<Table class="oracle.dbtools.crest.model.design.relational.Table" directorySegmentName="seg_0" id="789D548B-7C21-3459-C7A9-64F0BDB0CF1E" name="Habitaciones">
<createdBy>lauramurcia</createdBy>
<createdTime>2023-10-01 05:37:24 UTC</createdTime>
<generatorID>BDB3A52B-3929-0F73-88FC-059CE2173BC3</generatorID>
<ownerDesignName>p1v2SISTRANS</ownerDesignName>
<allowColumnReorder>false</allowColumnReorder>
<existDependencyGenerateInDDl>true</existDependencyGenerateInDDl>
<parsed>true</parsed>
<columns itemClass="oracle.dbtools.crest.model.design.relational.Column">
<Column name="id" id="1F27D502-83D7-7376-AA2F-9CE7A36FB5C6">
<createdBy>lauramurcia</createdBy>
<createdTime>2023-10-01 05:37:24 UTC</createdTime>
<generatorID>A337CDBE-4335-21EB-CEE6-768123D34312</generatorID>
<ownerDesignName>p1v2SISTRANS</ownerDesignName>
<sourceType>System</sourceType>
<useDomainConstraints>false</useDomainConstraints>
<use>1</use>
<logicalDatatype>LOGDT011</logicalDatatype>
<ownDataTypeParameters>,,</ownDataTypeParameters>
<autoIncrementColumn>true</autoIncrementColumn>
<autoIncrementCycle>false</autoIncrementCycle>
</Column>
<Column name="tv" id="1E89A2E4-068B-F511-63F2-6D874347180B">
<createdBy>lauramurcia</createdBy>
<createdTime>2023-10-01 05:37:24 UTC</createdTime>
<generatorID>4E671238-9094-CE1A-D7B9-E59E29F37222</generatorID>
<ownerDesignName>p1v2SISTRANS</ownerDesignName>
<useDomainConstraints>false</useDomainConstraints>
<use>1</use>
<logicalDatatype>LOGDT006</logicalDatatype>
<dataTypeSize>1</dataTypeSize>
<ownDataTypeParameters>1,,</ownDataTypeParameters>
<autoIncrementCycle>false</autoIncrementCycle>
</Column>
<Column name="minibar" id="1D52BD55-8D1D-7854-D067-B186C39C5344">
<createdBy>lauramurcia</createdBy>
<createdTime>2023-10-01 05:37:24 UTC</createdTime>
<generatorID>B0C86007-BE5D-FA10-C893-906A844BF5D7</generatorID>
<ownerDesignName>p1v2SISTRANS</ownerDesignName>
<useDomainConstraints>false</useDomainConstraints>
<use>1</use>
<logicalDatatype>LOGDT006</logicalDatatype>
<dataTypeSize>1</dataTypeSize>
<ownDataTypeParameters>1,,</ownDataTypeParameters>
<autoIncrementCycle>false</autoIncrementCycle>
</Column>
<Column name="cafetera" id="FB60B625-C460-EA8E-F6B6-968E8A0BDF1C">
<createdBy>lauramurcia</createdBy>
<createdTime>2023-10-01 05:37:24 UTC</createdTime>
<generatorID>03700A3E-120A-E0ED-DFB8-1A0BF9780BAD</generatorID>
<ownerDesignName>p1v2SISTRANS</ownerDesignName>
<useDomainConstraints>false</useDomainConstraints>
<use>1</use>
<logicalDatatype>LOGDT006</logicalDatatype>
<dataTypeSize>1</dataTypeSize>
<ownDataTypeParameters>1,,</ownDataTypeParameters>
<autoIncrementCycle>false</autoIncrementCycle>
</Column>
<Column name="tipoHabi_tipo" id="50069B1A-DB06-9579-C26D-6EF2BD92D0D1">
<createdBy>lauramurcia</createdBy>
<createdTime>2023-10-01 05:37:24 UTC</createdTime>
<generatorID>ADB00602-6FC5-9BD1-276F-1E98F938F381</generatorID>
<ownerDesignName>p1v2SISTRANS</ownerDesignName>
<useDomainConstraints>false</useDomainConstraints>
<use>1</use>
<logicalDatatype>LOGDT024</logicalDatatype>
<dataTypeSize>200</dataTypeSize>
<ownDataTypeParameters>,,</ownDataTypeParameters>
<previousColumn>false</previousColumn>
<autoIncrementCycle>false</autoIncrementCycle>
<associations>
<colAssociation fkAssociation="71DB0618-B0A0-52BD-5612-2EAFEB7795FA" referredColumn="1470973D-52EF-90DD-C7A5-0D6712594360"/>
</associations>
</Column>
<Column name="Hoteles_nombreHotel" id="763CFB28-283F-AA47-C08D-375F07A29847">
<createdBy>lauramurcia</createdBy>
<createdTime>2023-10-01 05:37:24 UTC</createdTime>
<generatorID>7DEEFB4F-1544-96C8-10C2-D736A410CDD0</generatorID>
<ownerDesignName>p1v2SISTRANS</ownerDesignName>
<useDomainConstraints>false</useDomainConstraints>
<use>1</use>
<logicalDatatype>LOGDT024</logicalDatatype>
<dataTypeSize>200</dataTypeSize>
<ownDataTypeParameters>,,</ownDataTypeParameters>
<previousColumn>false</previousColumn>
<autoIncrementCycle>false</autoIncrementCycle>
<associations>
<colAssociation fkAssociation="4182A788-3844-C5A3-6585-4DE478632142" referredColumn="249D03E6-0D39-3D4A-9CC3-230CAC53ED1D"/>
</associations>
</Column>
</columns>
<indexes itemClass="oracle.dbtools.crest.model.design.relational.Index">
<ind_PK_UK id="CD95DB31-9B44-5892-1985-271BA09DD4D1" name="Habitaciones_PK">
<createdBy>lauramurcia</createdBy>
<createdTime>2023-10-01 05:37:24 UTC</createdTime>
<generatorID>E6E9BD3A-66D5-0F82-C003-CC463AF57042</generatorID>
<ownerDesignName>p1v2SISTRANS</ownerDesignName>
<pk>true</pk>
<indexState>Primary Constraint</indexState>
<isSurrogateKey>false</isSurrogateKey>
<indexColumnUsage>
<colUsage columnID="1F27D502-83D7-7376-AA2F-9CE7A36FB5C6"/>
</indexColumnUsage>
</ind_PK_UK>
<ind_PK_UK id="102AAC89-543A-4236-A4BD-8F7578BF3997" name="Habitaciones_Hoteles_FK">
<createdBy>lauramurcia</createdBy>
<createdTime>2023-10-01 05:39:13 UTC</createdTime>
<generatorID>3BDAC0C2-917C-EB63-93AF-9A0B17233408</generatorID>
<ownerDesignName>p1v2SISTRANS</ownerDesignName>
<indexState>Foreign Key</indexState>
<isSurrogateKey>false</isSurrogateKey>
<indexColumnUsage>
<colUsage columnID="763CFB28-283F-AA47-C08D-375F07A29847"/>
</indexColumnUsage>
</ind_PK_UK>
<ind_PK_UK id="246C4EEF-4967-921B-3659-163BB2BE8706" name="Habitaciones_tipoHabi_FK">
<createdBy>lauramurcia</createdBy>
<createdTime>2023-10-01 05:39:13 UTC</createdTime>
<generatorID>31DA1724-EC34-3B9F-6876-6C06635427A5</generatorID>
<ownerDesignName>p1v2SISTRANS</ownerDesignName>
<indexState>Foreign Key</indexState>
<isSurrogateKey>false</isSurrogateKey>
<indexColumnUsage>
<colUsage columnID="50069B1A-DB06-9579-C26D-6EF2BD92D0D1"/>
</indexColumnUsage>
</ind_PK_UK>
</indexes>
</Table>