<?xml version = '1.0' encoding = 'UTF-8'?>
<Table class="oracle.dbtools.crest.model.design.relational.Table" directorySegmentName="seg_0" id="9367EAC1-AE43-1595-636C-8436E4808FE8" name="Piscinas">
<createdBy>lauramurcia</createdBy>
<createdTime>2023-10-01 05:37:24 UTC</createdTime>
<generatorID>128A625C-274C-6BE3-08E2-0599A8DBADE4</generatorID>
<ownerDesignName>p1v2SISTRANS</ownerDesignName>
<allowColumnReorder>false</allowColumnReorder>
<existDependencyGenerateInDDl>true</existDependencyGenerateInDDl>
<parsed>true</parsed>
<columns itemClass="oracle.dbtools.crest.model.design.relational.Column">
<Column name="idServicio" id="CE07E3E0-C6EC-A47C-B0B1-6E7CAE210D77">
<createdBy>lauramurcia</createdBy>
<createdTime>2023-10-01 05:38:45 UTC</createdTime>
<generatorID>B64DCE92-96A7-0D52-3DE4-7CBBC9B8049F</generatorID>
<ownerDesignName>p1v2SISTRANS</ownerDesignName>
<useDomainConstraints>false</useDomainConstraints>
<use>1</use>
<logicalDatatype>LOGDT011</logicalDatatype>
<ownDataTypeParameters>,,</ownDataTypeParameters>
<autoIncrementCycle>false</autoIncrementCycle>
<associations>
<colAssociation fkAssociation="35F62B3D-092F-11C2-7A98-A75441193976" referredColumn="12936427-4DD8-B59B-A9B7-5F687E2CE31C"/>
</associations>
</Column>
<Column name="capacidad" id="385013A1-8776-CECA-758F-5C4E2E34B728">
<createdBy>lauramurcia</createdBy>
<createdTime>2023-10-01 05:39:13 UTC</createdTime>
<generatorID>12056F87-E663-C5D3-2687-FB5B6E8BEF73</generatorID>
<ownerDesignName>p1v2SISTRANS</ownerDesignName>
<useDomainConstraints>false</useDomainConstraints>
<use>1</use>
<logicalDatatype>LOGDT011</logicalDatatype>
<ownDataTypeParameters>,,</ownDataTypeParameters>
<autoIncrementCycle>false</autoIncrementCycle>
</Column>
<Column name="profundidad" id="124315FA-F41F-1C18-7D9D-47BAEACB620B">
<createdBy>lauramurcia</createdBy>
<createdTime>2023-10-01 05:39:13 UTC</createdTime>
<generatorID>6AA301C2-3DC2-AF8F-BABB-B342FAC6A790</generatorID>
<ownerDesignName>p1v2SISTRANS</ownerDesignName>
<useDomainConstraints>false</useDomainConstraints>
<use>1</use>
<logicalDatatype>LOGDT021</logicalDatatype>
<ownDataTypeParameters>,,</ownDataTypeParameters>
<autoIncrementCycle>false</autoIncrementCycle>
</Column>
<Column name="costo" id="90F4571C-0B39-5FAC-6DDD-4189E1D31637">
<createdBy>lauramurcia</createdBy>
<createdTime>2023-10-01 05:39:13 UTC</createdTime>
<generatorID>1DAAF824-37C3-4437-9861-9A4B1268EFB9</generatorID>
<ownerDesignName>p1v2SISTRANS</ownerDesignName>
<useDomainConstraints>false</useDomainConstraints>
<use>1</use>
<logicalDatatype>LOGDT021</logicalDatatype>
<ownDataTypeParameters>,,</ownDataTypeParameters>
<autoIncrementCycle>false</autoIncrementCycle>
</Column>
</columns>
<indexes itemClass="oracle.dbtools.crest.model.design.relational.Index">
<ind_PK_UK id="161A8FB5-8D72-FDBE-DB79-47AD6B771E0B" name="Piscinas_PK">
<createdBy>lauramurcia</createdBy>
<createdTime>2023-10-01 05:38:45 UTC</createdTime>
<generatorID>8AAF0981-DBE2-5191-E030-FC2DE14B6E82</generatorID>
<ownerDesignName>p1v2SISTRANS</ownerDesignName>
<pk>true</pk>
<indexState>Primary Constraint</indexState>
<isSurrogateKey>false</isSurrogateKey>
<indexColumnUsage>
<colUsage columnID="CE07E3E0-C6EC-A47C-B0B1-6E7CAE210D77"/>
</indexColumnUsage>
</ind_PK_UK>
<ind_PK_UK id="CB96D962-4029-EE79-27FD-93D6AA19BAA9" name="Piscinas_Servicios_FK">
<createdBy>lauramurcia</createdBy>
<createdTime>2023-10-01 05:39:13 UTC</createdTime>
<generatorID>3BE86079-D71A-E494-AEB6-143EDB655831</generatorID>
<ownerDesignName>p1v2SISTRANS</ownerDesignName>
<indexState>Foreign Key</indexState>
<isSurrogateKey>false</isSurrogateKey>
<indexColumnUsage>
<colUsage columnID="CE07E3E0-C6EC-A47C-B0B1-6E7CAE210D77"/>
</indexColumnUsage>
</ind_PK_UK>
</indexes>
</Table>