<?xml version = '1.0' encoding = 'UTF-8'?>
<Table class="oracle.dbtools.crest.model.design.relational.Table" directorySegmentName="seg_0" id="94C70641-6C00-DD67-6144-218730CCC379" name="Gimnasios">
<createdBy>lauramurcia</createdBy>
<createdTime>2023-10-01 05:37:24 UTC</createdTime>
<generatorID>52E67A0E-8D1D-65C0-F9B4-42A728BD33DD</generatorID>
<ownerDesignName>p1v2SISTRANS</ownerDesignName>
<allowColumnReorder>false</allowColumnReorder>
<existDependencyGenerateInDDl>true</existDependencyGenerateInDDl>
<parsed>true</parsed>
<columns itemClass="oracle.dbtools.crest.model.design.relational.Column">
<Column name="idServicio" id="B0BB1DBE-DD9D-EAAD-0F7B-1B06C0428F48">
<createdBy>lauramurcia</createdBy>
<createdTime>2023-10-01 05:37:29 UTC</createdTime>
<generatorID>B64DCE92-96A7-0D52-3DE4-7CBBC9B8049F</generatorID>
<ownerDesignName>p1v2SISTRANS</ownerDesignName>
<useDomainConstraints>false</useDomainConstraints>
<use>1</use>
<logicalDatatype>LOGDT011</logicalDatatype>
<ownDataTypeParameters>,,</ownDataTypeParameters>
<autoIncrementCycle>false</autoIncrementCycle>
<associations>
<colAssociation fkAssociation="F9BC75DC-2F36-F136-7E21-D9A65ACF16E5" referredColumn="12936427-4DD8-B59B-A9B7-5F687E2CE31C"/>
</associations>
</Column>
<Column name="capacidad" id="3627338A-F1B4-45C6-0D5F-3E05A254576E">
<createdBy>lauramurcia</createdBy>
<createdTime>2023-10-01 05:38:45 UTC</createdTime>
<generatorID>EEAA76F6-747D-8231-93E2-7B45E264C34F</generatorID>
<ownerDesignName>p1v2SISTRANS</ownerDesignName>
<useDomainConstraints>false</useDomainConstraints>
<use>1</use>
<logicalDatatype>LOGDT011</logicalDatatype>
<ownDataTypeParameters>,,</ownDataTypeParameters>
<autoIncrementCycle>false</autoIncrementCycle>
</Column>
<Column name="costo" id="1936C9E7-8934-74A3-F98F-775AE86FF9CE">
<createdBy>lauramurcia</createdBy>
<createdTime>2023-10-01 05:38:45 UTC</createdTime>
<generatorID>D4F79EB2-D9D3-D055-CD54-58CDD73796F8</generatorID>
<ownerDesignName>p1v2SISTRANS</ownerDesignName>
<useDomainConstraints>false</useDomainConstraints>
<use>1</use>
<logicalDatatype>LOGDT021</logicalDatatype>
<ownDataTypeParameters>,,</ownDataTypeParameters>
<autoIncrementCycle>false</autoIncrementCycle>
</Column>
</columns>
<indexes itemClass="oracle.dbtools.crest.model.design.relational.Index">
<ind_PK_UK id="A8CFE647-DA09-26C7-908C-D251FCF7857C" name="Gimnasios_PK">
<createdBy>lauramurcia</createdBy>
<createdTime>2023-10-01 05:37:29 UTC</createdTime>
<generatorID>8AAF0981-DBE2-5191-E030-FC2DE14B6E82</generatorID>
<ownerDesignName>p1v2SISTRANS</ownerDesignName>
<pk>true</pk>
<indexState>Primary Constraint</indexState>
<isSurrogateKey>false</isSurrogateKey>
<indexColumnUsage>
<colUsage columnID="B0BB1DBE-DD9D-EAAD-0F7B-1B06C0428F48"/>
</indexColumnUsage>
</ind_PK_UK>
<ind_PK_UK id="407E439C-B57E-9C1F-C0E4-8FFCF28BAF65" name="Gimnasios_Servicios_FK">
<createdBy>lauramurcia</createdBy>
<createdTime>2023-10-01 05:39:13 UTC</createdTime>
<generatorID>5F9AE387-7D93-5F57-8DAE-29B85BBAFD72</generatorID>
<ownerDesignName>p1v2SISTRANS</ownerDesignName>
<indexState>Foreign Key</indexState>
<isSurrogateKey>false</isSurrogateKey>
<indexColumnUsage>
<colUsage columnID="B0BB1DBE-DD9D-EAAD-0F7B-1B06C0428F48"/>
</indexColumnUsage>
</ind_PK_UK>
</indexes>
</Table>