<?xml version = '1.0' encoding = 'UTF-8'?>
<Table class="oracle.dbtools.crest.model.design.relational.Table" directorySegmentName="seg_0" id="A86263D4-FD22-35D8-8752-2A78B98ED2A0" name="servHotel">
<createdBy>lauramurcia</createdBy>
<createdTime>2023-10-01 20:20:32 UTC</createdTime>
<ownerDesignName>p1v2SISTRANS</ownerDesignName>
<allowColumnReorder>false</allowColumnReorder>
<existDependencyGenerateInDDl>true</existDependencyGenerateInDDl>
<parsed>true</parsed>
<columns itemClass="oracle.dbtools.crest.model.design.relational.Column">
<Column name="Hoteles_nombreHotel" id="D3E67CE6-9C79-86CD-3BF2-279BBF5A5E60">
<createdBy>lauramurcia</createdBy>
<createdTime>2023-10-01 20:20:32 UTC</createdTime>
<ownerDesignName>p1v2SISTRANS</ownerDesignName>
<useDomainConstraints>false</useDomainConstraints>
<use>1</use>
<logicalDatatype>LOGDT024</logicalDatatype>
<dataTypeSize>200</dataTypeSize>
<ownDataTypeParameters>,,</ownDataTypeParameters>
<previousColumn>false</previousColumn>
<autoIncrementCycle>false</autoIncrementCycle>
<associations>
<colAssociation fkAssociation="133A241D-EE3D-0E63-D65D-79AEC52B9BA7" referredColumn="249D03E6-0D39-3D4A-9CC3-230CAC53ED1D"/>
</associations>
</Column>
<Column name="Servicios_idServicio" id="4D9C9075-89C4-36AC-C5C7-FC3ACF5FECB3">
<createdBy>lauramurcia</createdBy>
<createdTime>2023-10-01 20:20:32 UTC</createdTime>
<ownerDesignName>p1v2SISTRANS</ownerDesignName>
<useDomainConstraints>false</useDomainConstraints>
<use>1</use>
<logicalDatatype>LOGDT011</logicalDatatype>
<ownDataTypeParameters>,,</ownDataTypeParameters>
<previousColumn>false</previousColumn>
<autoIncrementCycle>false</autoIncrementCycle>
<associations>
<colAssociation fkAssociation="7E065089-6655-14A0-BD86-AD6F944B9927" referredColumn="12936427-4DD8-B59B-A9B7-5F687E2CE31C"/>
</associations>
</Column>
</columns>
<indexes itemClass="oracle.dbtools.crest.model.design.relational.Index">
<ind_PK_UK id="3F133B63-A713-0FA5-ADCC-C743697799E1" name="servHotel_PK">
<createdBy>lauramurcia</createdBy>
<createdTime>2023-10-01 20:20:32 UTC</createdTime>
<ownerDesignName>p1v2SISTRANS</ownerDesignName>
<pk>true</pk>
<indexState>Primary Constraint</indexState>
<isSurrogateKey>false</isSurrogateKey>
<indexColumnUsage>
<colUsage columnID="D3E67CE6-9C79-86CD-3BF2-279BBF5A5E60"/>
<colUsage columnID="4D9C9075-89C4-36AC-C5C7-FC3ACF5FECB3"/>
</indexColumnUsage>
</ind_PK_UK>
<ind_PK_UK id="222721A4-62AD-23E5-86DD-77D2915913A2" name="servHotel_Hoteles_FK">
<createdBy>lauramurcia</createdBy>
<createdTime>2023-10-01 20:20:32 UTC</createdTime>
<generatorID>1B08BE30-B7F9-A121-0B7F-B27F293D545D</generatorID>
<ownerDesignName>p1v2SISTRANS</ownerDesignName>
<indexState>Foreign Key</indexState>
<isSurrogateKey>false</isSurrogateKey>
<indexColumnUsage>
<colUsage columnID="D3E67CE6-9C79-86CD-3BF2-279BBF5A5E60"/>
</indexColumnUsage>
</ind_PK_UK>
<ind_PK_UK id="EC09EE84-24D2-80F1-FCB4-F2E92144C1BF" name="servHotel_Servicios_FK">
<createdBy>lauramurcia</createdBy>
<createdTime>2023-10-01 20:20:32 UTC</createdTime>
<generatorID>1B08BE30-B7F9-A121-0B7F-B27F293D545D</generatorID>
<ownerDesignName>p1v2SISTRANS</ownerDesignName>
<indexState>Foreign Key</indexState>
<isSurrogateKey>false</isSurrogateKey>
<indexColumnUsage>
<colUsage columnID="4D9C9075-89C4-36AC-C5C7-FC3ACF5FECB3"/>
</indexColumnUsage>
</ind_PK_UK>
</indexes>
</Table>