<?xml version = '1.0' encoding = 'UTF-8'?>
<Table class="oracle.dbtools.crest.model.design.relational.Table" directorySegmentName="seg_0" id="AACC4731-5A74-7434-28A5-A96F64FD1F83" name="Usuarios">
<createdBy>lauramurcia</createdBy>
<createdTime>2023-10-01 05:37:24 UTC</createdTime>
<generatorID>8D0420BC-1E1E-81F7-8B2E-E0FB279AAFBD</generatorID>
<ownerDesignName>p1v2SISTRANS</ownerDesignName>
<allowColumnReorder>false</allowColumnReorder>
<existDependencyGenerateInDDl>true</existDependencyGenerateInDDl>
<parsed>true</parsed>
<columns itemClass="oracle.dbtools.crest.model.design.relational.Column">
<Column name="idUsuario" id="7C11365A-034E-533F-D0C6-CC0966E1E120">
<createdBy>lauramurcia</createdBy>
<createdTime>2023-10-01 05:37:24 UTC</createdTime>
<generatorID>873ADBEE-2C35-D7DE-69F7-3BA80CF71DE8</generatorID>
<ownerDesignName>p1v2SISTRANS</ownerDesignName>
<useDomainConstraints>false</useDomainConstraints>
<use>1</use>
<logicalDatatype>LOGDT011</logicalDatatype>
<ownDataTypeParameters>,,</ownDataTypeParameters>
<autoIncrementCycle>false</autoIncrementCycle>
</Column>
<Column name="nombreUsuario" id="920BF747-3CDF-1996-E41C-D3DEA16E9591">
<createdBy>lauramurcia</createdBy>
<createdTime>2023-10-01 05:37:24 UTC</createdTime>
<generatorID>75105AB8-A0EB-BB4F-86A3-246E0928286F</generatorID>
<ownerDesignName>p1v2SISTRANS</ownerDesignName>
<useDomainConstraints>false</useDomainConstraints>
<use>1</use>
<logicalDatatype>LOGDT024</logicalDatatype>
<dataTypeSize>200</dataTypeSize>
<ownDataTypeParameters>200,,</ownDataTypeParameters>
<autoIncrementCycle>false</autoIncrementCycle>
</Column>
<Column name="email" id="BB564F17-64E3-4ADC-F56D-510D82777A3E">
<createdBy>lauramurcia</createdBy>
<createdTime>2023-10-01 05:37:24 UTC</createdTime>
<generatorID>A5D631D2-A2F1-DD24-0A61-76E100C451BA</generatorID>
<ownerDesignName>p1v2SISTRANS</ownerDesignName>
<useDomainConstraints>false</useDomainConstraints>
<use>1</use>
<logicalDatatype>LOGDT024</logicalDatatype>
<dataTypeSize>200</dataTypeSize>
<ownDataTypeParameters>200,,</ownDataTypeParameters>
<autoIncrementCycle>false</autoIncrementCycle>
</Column>
<Column name="rol" id="1FCACC5D-1431-2972-BADF-6EE9E4263B10">
<createdBy>lauramurcia</createdBy>
<createdTime>2023-10-01 05:37:24 UTC</createdTime>
<generatorID>7A89FBD9-22F7-15AE-3B53-AB42DF31091D</generatorID>
<ownerDesignName>p1v2SISTRANS</ownerDesignName>
<useDomainConstraints>false</useDomainConstraints>
<use>1</use>
<logicalDatatype>LOGDT024</logicalDatatype>
<dataTypeSize>200</dataTypeSize>
<ownDataTypeParameters>200,,</ownDataTypeParameters>
<autoIncrementCycle>false</autoIncrementCycle>
</Column>
<Column name="Hoteles_nombreHotel" id="D3EEAA9F-1D30-AB10-32B3-59334BDF328B">
<createdBy>lauramurcia</createdBy>
<createdTime>2023-10-01 05:37:24 UTC</createdTime>
<generatorID>C80BFA3D-38E6-2586-5C4C-CA712191FB77</generatorID>
<ownerDesignName>p1v2SISTRANS</ownerDesignName>
<useDomainConstraints>false</useDomainConstraints>
<use>1</use>
<logicalDatatype>LOGDT024</logicalDatatype>
<dataTypeSize>200</dataTypeSize>
<ownDataTypeParameters>,,</ownDataTypeParameters>
<previousColumn>false</previousColumn>
<autoIncrementCycle>false</autoIncrementCycle>
<associations>
<colAssociation fkAssociation="D21EDBEC-56FF-DDE5-79AE-132E7B06C129" referredColumn="249D03E6-0D39-3D4A-9CC3-230CAC53ED1D"/>
</associations>
</Column>
<Column name="tipoID" id="9B2D265C-ADB0-7218-EA7C-BDD763CD60F0">
<createdBy>lauramurcia</createdBy>
<createdTime>2023-10-01 05:37:24 UTC</createdTime>
<generatorID>9CB6F09B-C539-6A88-B5E9-91F4C4061FDC</generatorID>
<ownerDesignName>p1v2SISTRANS</ownerDesignName>
<useDomainConstraints>false</useDomainConstraints>
<use>1</use>
<logicalDatatype>LOGDT024</logicalDatatype>
<dataTypeSize>200</dataTypeSize>
<ownDataTypeParameters>200,,</ownDataTypeParameters>
<autoIncrementCycle>false</autoIncrementCycle>
</Column>
</columns>
<indexes itemClass="oracle.dbtools.crest.model.design.relational.Index">
<ind_PK_UK id="82647BA6-6206-3EC3-1E6A-C2D359575CCD" name="Usuarios_PK">
<createdBy>lauramurcia</createdBy>
<createdTime>2023-10-01 05:37:24 UTC</createdTime>
<generatorID>48F69960-6430-59D2-AE81-4E1503A369A8</generatorID>
<ownerDesignName>p1v2SISTRANS</ownerDesignName>
<pk>true</pk>
<indexState>Primary Constraint</indexState>
<isSurrogateKey>false</isSurrogateKey>
<indexColumnUsage>
<colUsage columnID="7C11365A-034E-533F-D0C6-CC0966E1E120"/>
</indexColumnUsage>
</ind_PK_UK>
<ind_PK_UK id="329B8466-64BE-4902-CF4F-3C3D07485047" name="Usuarios_Hoteles_FK">
<createdBy>lauramurcia</createdBy>
<createdTime>2023-10-01 05:39:13 UTC</createdTime>
<generatorID>C238118C-1DC0-447E-CECA-4677B93F780A</generatorID>
<ownerDesignName>p1v2SISTRANS</ownerDesignName>
<indexState>Foreign Key</indexState>
<isSurrogateKey>false</isSurrogateKey>
<indexColumnUsage>
<colUsage columnID="D3EEAA9F-1D30-AB10-32B3-59334BDF328B"/>
</indexColumnUsage>
</ind_PK_UK>
</indexes>
</Table>