<?xml version = '1.0' encoding = 'UTF-8'?>
<Table class="oracle.dbtools.crest.model.design.relational.Table" directorySegmentName="seg_0" id="AEB5A382-7853-C0EC-6B0B-57C5C0A82AC1" name="reservan">
<createdBy>lauramurcia</createdBy>
<createdTime>2023-10-01 05:39:13 UTC</createdTime>
<ownerDesignName>p1v2SISTRANS</ownerDesignName>
<allowColumnReorder>false</allowColumnReorder>
<existDependencyGenerateInDDl>true</existDependencyGenerateInDDl>
<parsed>true</parsed>
<columns itemClass="oracle.dbtools.crest.model.design.relational.Column">
<Column name="Reservas_idReserva" id="06F706ED-0F3D-F99F-E253-2D8790C0AC32">
<createdBy>lauramurcia</createdBy>
<createdTime>2023-10-01 05:39:13 UTC</createdTime>
<ownerDesignName>p1v2SISTRANS</ownerDesignName>
<useDomainConstraints>false</useDomainConstraints>
<use>1</use>
<logicalDatatype>LOGDT011</logicalDatatype>
<ownDataTypeParameters>,,</ownDataTypeParameters>
<previousColumn>false</previousColumn>
<autoIncrementCycle>false</autoIncrementCycle>
<associations>
<colAssociation fkAssociation="BF55B5AA-4D89-DB9B-5DF5-31A56EE4E914" referredColumn="4703B661-D4DB-B059-2E20-69DFC2DF5F28"/>
</associations>
</Column>
<Column name="Usuarios_idUsuario" id="D3DDF976-F5DC-B8D4-7425-AD70E260F23D">
<createdBy>lauramurcia</createdBy>
<createdTime>2023-10-01 05:39:13 UTC</createdTime>
<ownerDesignName>p1v2SISTRANS</ownerDesignName>
<useDomainConstraints>false</useDomainConstraints>
<use>1</use>
<logicalDatatype>LOGDT011</logicalDatatype>
<ownDataTypeParameters>,,</ownDataTypeParameters>
<previousColumn>false</previousColumn>
<autoIncrementCycle>false</autoIncrementCycle>
<associations>
<colAssociation fkAssociation="B528D6ED-9657-C86B-EF09-485C534EDAFE" referredColumn="7C11365A-034E-533F-D0C6-CC0966E1E120"/>
</associations>
</Column>
</columns>
<indexes itemClass="oracle.dbtools.crest.model.design.relational.Index">
<ind_PK_UK id="6C2B1FE1-6643-7D2A-2256-539352112680" name="reservan_PK">
<createdBy>lauramurcia</createdBy>
<createdTime>2023-10-01 05:39:13 UTC</createdTime>
<ownerDesignName>p1v2SISTRANS</ownerDesignName>
<pk>true</pk>
<indexState>Primary Constraint</indexState>
<isSurrogateKey>false</isSurrogateKey>
<indexColumnUsage>
<colUsage columnID="06F706ED-0F3D-F99F-E253-2D8790C0AC32"/>
<colUsage columnID="D3DDF976-F5DC-B8D4-7425-AD70E260F23D"/>
</indexColumnUsage>
</ind_PK_UK>
<ind_PK_UK id="46636654-1FD6-D62D-0FF6-4F425AE2AFA3" name="reservan_Reservas_FK">
<createdBy>lauramurcia</createdBy>
<createdTime>2023-10-01 05:39:13 UTC</createdTime>
<generatorID>E02C14EE-A4D8-3B86-5582-BAAC2D8277C3</generatorID>
<ownerDesignName>p1v2SISTRANS</ownerDesignName>
<indexState>Foreign Key</indexState>
<isSurrogateKey>false</isSurrogateKey>
<indexColumnUsage>
<colUsage columnID="06F706ED-0F3D-F99F-E253-2D8790C0AC32"/>
</indexColumnUsage>
</ind_PK_UK>
<ind_PK_UK id="6F41AE6A-27C1-BB64-FC23-581F7DB71C3A" name="reservan_Usuarios_FK">
<createdBy>lauramurcia</createdBy>
<createdTime>2023-10-01 05:39:13 UTC</createdTime>
<generatorID>E02C14EE-A4D8-3B86-5582-BAAC2D8277C3</generatorID>
<ownerDesignName>p1v2SISTRANS</ownerDesignName>
<indexState>Foreign Key</indexState>
<isSurrogateKey>false</isSurrogateKey>
<indexColumnUsage>
<colUsage columnID="D3DDF976-F5DC-B8D4-7425-AD70E260F23D"/>
</indexColumnUsage>
</ind_PK_UK>
</indexes>
</Table>