<?xml version = '1.0' encoding = 'UTF-8'?>
<Table class="oracle.dbtools.crest.model.design.relational.Table" directorySegmentName="seg_0" id="D1ACD67C-355E-0910-6EA9-D12CDB3371B0" name="Servicios">
<createdBy>lauramurcia</createdBy>
<createdTime>2023-10-01 05:37:24 UTC</createdTime>
<generatorID>8F552CAA-4966-CAE0-2971-53E0EB08741E</generatorID>
<ownerDesignName>p1v2SISTRANS</ownerDesignName>
<allowColumnReorder>false</allowColumnReorder>
<existDependencyGenerateInDDl>true</existDependencyGenerateInDDl>
<parsed>true</parsed>
<columns itemClass="oracle.dbtools.crest.model.design.relational.Column">
<Column name="idServicio" id="12936427-4DD8-B59B-A9B7-5F687E2CE31C">
<createdBy>lauramurcia</createdBy>
<createdTime>2023-10-01 05:37:24 UTC</createdTime>
<generatorID>B64DCE92-96A7-0D52-3DE4-7CBBC9B8049F</generatorID>
<ownerDesignName>p1v2SISTRANS</ownerDesignName>
<useDomainConstraints>false</useDomainConstraints>
<use>1</use>
<logicalDatatype>LOGDT011</logicalDatatype>
<ownDataTypeParameters>,,</ownDataTypeParameters>
<autoIncrementColumn>true</autoIncrementColumn>
<autoIncrementCycle>false</autoIncrementCycle>
</Column>
<Column name="tipo" id="253C0F53-3EC5-7DFC-8F93-3D9C911F7514">
<createdBy>lauramurcia</createdBy>
<createdTime>2023-10-01 05:37:29 UTC</createdTime>
<generatorID>E0B3CE85-8A05-6829-DE27-ADE9C7F4CA05</generatorID>
<ownerDesignName>p1v2SISTRANS</ownerDesignName>
<useDomainConstraints>false</useDomainConstraints>
<use>1</use>
<logicalDatatype>LOGDT024</logicalDatatype>
<dataTypeSize>200</dataTypeSize>
<ownDataTypeParameters>200,,</ownDataTypeParameters>
<autoIncrementCycle>false</autoIncrementCycle>
</Column>
<Column name="Servicios_TYPE" id="27483FDE-5B2A-1682-9DD2-2E0894C7ECC3">
<createdBy>lauramurcia</createdBy>
<createdTime>2023-10-01 20:20:32 UTC</createdTime>
<ownerDesignName>p1v2SISTRANS</ownerDesignName>
<constraintName>CH_INH_Servicios</constraintName>
<useDomainConstraints>false</useDomainConstraints>
<use>1</use>
<logicalDatatype>LOGDT024</logicalDatatype>
<dataTypeSize>9</dataTypeSize>
<listOfValues>
<valueDef value="Gimnasios" description="entity Gimnasios"/>
<valueDef value="Piscinas" description="entity Piscinas"/>
<valueDef value="Servicios" description="entity Servicios"/>
</listOfValues>
<ownDataTypeParameters>9,,</ownDataTypeParameters>
<autoIncrementCycle>false</autoIncrementCycle>
<isDiscriminatorColumn>true</isDiscriminatorColumn>
</Column>
</columns>
<indexes itemClass="oracle.dbtools.crest.model.design.relational.Index">
<ind_PK_UK id="B0817801-7006-76A1-3CAB-D92EE5D874BA" name="Servicios_PK">
<createdBy>lauramurcia</createdBy>
<createdTime>2023-10-01 05:37:24 UTC</createdTime>
<generatorID>8AAF0981-DBE2-5191-E030-FC2DE14B6E82</generatorID>
<ownerDesignName>p1v2SISTRANS</ownerDesignName>
<pk>true</pk>
<indexState>Primary Constraint</indexState>
<isSurrogateKey>false</isSurrogateKey>
<indexColumnUsage>
<colUsage columnID="12936427-4DD8-B59B-A9B7-5F687E2CE31C"/>
</indexColumnUsage>
</ind_PK_UK>
</indexes>
</Table>