<?xml version = '1.0' encoding = 'UTF-8'?>
<Table class="oracle.dbtools.crest.model.design.relational.Table" directorySegmentName="seg_0" id="DAEA7AEF-78C2-9E8F-D504-06AD41A0039B" name="horarioGym">
<createdBy>lauramurcia</createdBy>
<createdTime>2023-10-01 05:39:13 UTC</createdTime>
<ownerDesignName>p1v2SISTRANS</ownerDesignName>
<allowColumnReorder>false</allowColumnReorder>
<existDependencyGenerateInDDl>true</existDependencyGenerateInDDl>
<parsed>true</parsed>
<columns itemClass="oracle.dbtools.crest.model.design.relational.Column">
<Column name="Gimnasios_idServicio" id="96A720DA-8611-0A85-D405-0CF9D7A1FD7D">
<createdBy>lauramurcia</createdBy>
<createdTime>2023-10-01 05:39:13 UTC</createdTime>
<ownerDesignName>p1v2SISTRANS</ownerDesignName>
<useDomainConstraints>false</useDomainConstraints>
<use>1</use>
<logicalDatatype>LOGDT011</logicalDatatype>
<ownDataTypeParameters>,,</ownDataTypeParameters>
<previousColumn>false</previousColumn>
<autoIncrementCycle>false</autoIncrementCycle>
<associations>
<colAssociation fkAssociation="EDC4A11A-FEDE-7D3C-0DB8-10EABCD29AC1" referredColumn="B0BB1DBE-DD9D-EAAD-0F7B-1B06C0428F48"/>
</associations>
</Column>
<Column name="Horarios_idServicio" id="338A2DD0-8004-6BF8-142E-B5777CF17B84">
<createdBy>lauramurcia</createdBy>
<createdTime>2023-10-01 05:39:13 UTC</createdTime>
<ownerDesignName>p1v2SISTRANS</ownerDesignName>
<useDomainConstraints>false</useDomainConstraints>
<use>1</use>
<logicalDatatype>LOGDT011</logicalDatatype>
<ownDataTypeParameters>,,</ownDataTypeParameters>
<previousColumn>false</previousColumn>
<autoIncrementCycle>false</autoIncrementCycle>
<associations>
<colAssociation fkAssociation="8011536D-5496-17E9-8D89-5FA21E5301A3" referredColumn="90E379A9-1C9C-70FB-A87F-4C972D54A404"/>
</associations>
</Column>
</columns>
<indexes itemClass="oracle.dbtools.crest.model.design.relational.Index">
<ind_PK_UK id="850F150E-DBF1-0885-405A-4216A9F54253" name="horarioGym_PK">
<createdBy>lauramurcia</createdBy>
<createdTime>2023-10-01 05:39:13 UTC</createdTime>
<ownerDesignName>p1v2SISTRANS</ownerDesignName>
<pk>true</pk>
<indexState>Primary Constraint</indexState>
<isSurrogateKey>false</isSurrogateKey>
<indexColumnUsage>
<colUsage columnID="96A720DA-8611-0A85-D405-0CF9D7A1FD7D"/>
<colUsage columnID="338A2DD0-8004-6BF8-142E-B5777CF17B84"/>
</indexColumnUsage>
</ind_PK_UK>
<ind_PK_UK id="302B6E90-D632-A92C-0976-F8C6FC0F1307" name="horarioGym_Gimnasios_FK">
<createdBy>lauramurcia</createdBy>
<createdTime>2023-10-01 05:39:13 UTC</createdTime>
<generatorID>449E0B35-8EC0-F3E4-62AE-9DD8BF3C4587</generatorID>
<ownerDesignName>p1v2SISTRANS</ownerDesignName>
<indexState>Foreign Key</indexState>
<isSurrogateKey>false</isSurrogateKey>
<indexColumnUsage>
<colUsage columnID="96A720DA-8611-0A85-D405-0CF9D7A1FD7D"/>
</indexColumnUsage>
</ind_PK_UK>
<ind_PK_UK id="E24483C3-2486-B787-ECA1-2B6FC2126A84" name="horarioGym_Horarios_FK">
<createdBy>lauramurcia</createdBy>
<createdTime>2023-10-01 05:39:13 UTC</createdTime>
<generatorID>449E0B35-8EC0-F3E4-62AE-9DD8BF3C4587</generatorID>
<ownerDesignName>p1v2SISTRANS</ownerDesignName>
<indexState>Foreign Key</indexState>
<isSurrogateKey>false</isSurrogateKey>
<indexColumnUsage>
<colUsage columnID="338A2DD0-8004-6BF8-142E-B5777CF17B84"/>
</indexColumnUsage>
</ind_PK_UK>
</indexes>
</Table>