<?xml version = '1.0' encoding = 'UTF-8'?>
<Relation class="oracle.dbtools.crest.model.design.logical.InheritanceRelation" name="Hierarchy_12" directorySegmentName="seg_0" id="0947E69E-B82A-5F6C-B20C-D73C64A26AF6">
<createdBy>lauramurcia</createdBy>
<createdTime>2023-09-30 23:16:31 UTC</createdTime>
<ownerDesignName>p1SISTRANS</ownerDesignName>
<engineerTo>
<item key="16EA3B20-24BF-6074-F7B8-CFB37703B3D0" value="true"/>
</engineerTo>
<identifying>false</identifying>
<nameOnSource>Super Type</nameOnSource>
<nameOnTarget>Sub Type</nameOnTarget>
<optionalSource>true</optionalSource>
<optionalTarget>true</optionalTarget>
<sourceEntity>1D1C6ED0-FDB4-3F65-EC76-FB8B1ECC781A</sourceEntity>
<targetEntity>E1FED504-FC71-5AE6-A74C-1A15882EE6FC</targetEntity>
<transferable>true</transferable>
<deleteRule>NO ACTION</deleteRule>
</Relation>