<?xml version = '1.0' encoding = 'UTF-8'?>
<Relation class="oracle.dbtools.crest.model.design.logical.InheritanceRelation" name="Hierarchy_15" directorySegmentName="seg_0" id="1C03EC68-A730-35CC-DEF8-F832E51A4965">
<createdBy>lauramurcia</createdBy>
<createdTime>2023-09-30 23:16:49 UTC</createdTime>
<ownerDesignName>p1SISTRANS</ownerDesignName>
<engineerTo>
<item key="16EA3B20-24BF-6074-F7B8-CFB37703B3D0" value="true"/>
</engineerTo>
<identifying>false</identifying>
<nameOnSource>Super Type</nameOnSource>
<nameOnTarget>Sub Type</nameOnTarget>
<optionalSource>true</optionalSource>
<optionalTarget>true</optionalTarget>
<sourceEntity>1D1C6ED0-FDB4-3F65-EC76-FB8B1ECC781A</sourceEntity>
<targetEntity>667B539D-103F-54C9-09C3-CADD28324A83</targetEntity>
<transferable>true</transferable>
<deleteRule>NO ACTION</deleteRule>
</Relation>