<?xml version = '1.0' encoding = 'UTF-8'?>
<Relation class="oracle.dbtools.crest.model.design.logical.InheritanceRelation" name="Hierarchy_11" directorySegmentName="seg_0" id="6FFBFD94-40A5-4BE1-FBA1-14C6023B170C">
<createdBy>lauramurcia</createdBy>
<createdTime>2023-09-30 23:16:27 UTC</createdTime>
<ownerDesignName>p1SISTRANS</ownerDesignName>
<engineerTo>
<item key="16EA3B20-24BF-6074-F7B8-CFB37703B3D0" value="true"/>
</engineerTo>
<identifying>false</identifying>
<nameOnSource>Super Type</nameOnSource>
<nameOnTarget>Sub Type</nameOnTarget>
<optionalSource>true</optionalSource>
<optionalTarget>true</optionalTarget>
<sourceEntity>1D1C6ED0-FDB4-3F65-EC76-FB8B1ECC781A</sourceEntity>
<targetEntity>27335622-92A5-073A-1DD4-97D5D3D51FD9</targetEntity>
<transferable>true</transferable>
<deleteRule>NO ACTION</deleteRule>
</Relation>