<?xml version = '1.0' encoding = 'UTF-8'?>
<Relation class="oracle.dbtools.crest.model.design.logical.InheritanceRelation" name="Hierarchy_7" directorySegmentName="seg_0" id="7A8E506F-3126-AC72-6181-1C2F0A6161EA">
<createdBy>lauramurcia</createdBy>
<createdTime>2023-09-30 23:16:07 UTC</createdTime>
<ownerDesignName>p1SISTRANS</ownerDesignName>
<engineerTo>
<item key="16EA3B20-24BF-6074-F7B8-CFB37703B3D0" value="true"/>
</engineerTo>
<identifying>false</identifying>
<nameOnSource>Super Type</nameOnSource>
<nameOnTarget>Sub Type</nameOnTarget>
<optionalSource>true</optionalSource>
<optionalTarget>true</optionalTarget>
<sourceEntity>1D1C6ED0-FDB4-3F65-EC76-FB8B1ECC781A</sourceEntity>
<targetEntity>3D6BD711-B8FA-42E9-2B8F-545D646BA3AA</targetEntity>
<transferable>true</transferable>
<deleteRule>NO ACTION</deleteRule>
</Relation>