<?xml version = '1.0' encoding = 'UTF-8'?>
<Diagram class="oracle.dbtools.crest.swingui.logical.DPVLogical" name="Logical" id="974591AF-DD81-7425-AE68-34C3E7FC6812">
<createdBy>lauramurcia</createdBy>
<modifiedBy>lauramurcia</modifiedBy>
<createdTime>2023-10-01 03:50:10 UTC</createdTime>
<autoRoute>false</autoRoute>
<boxInbox>true</boxInbox>
<showLegend>false</showLegend>
<showLabels>false</showLabels>
<showRelAttributes>false</showRelAttributes>
<gridEnabled>false</gridEnabled>
<showGrid>false</showGrid>
<diagramColor>-1</diagramColor>
<display>false</display>
<notation>1</notation>
<objectViews>
<OView class="oracle.dbtools.crest.swingui.logical.TVEntity" oid="128A625C-274C-6BE3-08E2-0599A8DBADE4" otype="Entity" vid="30B2D86A-8197-FBA8-F1C5-4B7258873C40">
<hideElementsInCurrentOnly>false</hideElementsInCurrentOnly>
<bounds x="571" y="592" width="133" height="66"/>
</OView>
<OView class="oracle.dbtools.crest.swingui.logical.TVEntity" oid="218C96C8-277F-E9AD-D326-96D576B65E59" otype="Entity" vid="EF1FD836-2130-90EC-0252-702490B37F3D">
<hideElementsInCurrentOnly>false</hideElementsInCurrentOnly>
<bounds x="263" y="509" width="170" height="110"/>
</OView>
<OView class="oracle.dbtools.crest.swingui.logical.TVEntity" oid="269EAD11-0463-4C3A-B95D-C0CA253AE8FF" otype="Entity" vid="94594E77-BAAB-D9E2-BFB4-96201C5ECCBD">
<hideElementsInCurrentOnly>false</hideElementsInCurrentOnly>
<bounds x="269" y="360" width="170" height="110"/>
</OView>
<OView class="oracle.dbtools.crest.swingui.logical.TVEntity" oid="52E67A0E-8D1D-65C0-F9B4-42A728BD33DD" otype="Entity" vid="8205C955-02A9-2131-62E6-4AA42E8A81C0">
<hideElementsInCurrentOnly>false</hideElementsInCurrentOnly>
<bounds x="716" y="588" width="129" height="63"/>
</OView>
<OView class="oracle.dbtools.crest.swingui.logical.TVEntity" oid="8D0420BC-1E1E-81F7-8B2E-E0FB279AAFBD" otype="Entity" vid="A157905F-26D7-47DD-14C8-6FA59EA074C3">
<hideElementsInCurrentOnly>false</hideElementsInCurrentOnly>
<bounds x="575" y="357" width="170" height="110"/>
</OView>
<OView class="oracle.dbtools.crest.swingui.logical.TVEntity" oid="8F552CAA-4966-CAE0-2971-53E0EB08741E" otype="Entity" vid="AF2A137D-538C-9313-0D92-24D5F8A73A4A">
<hideElementsInCurrentOnly>false</hideElementsInCurrentOnly>
<bounds x="545" y="518" width="318" height="172"/>
</OView>
<OView class="oracle.dbtools.crest.swingui.logical.TVEntity" oid="97E06FBF-FB24-30FF-AC66-C188EDF5712B" otype="Entity" vid="FDC05419-1DAF-DC38-09B2-CF9887818ED0">
<hideElementsInCurrentOnly>false</hideElementsInCurrentOnly>
<bounds x="44" y="204" width="170" height="110"/>
</OView>
<OView class="oracle.dbtools.crest.swingui.logical.TVEntity" oid="9AEFEF04-ECA6-6B71-B83B-074BB5219BE5" otype="Entity" vid="E41F50A4-3758-8B0D-A6D5-2322CAD27FB3">
<hideElementsInCurrentOnly>false</hideElementsInCurrentOnly>
<bounds x="807" y="205" width="170" height="110"/>
</OView>
<OView class="oracle.dbtools.crest.swingui.logical.TVEntity" oid="A12458F1-E240-0AA7-FA5F-C6F5C2F20C9C" otype="Entity" vid="14CB862B-B3C9-1A04-6AA8-BB0D81B4BE0D">
<hideElementsInCurrentOnly>false</hideElementsInCurrentOnly>
<bounds x="278" y="57" width="170" height="110"/>
</OView>
<OView class="oracle.dbtools.crest.swingui.logical.TVEntity" oid="B9F5D592-EB44-355F-1A25-76E6D7219BFC" otype="Entity" vid="69D6C579-0C64-5522-BEC6-D332C315D237">
<hideElementsInCurrentOnly>false</hideElementsInCurrentOnly>
<bounds x="567" y="63" width="170" height="110"/>
</OView>
<OView class="oracle.dbtools.crest.swingui.logical.TVEntity" oid="BDB3A52B-3929-0F73-88FC-059CE2173BC3" otype="Entity" vid="74682B7F-D5BC-F9D5-A9F1-FF3AFF9CC5F7">
<hideElementsInCurrentOnly>false</hideElementsInCurrentOnly>
<bounds x="270" y="205" width="170" height="110"/>
</OView>
<OView class="oracle.dbtools.crest.swingui.logical.TVEntity" oid="D73E36AE-9FD6-9BDA-4095-AD253C23E5A7" otype="Entity" vid="707DF887-04C9-3765-A484-9AB579BAB9B5">
<hideElementsInCurrentOnly>false</hideElementsInCurrentOnly>
<bounds x="938" y="553" width="170" height="111"/>
</OView>
<OView class="oracle.dbtools.crest.swingui.logical.TVEntity" oid="E368D959-908C-E5E6-4C88-3603F743136B" otype="Entity" vid="1A9B3F50-2763-371A-AFCE-6A052856581F">
<hideElementsInCurrentOnly>false</hideElementsInCurrentOnly>
<bounds x="616" y="730" width="170" height="111"/>
</OView>
</objectViews>
<connectors>
<Connector class="oracle.dbtools.crest.swingui.logical.TVRelation" oid="1B08BE30-B7F9-A121-0B7F-B27F293D545D" otype="Relation" vid_source="94594E77-BAAB-D9E2-BFB4-96201C5ECCBD" vid_target="AF2A137D-538C-9313-0D92-24D5F8A73A4A">
<hideElementsInCurrentOnly>false</hideElementsInCurrentOnly>
<backgroundColor>-16777216</backgroundColor>
<lineWidth>1</lineWidth>
<points>
<point x="439" y="460"/>
<point x="545" y="518"/>
</points>
</Connector>
<Connector class="oracle.dbtools.crest.swingui.logical.TVRelation" oid="1D13CDA4-1459-074F-FA16-5900B59DF107" otype="Relation" vid_source="8205C955-02A9-2131-62E6-4AA42E8A81C0" vid_target="707DF887-04C9-3765-A484-9AB579BAB9B5">
<hideElementsInCurrentOnly>false</hideElementsInCurrentOnly>
<backgroundColor>-16777216</backgroundColor>
<lineWidth>1</lineWidth>
<points>
<point x="845" y="619"/>
<point x="938" y="619"/>
</points>
</Connector>
<Connector class="oracle.dbtools.crest.swingui.logical.TVRelation" oid="31DA1724-EC34-3B9F-6876-6C06635427A5" otype="Relation" vid_source="FDC05419-1DAF-DC38-09B2-CF9887818ED0" vid_target="74682B7F-D5BC-F9D5-A9F1-FF3AFF9CC5F7">
<hideElementsInCurrentOnly>false</hideElementsInCurrentOnly>
<backgroundColor>-16777216</backgroundColor>
<lineWidth>1</lineWidth>
<points>
<point x="214" y="274"/>
<point x="270" y="274"/>
</points>
</Connector>
<Connector class="oracle.dbtools.crest.swingui.logical.TVRelation" oid="3BDAC0C2-917C-EB63-93AF-9A0B17233408" otype="Relation" vid_source="94594E77-BAAB-D9E2-BFB4-96201C5ECCBD" vid_target="74682B7F-D5BC-F9D5-A9F1-FF3AFF9CC5F7">
<hideElementsInCurrentOnly>false</hideElementsInCurrentOnly>
<backgroundColor>-16777216</backgroundColor>
<lineWidth>1</lineWidth>
<points>
<point x="369" y="360"/>
<point x="369" y="315"/>
</points>
</Connector>
<Connector class="oracle.dbtools.crest.swingui.logical.TVInheritanceRelation" oid="3BE86079-D71A-E494-AEB6-143EDB655831" otype="Hierarchy relation" vid_source="AF2A137D-538C-9313-0D92-24D5F8A73A4A" vid_target="30B2D86A-8197-FBA8-F1C5-4B7258873C40">
<hideElementsInCurrentOnly>false</hideElementsInCurrentOnly>
<backgroundColor>-65536</backgroundColor>
<lineWidth>1</lineWidth>
</Connector>
<Connector class="oracle.dbtools.crest.swingui.logical.TVRelation" oid="3DA47C94-DBA2-9BAC-4D65-6E94980B604D" otype="Relation" vid_source="EF1FD836-2130-90EC-0252-702490B37F3D" vid_target="AF2A137D-538C-9313-0D92-24D5F8A73A4A">
<hideElementsInCurrentOnly>false</hideElementsInCurrentOnly>
<backgroundColor>-16777216</backgroundColor>
<lineWidth>1</lineWidth>
<points>
<point x="433" y="568"/>
<point x="545" y="568"/>
</points>
</Connector>
<Connector class="oracle.dbtools.crest.swingui.logical.TVRelation" oid="3DABC234-4FD1-CAF2-CB57-FA18E7AF5C23" otype="Relation" vid_source="E41F50A4-3758-8B0D-A6D5-2322CAD27FB3" vid_target="69D6C579-0C64-5522-BEC6-D332C315D237">
<hideElementsInCurrentOnly>false</hideElementsInCurrentOnly>
<backgroundColor>-16777216</backgroundColor>
<lineWidth>1</lineWidth>
<points>
<point x="807" y="209"/>
<point x="737" y="168"/>
</points>
</Connector>
<Connector class="oracle.dbtools.crest.swingui.logical.TVRelation" oid="449E0B35-8EC0-F3E4-62AE-9DD8BF3C4587" otype="Relation" vid_source="8205C955-02A9-2131-62E6-4AA42E8A81C0" vid_target="1A9B3F50-2763-371A-AFCE-6A052856581F">
<hideElementsInCurrentOnly>false</hideElementsInCurrentOnly>
<backgroundColor>-16777216</backgroundColor>
<lineWidth>1</lineWidth>
<points>
<point x="751" y="651"/>
<point x="751" y="730"/>
</points>
</Connector>
<Connector class="oracle.dbtools.crest.swingui.logical.TVInheritanceRelation" oid="5F9AE387-7D93-5F57-8DAE-29B85BBAFD72" otype="Hierarchy relation" vid_source="AF2A137D-538C-9313-0D92-24D5F8A73A4A" vid_target="8205C955-02A9-2131-62E6-4AA42E8A81C0">
<hideElementsInCurrentOnly>false</hideElementsInCurrentOnly>
<backgroundColor>-65536</backgroundColor>
<lineWidth>1</lineWidth>
</Connector>
<Connector class="oracle.dbtools.crest.swingui.logical.TVRelation" oid="70B72718-DA19-C6EE-C260-C33E5AEF031B" otype="Relation" vid_source="74682B7F-D5BC-F9D5-A9F1-FF3AFF9CC5F7" vid_target="14CB862B-B3C9-1A04-6AA8-BB0D81B4BE0D">
<hideElementsInCurrentOnly>false</hideElementsInCurrentOnly>
<backgroundColor>-16777216</backgroundColor>
<lineWidth>1</lineWidth>
<points>
<point x="374" y="205"/>
<point x="374" y="167"/>
</points>
</Connector>
<Connector class="oracle.dbtools.crest.swingui.logical.TVRelation" oid="AC65D1BD-C18C-A5E4-4571-6820BEE31635" otype="Relation" vid_source="30B2D86A-8197-FBA8-F1C5-4B7258873C40" vid_target="1A9B3F50-2763-371A-AFCE-6A052856581F">
<hideElementsInCurrentOnly>false</hideElementsInCurrentOnly>
<backgroundColor>-16777216</backgroundColor>
<lineWidth>1</lineWidth>
<points>
<point x="660" y="658"/>
<point x="660" y="730"/>
</points>
</Connector>
<Connector class="oracle.dbtools.crest.swingui.logical.TVRelation" oid="ACF70068-08D0-B18A-659A-B64CAF088D49" otype="Relation" vid_source="14CB862B-B3C9-1A04-6AA8-BB0D81B4BE0D" vid_target="69D6C579-0C64-5522-BEC6-D332C315D237">
<hideElementsInCurrentOnly>false</hideElementsInCurrentOnly>
<backgroundColor>-16777216</backgroundColor>
<lineWidth>1</lineWidth>
<points>
<point x="448" y="115"/>
<point x="567" y="115"/>
</points>
</Connector>
<Connector class="oracle.dbtools.crest.swingui.logical.TVRelation" oid="B4C300D6-858A-9A33-9670-8E74185BB7F4" otype="Relation" vid_source="AF2A137D-538C-9313-0D92-24D5F8A73A4A" vid_target="E41F50A4-3758-8B0D-A6D5-2322CAD27FB3">
<hideElementsInCurrentOnly>false</hideElementsInCurrentOnly>
<backgroundColor>-16777216</backgroundColor>
<lineWidth>1</lineWidth>
<points>
<point x="835" y="518"/>
<point x="835" y="315"/>
</points>
</Connector>
<Connector class="oracle.dbtools.crest.swingui.logical.TVRelation" oid="BA1838FD-D82F-3ACD-4516-9BC3C453BB24" otype="Relation" vid_source="94594E77-BAAB-D9E2-BFB4-96201C5ECCBD" vid_target="EF1FD836-2130-90EC-0252-702490B37F3D">
<hideElementsInCurrentOnly>false</hideElementsInCurrentOnly>
<backgroundColor>-16777216</backgroundColor>
<lineWidth>1</lineWidth>
<points>
<point x="351" y="470"/>
<point x="351" y="509"/>
</points>
</Connector>
<Connector class="oracle.dbtools.crest.swingui.logical.TVRelation" oid="C238118C-1DC0-447E-CECA-4677B93F780A" otype="Relation" vid_source="94594E77-BAAB-D9E2-BFB4-96201C5ECCBD" vid_target="A157905F-26D7-47DD-14C8-6FA59EA074C3">
<hideElementsInCurrentOnly>false</hideElementsInCurrentOnly>
<backgroundColor>-16777216</backgroundColor>
<lineWidth>1</lineWidth>
<points>
<point x="439" y="413"/>
<point x="575" y="413"/>
</points>
</Connector>
<Connector class="oracle.dbtools.crest.swingui.logical.TVRelation" oid="E02C14EE-A4D8-3B86-5582-BAAC2D8277C3" otype="Relation" vid_source="E41F50A4-3758-8B0D-A6D5-2322CAD27FB3" vid_target="A157905F-26D7-47DD-14C8-6FA59EA074C3">
<hideElementsInCurrentOnly>false</hideElementsInCurrentOnly>
<backgroundColor>-16777216</backgroundColor>
<lineWidth>1</lineWidth>
<points>
<point x="808" y="315"/>
<point x="743" y="357"/>
</points>
</Connector>
</connectors>
</Diagram>