<?xml version = '1.0' encoding = 'UTF-8'?>
<relationalModel class="oracle.dbtools.crest.model.design.relational.RelationalDesign" name="Relational_1" id="69CC09BB-D8AD-A06A-0139-262D562A040B" mainViewID="CB0B680B-E37A-4A2C-BFAC-F8B318EAFE07">
<createdBy>lauramurcia</createdBy>
<createdTime>2023-10-01 03:49:49 UTC</createdTime>
<ownerDesignName>p1v2SISTRANS</ownerDesignName>
<shouldBeOpen>false</shouldBeOpen>
<selectedRDBMSSite>32076570-2523-435C-2E92-BF29817DFF70</selectedRDBMSSite>
</relationalModel>