<?xml version = '1.0' encoding = 'UTF-8'?>
<Entity class="oracle.dbtools.crest.model.design.logical.Entity" directorySegmentName="seg_0" id="1D1C6ED0-FDB4-3F65-EC76-FB8B1ECC781A" name="Servicios">
<createdBy>lauramurcia</createdBy>
<createdTime>2023-09-30 16:04:02 UTC</createdTime>
<ownerDesignName>p1SISTRANS</ownerDesignName>
<engineerTo>
<item key="16EA3B20-24BF-6074-F7B8-CFB37703B3D0" value="true"/>
</engineerTo>
<adequatelyNormalized>NO</adequatelyNormalized>
<expectedVolumes>0</expectedVolumes>
<fwdEngineeringStrategyName>Single Table</fwdEngineeringStrategyName>
<growthPercent>0</growthPercent>
<growthType>Year</growthType>
<maxVolumes>9999999</maxVolumes>
<minVolumes>0</minVolumes>
<normalForm>Third</normalForm>
<attributes itemClass="oracle.dbtools.crest.model.design.logical.Attribute">
<Attribute name="idServicio" id="85B12694-5E8E-F3BC-9CF3-FC5BCF704F68">
<createdBy>lauramurcia</createdBy>
<createdTime>2023-09-30 16:04:06 UTC</createdTime>
<ownerDesignName>p1SISTRANS</ownerDesignName>
<engineerTo>
<item key="16EA3B20-24BF-6074-F7B8-CFB37703B3D0" value="true"/>
</engineerTo>
<useDomainConstraints>false</useDomainConstraints>
<use>1</use>
<logicalDatatype>LOGDT024</logicalDatatype>
<dataTypeSize>200</dataTypeSize>
<ownDataTypeParameters>200,,</ownDataTypeParameters>
</Attribute>
<Attribute name="tipo" id="F2A2E0F3-652D-9F0A-78B6-7B2ABC98FB83">
<createdBy>lauramurcia</createdBy>
<createdTime>2023-09-30 23:47:13 UTC</createdTime>
<ownerDesignName>p1SISTRANS</ownerDesignName>
<engineerTo>
<item key="16EA3B20-24BF-6074-F7B8-CFB37703B3D0" value="true"/>
</engineerTo>
<useDomainConstraints>false</useDomainConstraints>
<use>1</use>
<logicalDatatype>LOGDT024</logicalDatatype>
<dataTypeSize>200</dataTypeSize>
<ownDataTypeParameters>200,,</ownDataTypeParameters>
</Attribute>
</attributes>
<identifiers itemClass="oracle.dbtools.crest.model.design.logical.CandidateKey">
<identifier id="9ADFCD80-DFF7-6F5C-1158-EAFAF06DC4ED" name="Servicios PK">
<createdBy>lauramurcia</createdBy>
<createdTime>2023-09-30 16:04:20 UTC</createdTime>
<ownerDesignName>p1SISTRANS</ownerDesignName>
<shouldEngineer>false</shouldEngineer>
<engineerTo>
<item key="16EA3B20-24BF-6074-F7B8-CFB37703B3D0" value="false"/>
</engineerTo>
<pk>true</pk>
<usedAttributes>
<attributeRef>85B12694-5E8E-F3BC-9CF3-FC5BCF704F68</attributeRef>
<attributeRef>F2A2E0F3-652D-9F0A-78B6-7B2ABC98FB83</attributeRef>
</usedAttributes>
</identifier>
</identifiers>
</Entity>