<?xml version = '1.0' encoding = 'UTF-8'?>
<Entity class="oracle.dbtools.crest.model.design.logical.Entity" directorySegmentName="seg_0" id="1DFA7792-2E51-03AA-0793-AF97F39ECBF7" name="Reservas">
<createdBy>lauramurcia</createdBy>
<createdTime>2023-09-30 16:23:39 UTC</createdTime>
<ownerDesignName>p1SISTRANS</ownerDesignName>
<engineerTo>
<item key="16EA3B20-24BF-6074-F7B8-CFB37703B3D0" value="true"/>
</engineerTo>
<adequatelyNormalized>NO</adequatelyNormalized>
<expectedVolumes>0</expectedVolumes>
<fwdEngineeringStrategyName>Single Table</fwdEngineeringStrategyName>
<growthPercent>0</growthPercent>
<growthType>Year</growthType>
<maxVolumes>9999999</maxVolumes>
<minVolumes>0</minVolumes>
<normalForm>Third</normalForm>
<attributes itemClass="oracle.dbtools.crest.model.design.logical.Attribute">
<Attribute name="idReserva" id="F32EEF1B-ECCB-436F-B02D-ED9F385C7C14">
<createdBy>lauramurcia</createdBy>
<createdTime>2023-09-30 16:23:46 UTC</createdTime>
<ownerDesignName>p1SISTRANS</ownerDesignName>
<engineerTo>
<item key="16EA3B20-24BF-6074-F7B8-CFB37703B3D0" value="true"/>
</engineerTo>
<useDomainConstraints>false</useDomainConstraints>
<use>1</use>
<logicalDatatype>LOGDT024</logicalDatatype>
<dataTypeSize>200</dataTypeSize>
<ownDataTypeParameters>200,,</ownDataTypeParameters>
</Attribute>
<Attribute name="numPersonas" id="9A8FD325-092D-54EE-CC84-C1493661E83C">
<createdBy>lauramurcia</createdBy>
<createdTime>2023-09-30 16:23:57 UTC</createdTime>
<ownerDesignName>p1SISTRANS</ownerDesignName>
<engineerTo>
<item key="16EA3B20-24BF-6074-F7B8-CFB37703B3D0" value="true"/>
</engineerTo>
<useDomainConstraints>false</useDomainConstraints>
<use>1</use>
<logicalDatatype>LOGDT011</logicalDatatype>
<ownDataTypeParameters>,,</ownDataTypeParameters>
</Attribute>
<Attribute name="fechaInicial" id="39B573AF-5A2B-B119-A47D-3D4BC4EE7662">
<createdBy>lauramurcia</createdBy>
<createdTime>2023-09-30 16:24:14 UTC</createdTime>
<ownerDesignName>p1SISTRANS</ownerDesignName>
<engineerTo>
<item key="16EA3B20-24BF-6074-F7B8-CFB37703B3D0" value="true"/>
</engineerTo>
<useDomainConstraints>false</useDomainConstraints>
<use>1</use>
<logicalDatatype>LOGDT007</logicalDatatype>
<ownDataTypeParameters>,,</ownDataTypeParameters>
</Attribute>
<Attribute name="fechaFinal" id="64DBC4B4-9DB7-AE49-0DD3-354A3E3921EE">
<createdBy>lauramurcia</createdBy>
<createdTime>2023-09-30 16:24:28 UTC</createdTime>
<ownerDesignName>p1SISTRANS</ownerDesignName>
<engineerTo>
<item key="16EA3B20-24BF-6074-F7B8-CFB37703B3D0" value="true"/>
</engineerTo>
<useDomainConstraints>false</useDomainConstraints>
<use>1</use>
<logicalDatatype>LOGDT007</logicalDatatype>
<ownDataTypeParameters>,,</ownDataTypeParameters>
</Attribute>
<Attribute name="id" id="1C423FC0-4412-F8E3-7354-8DDF1E0652F5">
<createdBy>lauramurcia</createdBy>
<createdTime>2023-09-30 23:06:48 UTC</createdTime>
<generatorID>87CF1059-45D4-726A-2198-C172C3FA1588</generatorID>
<ownerDesignName>p1SISTRANS</ownerDesignName>
<engineerTo>
<item key="16EA3B20-24BF-6074-F7B8-CFB37703B3D0" value="true"/>
</engineerTo>
<referedAttribute>EF0575A2-93ED-1B20-02B1-ED2CA639B6CE</referedAttribute>
<useDomainConstraints>false</useDomainConstraints>
<use>1</use>
<logicalDatatype>LOGDT011</logicalDatatype>
<ownDataTypeParameters>,,</ownDataTypeParameters>
</Attribute>
<Attribute name="tipo" id="42583E31-D0DD-C9A8-9F67-8B9095F39D01">
<createdBy>lauramurcia</createdBy>
<createdTime>2023-09-30 23:10:41 UTC</createdTime>
<generatorID>21DF6310-224A-5381-552C-F547CB55B552</generatorID>
<ownerDesignName>p1SISTRANS</ownerDesignName>
<engineerTo>
<item key="16EA3B20-24BF-6074-F7B8-CFB37703B3D0" value="true"/>
</engineerTo>
<referedAttribute>5A310A34-51E4-E742-FE93-51116FA631E4</referedAttribute>
<useDomainConstraints>false</useDomainConstraints>
<use>1</use>
<logicalDatatype>LOGDT024</logicalDatatype>
<dataTypeSize>200</dataTypeSize>
<ownDataTypeParameters>200,,</ownDataTypeParameters>
</Attribute>
</attributes>
<identifiers itemClass="oracle.dbtools.crest.model.design.logical.CandidateKey">
<identifier id="1E016D50-49A1-3345-C896-D1214DD39D97" name="Reservas PK">
<createdBy>lauramurcia</createdBy>
<createdTime>2023-09-30 16:23:56 UTC</createdTime>
<ownerDesignName>p1SISTRANS</ownerDesignName>
<shouldEngineer>false</shouldEngineer>
<engineerTo>
<item key="16EA3B20-24BF-6074-F7B8-CFB37703B3D0" value="false"/>
</engineerTo>
<pk>true</pk>
<usedAttributes>
<attributeRef>F32EEF1B-ECCB-436F-B02D-ED9F385C7C14</attributeRef>
</usedAttributes>
</identifier>
</identifiers>
</Entity>