<?xml version = '1.0' encoding = 'UTF-8'?>
<Entity class="oracle.dbtools.crest.model.design.logical.Entity" directorySegmentName="seg_0" id="4BB89127-CFFB-99F9-151C-537FBF313D16" name="Habitaciones">
<createdBy>lauramurcia</createdBy>
<createdTime>2023-09-30 15:56:51 UTC</createdTime>
<ownerDesignName>p1SISTRANS</ownerDesignName>
<engineerTo>
<item key="16EA3B20-24BF-6074-F7B8-CFB37703B3D0" value="true"/>
</engineerTo>
<adequatelyNormalized>NO</adequatelyNormalized>
<expectedVolumes>0</expectedVolumes>
<fwdEngineeringStrategyName>Single Table</fwdEngineeringStrategyName>
<growthPercent>0</growthPercent>
<growthType>Year</growthType>
<maxVolumes>9999999</maxVolumes>
<minVolumes>0</minVolumes>
<normalForm>Third</normalForm>
<attributes itemClass="oracle.dbtools.crest.model.design.logical.Attribute">
<Attribute name="id" id="EF0575A2-93ED-1B20-02B1-ED2CA639B6CE">
<createdBy>lauramurcia</createdBy>
<createdTime>2023-09-30 15:56:57 UTC</createdTime>
<ownerDesignName>p1SISTRANS</ownerDesignName>
<engineerTo>
<item key="16EA3B20-24BF-6074-F7B8-CFB37703B3D0" value="true"/>
</engineerTo>
<useDomainConstraints>false</useDomainConstraints>
<use>1</use>
<logicalDatatype>LOGDT011</logicalDatatype>
<ownDataTypeParameters>,,</ownDataTypeParameters>
</Attribute>
<Attribute name="tipo" id="40933CDD-4F79-8FB3-0287-A41B10F9E08C">
<createdBy>lauramurcia</createdBy>
<createdTime>2023-09-30 15:57:18 UTC</createdTime>
<ownerDesignName>p1SISTRANS</ownerDesignName>
<engineerTo>
<item key="16EA3B20-24BF-6074-F7B8-CFB37703B3D0" value="true"/>
</engineerTo>
<useDomainConstraints>false</useDomainConstraints>
<use>1</use>
<logicalDatatype>LOGDT024</logicalDatatype>
<dataTypeSize>200</dataTypeSize>
<ownDataTypeParameters>200,,</ownDataTypeParameters>
</Attribute>
<Attribute name="tv" id="D144D627-B778-AA01-33D3-91A41A975EB2">
<createdBy>lauramurcia</createdBy>
<createdTime>2023-09-30 15:57:40 UTC</createdTime>
<ownerDesignName>p1SISTRANS</ownerDesignName>
<engineerTo>
<item key="16EA3B20-24BF-6074-F7B8-CFB37703B3D0" value="true"/>
</engineerTo>
<useDomainConstraints>false</useDomainConstraints>
<use>1</use>
<logicalDatatype>LOGDT006</logicalDatatype>
<dataTypeSize>1</dataTypeSize>
<ownDataTypeParameters>1,,</ownDataTypeParameters>
</Attribute>
<Attribute name="minibar" id="6B7B644E-43A2-30CB-A49D-01DF6A09E201">
<createdBy>lauramurcia</createdBy>
<createdTime>2023-09-30 15:57:54 UTC</createdTime>
<ownerDesignName>p1SISTRANS</ownerDesignName>
<engineerTo>
<item key="16EA3B20-24BF-6074-F7B8-CFB37703B3D0" value="true"/>
</engineerTo>
<useDomainConstraints>false</useDomainConstraints>
<use>1</use>
<logicalDatatype>LOGDT006</logicalDatatype>
<dataTypeSize>1</dataTypeSize>
<ownDataTypeParameters>1,,</ownDataTypeParameters>
</Attribute>
<Attribute name="cafetera" id="36D25C70-782D-9921-91EC-4CE974A6B1C2">
<createdBy>lauramurcia</createdBy>
<createdTime>2023-09-30 15:59:25 UTC</createdTime>
<ownerDesignName>p1SISTRANS</ownerDesignName>
<engineerTo>
<item key="16EA3B20-24BF-6074-F7B8-CFB37703B3D0" value="true"/>
</engineerTo>
<useDomainConstraints>false</useDomainConstraints>
<use>1</use>
<logicalDatatype>LOGDT006</logicalDatatype>
<dataTypeSize>1</dataTypeSize>
<ownDataTypeParameters>1,,</ownDataTypeParameters>
</Attribute>
<Attribute name="nombreHotel" id="D8649348-4264-757C-0B31-5DF4C327502B">
<createdBy>lauramurcia</createdBy>
<createdTime>2023-09-30 23:02:09 UTC</createdTime>
<generatorID>8E21B1AA-BCA9-2248-0625-8CDC42653811</generatorID>
<ownerDesignName>p1SISTRANS</ownerDesignName>
<engineerTo>
<item key="16EA3B20-24BF-6074-F7B8-CFB37703B3D0" value="true"/>
</engineerTo>
<referedAttribute>099A3813-496E-CF00-A81F-349169686C61</referedAttribute>
<useDomainConstraints>false</useDomainConstraints>
<use>1</use>
<logicalDatatype>LOGDT024</logicalDatatype>
<dataTypeSize>200</dataTypeSize>
<ownDataTypeParameters>,,</ownDataTypeParameters>
</Attribute>
<Attribute name="tipo1" id="82CE5F2C-5BA4-3CB6-D98F-EC945F031785">
<createdBy>lauramurcia</createdBy>
<createdTime>2023-09-30 23:50:56 UTC</createdTime>
<generatorID>086E9CCD-ECD5-AE4B-58A9-8182CBF4F372</generatorID>
<ownerDesignName>p1SISTRANS</ownerDesignName>
<engineerTo>
<item key="16EA3B20-24BF-6074-F7B8-CFB37703B3D0" value="true"/>
</engineerTo>
<referedAttribute>957FAC8B-5128-AC01-6891-7B95586457EB</referedAttribute>
<useDomainConstraints>false</useDomainConstraints>
<use>1</use>
<logicalDatatype>LOGDT024</logicalDatatype>
<dataTypeSize>200</dataTypeSize>
<ownDataTypeParameters>,,</ownDataTypeParameters>
</Attribute>
</attributes>
<identifiers itemClass="oracle.dbtools.crest.model.design.logical.CandidateKey">
<identifier id="24548830-6905-0008-6AD1-22D8CEA9CF96" name="Habitaciones PK">
<createdBy>lauramurcia</createdBy>
<createdTime>2023-09-30 15:57:16 UTC</createdTime>
<ownerDesignName>p1SISTRANS</ownerDesignName>
<shouldEngineer>false</shouldEngineer>
<engineerTo>
<item key="16EA3B20-24BF-6074-F7B8-CFB37703B3D0" value="false"/>
</engineerTo>
<pk>true</pk>
<usedAttributes>
<attributeRef>EF0575A2-93ED-1B20-02B1-ED2CA639B6CE</attributeRef>
</usedAttributes>
</identifier>
</identifiers>
</Entity>