<?xml version = '1.0' encoding = 'UTF-8'?>
<Entity class="oracle.dbtools.crest.model.design.logical.Entity" directorySegmentName="seg_0" id="73240EFF-8135-63C1-09F2-198767B73264" name="cuentaConsu">
<createdBy>lauramurcia</createdBy>
<createdTime>2023-09-30 16:22:59 UTC</createdTime>
<ownerDesignName>p1SISTRANS</ownerDesignName>
<engineerTo>
<item key="16EA3B20-24BF-6074-F7B8-CFB37703B3D0" value="true"/>
</engineerTo>
<adequatelyNormalized>NO</adequatelyNormalized>
<expectedVolumes>0</expectedVolumes>
<fwdEngineeringStrategyName>Single Table</fwdEngineeringStrategyName>
<growthPercent>0</growthPercent>
<growthType>Year</growthType>
<maxVolumes>9999999</maxVolumes>
<minVolumes>0</minVolumes>
<normalForm>Third</normalForm>
<attributes itemClass="oracle.dbtools.crest.model.design.logical.Attribute">
<Attribute name="pagado" id="51DA5D38-A0FB-BDBC-2C51-285AB23353F5">
<createdBy>lauramurcia</createdBy>
<createdTime>2023-09-30 16:23:07 UTC</createdTime>
<ownerDesignName>p1SISTRANS</ownerDesignName>
<engineerTo>
<item key="16EA3B20-24BF-6074-F7B8-CFB37703B3D0" value="true"/>
</engineerTo>
<useDomainConstraints>false</useDomainConstraints>
<use>1</use>
<logicalDatatype>LOGDT006</logicalDatatype>
<dataTypeSize>1</dataTypeSize>
<ownDataTypeParameters>1,,</ownDataTypeParameters>
</Attribute>
<Attribute name="idCuenta" id="589C5AEA-B498-633D-F080-BA4396DAC744">
<createdBy>lauramurcia</createdBy>
<createdTime>2023-09-30 16:23:23 UTC</createdTime>
<ownerDesignName>p1SISTRANS</ownerDesignName>
<engineerTo>
<item key="16EA3B20-24BF-6074-F7B8-CFB37703B3D0" value="true"/>
</engineerTo>
<useDomainConstraints>false</useDomainConstraints>
<use>1</use>
<logicalDatatype>LOGDT024</logicalDatatype>
<dataTypeSize>200</dataTypeSize>
<ownDataTypeParameters>200,,</ownDataTypeParameters>
</Attribute>
<Attribute name="idReserva" id="9BF2B72F-9318-1335-B039-33037EEACE9D">
<createdBy>lauramurcia</createdBy>
<createdTime>2023-09-30 23:04:46 UTC</createdTime>
<generatorID>7426BAE4-8613-F025-BD36-D15C9C60CD5F</generatorID>
<ownerDesignName>p1SISTRANS</ownerDesignName>
<engineerTo>
<item key="16EA3B20-24BF-6074-F7B8-CFB37703B3D0" value="true"/>
</engineerTo>
<referedAttribute>F32EEF1B-ECCB-436F-B02D-ED9F385C7C14</referedAttribute>
<useDomainConstraints>false</useDomainConstraints>
<use>1</use>
<logicalDatatype>LOGDT024</logicalDatatype>
<dataTypeSize>200</dataTypeSize>
<ownDataTypeParameters>,,</ownDataTypeParameters>
</Attribute>
</attributes>
<identifiers itemClass="oracle.dbtools.crest.model.design.logical.CandidateKey">
<identifier id="429A2A09-45BA-FCA4-B5DF-AACD24E6657A" name="cuentaConsumos PK">
<createdBy>lauramurcia</createdBy>
<createdTime>2023-09-30 23:45:41 UTC</createdTime>
<ownerDesignName>p1SISTRANS</ownerDesignName>
<shouldEngineer>false</shouldEngineer>
<engineerTo>
<item key="16EA3B20-24BF-6074-F7B8-CFB37703B3D0" value="false"/>
</engineerTo>
<pk>true</pk>
<usedAttributes>
<attributeRef>589C5AEA-B498-633D-F080-BA4396DAC744</attributeRef>
</usedAttributes>
</identifier>
</identifiers>
</Entity>