<?xml version = '1.0' encoding = 'UTF-8'?>
<Entity class="oracle.dbtools.crest.model.design.logical.Entity" directorySegmentName="seg_0" id="8EA9AC90-A393-393A-F6E2-9250EF371571" name="Salones">
<createdBy>lauramurcia</createdBy>
<createdTime>2023-09-30 23:15:44 UTC</createdTime>
<ownerDesignName>p1SISTRANS</ownerDesignName>
<engineerTo>
<item key="16EA3B20-24BF-6074-F7B8-CFB37703B3D0" value="true"/>
</engineerTo>
<adequatelyNormalized>NO</adequatelyNormalized>
<expectedVolumes>0</expectedVolumes>
<fwdEngineeringStrategyName>Single Table</fwdEngineeringStrategyName>
<growthPercent>0</growthPercent>
<growthType>Year</growthType>
<hierarchicalParent>1D1C6ED0-FDB4-3F65-EC76-FB8B1ECC781A</hierarchicalParent>
<maxVolumes>9999999</maxVolumes>
<minVolumes>0</minVolumes>
<normalForm>Third</normalForm>
<attributes itemClass="oracle.dbtools.crest.model.design.logical.Attribute">
<Attribute name="costoAdicional" id="466D55FE-62C5-5F61-09F8-09E0C81E2AFD">
<createdBy>lauramurcia</createdBy>
<createdTime>2023-09-30 23:54:05 UTC</createdTime>
<ownerDesignName>p1SISTRANS</ownerDesignName>
<engineerTo>
<item key="16EA3B20-24BF-6074-F7B8-CFB37703B3D0" value="true"/>
</engineerTo>
<useDomainConstraints>false</useDomainConstraints>
<use>1</use>
<logicalDatatype>LOGDT021</logicalDatatype>
<ownDataTypeParameters>,,</ownDataTypeParameters>
</Attribute>
<Attribute name="horas" id="C77C1A3F-53DC-6DA0-F8EA-1B966AEBF2EC">
<createdBy>lauramurcia</createdBy>
<createdTime>2023-09-30 23:54:27 UTC</createdTime>
<ownerDesignName>p1SISTRANS</ownerDesignName>
<engineerTo>
<item key="16EA3B20-24BF-6074-F7B8-CFB37703B3D0" value="true"/>
</engineerTo>
<useDomainConstraints>false</useDomainConstraints>
<use>1</use>
<logicalDatatype>LOGDT021</logicalDatatype>
<ownDataTypeParameters>,,</ownDataTypeParameters>
</Attribute>
<Attribute name="tipo" id="C69C6253-C6B1-B42F-0734-F032B0B5C2EB">
<createdBy>lauramurcia</createdBy>
<createdTime>2023-09-30 23:55:35 UTC</createdTime>
<generatorID>8B84DA1D-C4B0-C7BB-7BFC-471BF0E2C6A9</generatorID>
<ownerDesignName>p1SISTRANS</ownerDesignName>
<engineerTo>
<item key="16EA3B20-24BF-6074-F7B8-CFB37703B3D0" value="true"/>
</engineerTo>
<referedAttribute>2B022BB8-927C-4DE3-1277-E19CD95DC417</referedAttribute>
<useDomainConstraints>false</useDomainConstraints>
<use>1</use>
<logicalDatatype>LOGDT024</logicalDatatype>
<dataTypeSize>200</dataTypeSize>
<ownDataTypeParameters>,,</ownDataTypeParameters>
</Attribute>
</attributes>
</Entity>