<?xml version = '1.0' encoding = 'UTF-8'?>
<Entity class="oracle.dbtools.crest.model.design.logical.Entity" directorySegmentName="seg_0" id="AECB0C56-90E0-50CF-8443-9E49D5C69CF6" name="Usuarios">
<createdBy>lauramurcia</createdBy>
<createdTime>2023-09-30 16:21:05 UTC</createdTime>
<ownerDesignName>p1SISTRANS</ownerDesignName>
<engineerTo>
<item key="16EA3B20-24BF-6074-F7B8-CFB37703B3D0" value="true"/>
</engineerTo>
<adequatelyNormalized>NO</adequatelyNormalized>
<expectedVolumes>0</expectedVolumes>
<fwdEngineeringStrategyName>Single Table</fwdEngineeringStrategyName>
<growthPercent>0</growthPercent>
<growthType>Year</growthType>
<maxVolumes>9999999</maxVolumes>
<minVolumes>0</minVolumes>
<normalForm>Third</normalForm>
<attributes itemClass="oracle.dbtools.crest.model.design.logical.Attribute">
<Attribute name="idUsuario" id="D4A6EFA4-263C-B04E-D2A9-213F88394402">
<createdBy>lauramurcia</createdBy>
<createdTime>2023-09-30 16:21:26 UTC</createdTime>
<ownerDesignName>p1SISTRANS</ownerDesignName>
<engineerTo>
<item key="16EA3B20-24BF-6074-F7B8-CFB37703B3D0" value="true"/>
</engineerTo>
<useDomainConstraints>false</useDomainConstraints>
<use>1</use>
<logicalDatatype>LOGDT024</logicalDatatype>
<dataTypeSize>200</dataTypeSize>
<ownDataTypeParameters>200,,</ownDataTypeParameters>
</Attribute>
<Attribute name="nombreUsuario" id="72A6F0C7-E960-7915-2683-B393575D293B">
<createdBy>lauramurcia</createdBy>
<createdTime>2023-09-30 16:21:39 UTC</createdTime>
<ownerDesignName>p1SISTRANS</ownerDesignName>
<engineerTo>
<item key="16EA3B20-24BF-6074-F7B8-CFB37703B3D0" value="true"/>
</engineerTo>
<useDomainConstraints>false</useDomainConstraints>
<use>1</use>
<logicalDatatype>LOGDT024</logicalDatatype>
<dataTypeSize>200</dataTypeSize>
<ownDataTypeParameters>200,,</ownDataTypeParameters>
</Attribute>
<Attribute name="email" id="F015E95B-F2AF-96E7-4322-B68162C0B781">
<createdBy>lauramurcia</createdBy>
<createdTime>2023-09-30 16:21:48 UTC</createdTime>
<ownerDesignName>p1SISTRANS</ownerDesignName>
<engineerTo>
<item key="16EA3B20-24BF-6074-F7B8-CFB37703B3D0" value="true"/>
</engineerTo>
<useDomainConstraints>false</useDomainConstraints>
<use>1</use>
<logicalDatatype>LOGDT024</logicalDatatype>
<dataTypeSize>200</dataTypeSize>
<ownDataTypeParameters>200,,</ownDataTypeParameters>
</Attribute>
<Attribute name="rol" id="D88CC9E4-21F8-3084-6DD2-CBAE2F0D5A31">
<createdBy>lauramurcia</createdBy>
<createdTime>2023-09-30 16:21:59 UTC</createdTime>
<ownerDesignName>p1SISTRANS</ownerDesignName>
<engineerTo>
<item key="16EA3B20-24BF-6074-F7B8-CFB37703B3D0" value="true"/>
</engineerTo>
<useDomainConstraints>false</useDomainConstraints>
<use>1</use>
<logicalDatatype>LOGDT024</logicalDatatype>
<dataTypeSize>200</dataTypeSize>
<ownDataTypeParameters>200,,</ownDataTypeParameters>
</Attribute>
<Attribute name="nombreHotel" id="7FABF8C5-6FB6-618A-315B-A2391843C255">
<createdBy>lauramurcia</createdBy>
<createdTime>2023-09-30 23:07:27 UTC</createdTime>
<generatorID>52D385E5-6F8D-B075-566C-C027CF7E868B</generatorID>
<ownerDesignName>p1SISTRANS</ownerDesignName>
<engineerTo>
<item key="16EA3B20-24BF-6074-F7B8-CFB37703B3D0" value="true"/>
</engineerTo>
<referedAttribute>099A3813-496E-CF00-A81F-349169686C61</referedAttribute>
<useDomainConstraints>false</useDomainConstraints>
<use>1</use>
<logicalDatatype>LOGDT024</logicalDatatype>
<dataTypeSize>200</dataTypeSize>
<ownDataTypeParameters>,,</ownDataTypeParameters>
</Attribute>
<Attribute name="tipoID" id="517C1BE5-A12F-AE83-07F1-88D81F9FE321">
<createdBy>lauramurcia</createdBy>
<createdTime>2023-10-01 04:42:05 UTC</createdTime>
<ownerDesignName>p1SISTRANS</ownerDesignName>
<engineerTo>
<item key="16EA3B20-24BF-6074-F7B8-CFB37703B3D0" value="true"/>
</engineerTo>
<useDomainConstraints>false</useDomainConstraints>
<use>1</use>
<logicalDatatype>LOGDT024</logicalDatatype>
<dataTypeSize>200</dataTypeSize>
<ownDataTypeParameters>200,,</ownDataTypeParameters>
</Attribute>
</attributes>
<identifiers itemClass="oracle.dbtools.crest.model.design.logical.CandidateKey">
<identifier id="8BBB155B-BCD1-8563-C6D4-DB9E2238ECB2" name="Usuarios PK">
<createdBy>lauramurcia</createdBy>
<createdTime>2023-09-30 16:21:38 UTC</createdTime>
<ownerDesignName>p1SISTRANS</ownerDesignName>
<shouldEngineer>false</shouldEngineer>
<engineerTo>
<item key="16EA3B20-24BF-6074-F7B8-CFB37703B3D0" value="false"/>
</engineerTo>
<pk>true</pk>
<usedAttributes>
<attributeRef>D4A6EFA4-263C-B04E-D2A9-213F88394402</attributeRef>
</usedAttributes>
</identifier>
</identifiers>
</Entity>