<?xml version = '1.0' encoding = 'UTF-8'?>
<Diagram class="oracle.dbtools.crest.swingui.relational.DPVRelational" name="Relational_1" id="CB0B680B-E37A-4A2C-BFAC-F8B318EAFE07">
<createdBy>lauramurcia</createdBy>
<modifiedBy>lauramurcia</modifiedBy>
<createdTime>2023-10-01 04:08:56 UTC</createdTime>
<autoRoute>false</autoRoute>
<boxInbox>true</boxInbox>
<showLegend>false</showLegend>
<showLabels>false</showLabels>
<showRelAttributes>false</showRelAttributes>
<gridEnabled>false</gridEnabled>
<showGrid>false</showGrid>
<diagramColor>-1</diagramColor>
<display>false</display>
<notation>1</notation>
<objectViews>
<OView class="oracle.dbtools.crest.swingui.relational.TVTable" oid="10523A41-B8B1-34D7-84B3-E5B8812B3EC6" otype="Table" vid="474FB03C-AF8B-1A20-F00B-2443B73A922D">
<hideElementsInCurrentOnly>false</hideElementsInCurrentOnly>
<bounds x="269" y="360" width="170" height="110"/>
</OView>
<OView class="oracle.dbtools.crest.swingui.relational.TVTable" oid="25A6D783-1671-CD42-A71B-EC46CF51164E" otype="Table" vid="FCD97745-CA96-F5DA-3C17-236EDF3B837A">
<hideElementsInCurrentOnly>false</hideElementsInCurrentOnly>
<bounds x="1001" y="367" width="170" height="110"/>
</OView>
<OView class="oracle.dbtools.crest.swingui.relational.TVTable" oid="26D4D6B4-A716-D21B-7339-C3861BF5FD36" otype="Table" vid="8D8B18DF-F3CA-9788-71E6-B6BD5F6EA079">
<hideElementsInCurrentOnly>false</hideElementsInCurrentOnly>
<bounds x="365" y="788" width="170" height="110"/>
</OView>
<OView class="oracle.dbtools.crest.swingui.relational.TVTable" oid="2F8B360A-904A-9B8B-997F-48F476DD9A87" otype="Table" vid="07627492-DE45-7C76-9F38-9209503D88ED">
<hideElementsInCurrentOnly>false</hideElementsInCurrentOnly>
<bounds x="278" y="57" width="170" height="110"/>
</OView>
<OView class="oracle.dbtools.crest.swingui.relational.TVTable" oid="3E481913-42E6-1D40-470A-99ADBDEFE93C" otype="Table" vid="DF6719AB-6BBC-6700-7B1A-D4CCDB961409">
<hideElementsInCurrentOnly>false</hideElementsInCurrentOnly>
<bounds x="938" y="553" width="170" height="111"/>
</OView>
<OView class="oracle.dbtools.crest.swingui.relational.TVTable" oid="4C5D277E-97E8-C6D3-5458-A68F715FAE2D" otype="Table" vid="280734B4-394D-4C5F-5D07-B95CBAF7BA98">
<hideElementsInCurrentOnly>false</hideElementsInCurrentOnly>
<bounds x="563" y="7" width="170" height="110"/>
</OView>
<OView class="oracle.dbtools.crest.swingui.relational.TVTable" oid="53EC7C7D-A771-4006-269C-35FB03FECBD7" otype="Table" vid="6ECC01E7-E5C0-E17F-0FCF-67F71059A20B">
<hideElementsInCurrentOnly>false</hideElementsInCurrentOnly>
<bounds x="567" y="63" width="170" height="110"/>
</OView>
<OView class="oracle.dbtools.crest.swingui.relational.TVTable" oid="5C25878E-717B-5441-2293-75091661BD76" otype="Table" vid="7A985F49-F9F6-E927-C13F-719530EA201B">
<hideElementsInCurrentOnly>false</hideElementsInCurrentOnly>
<bounds x="616" y="730" width="170" height="111"/>
</OView>
<OView class="oracle.dbtools.crest.swingui.relational.TVTable" oid="5EAF0442-4A0D-581C-27BE-C2DDD5D9AF23" otype="Table" vid="89414A48-6C8D-1362-66CE-544E29227F86">
<hideElementsInCurrentOnly>false</hideElementsInCurrentOnly>
<bounds x="273" y="645" width="170" height="110"/>
</OView>
<OView class="oracle.dbtools.crest.swingui.relational.TVTable" oid="66BEB27E-9B17-7B94-93F3-D273671E64C4" otype="Table" vid="EFCFDE9E-0A0F-3502-DE0C-F08E5EB5C6EE">
<hideElementsInCurrentOnly>false</hideElementsInCurrentOnly>
<bounds x="812" y="314" width="170" height="110"/>
</OView>
<OView class="oracle.dbtools.crest.swingui.relational.TVTable" oid="789D548B-7C21-3459-C7A9-64F0BDB0CF1E" otype="Table" vid="E511AEB8-2E92-D938-4E79-31841490D102">
<hideElementsInCurrentOnly>false</hideElementsInCurrentOnly>
<bounds x="270" y="205" width="170" height="110"/>
</OView>
<OView class="oracle.dbtools.crest.swingui.relational.TVTable" oid="817F1A2E-B20D-DB2B-4D36-A434F9BEDE45" otype="Table" vid="40ED66D7-4CB5-0563-2247-1DA9274AA8C9">
<hideElementsInCurrentOnly>false</hideElementsInCurrentOnly>
<bounds x="848" y="66" width="170" height="110"/>
</OView>
<OView class="oracle.dbtools.crest.swingui.relational.TVTable" oid="86DBD4EC-2E6E-173C-27C0-1E37F9A00F3C" otype="Table" vid="F9FA877D-3A54-92BF-8F19-175DB7FB15D8">
<hideElementsInCurrentOnly>false</hideElementsInCurrentOnly>
<bounds x="263" y="509" width="170" height="110"/>
</OView>
<OView class="oracle.dbtools.crest.swingui.relational.TVTable" oid="9367EAC1-AE43-1595-636C-8436E4808FE8" otype="Table" vid="08B4D0C0-1228-2513-3F78-A4505E161A96">
<hideElementsInCurrentOnly>false</hideElementsInCurrentOnly>
<bounds x="554" y="583" width="133" height="66"/>
</OView>
<OView class="oracle.dbtools.crest.swingui.relational.TVTable" oid="94C70641-6C00-DD67-6144-218730CCC379" otype="Table" vid="1D9EABE4-8B83-BB11-B44C-61C479A00230">
<hideElementsInCurrentOnly>false</hideElementsInCurrentOnly>
<bounds x="706" y="579" width="129" height="63"/>
</OView>
<OView class="oracle.dbtools.crest.swingui.relational.TVTable" oid="A86263D4-FD22-35D8-8752-2A78B98ED2A0" otype="Table" vid="CAF5BAB5-5670-633D-29FA-60A4CCA70897">
<hideElementsInCurrentOnly>false</hideElementsInCurrentOnly>
<bounds x="604" y="373" width="170" height="110"/>
</OView>
<OView class="oracle.dbtools.crest.swingui.relational.TVTable" oid="AACC4731-5A74-7434-28A5-A96F64FD1F83" otype="Table" vid="3E73CE85-86DA-2C87-860E-63A82BA84D68">
<hideElementsInCurrentOnly>false</hideElementsInCurrentOnly>
<bounds x="559" y="232" width="170" height="110"/>
</OView>
<OView class="oracle.dbtools.crest.swingui.relational.TVTable" oid="AEB5A382-7853-C0EC-6B0B-57C5C0A82AC1" otype="Table" vid="220114F8-0E5A-4A25-538E-1884704B561F">
<hideElementsInCurrentOnly>false</hideElementsInCurrentOnly>
<bounds x="1033" y="134" width="170" height="110"/>
</OView>
<OView class="oracle.dbtools.crest.swingui.relational.TVTable" oid="D1ACD67C-355E-0910-6EA9-D12CDB3371B0" otype="Table" vid="54AF97C9-C01E-292E-3727-492428E2338A">
<hideElementsInCurrentOnly>false</hideElementsInCurrentOnly>
<bounds x="544" y="490" width="318" height="172"/>
</OView>
<OView class="oracle.dbtools.crest.swingui.relational.TVTable" oid="DAEA7AEF-78C2-9E8F-D504-06AD41A0039B" otype="Table" vid="BBEAA766-40DE-09B9-7E9D-96C4456C52AD">
<hideElementsInCurrentOnly>false</hideElementsInCurrentOnly>
<bounds x="963" y="764" width="170" height="110"/>
</OView>
<OView class="oracle.dbtools.crest.swingui.relational.TVTable" oid="EF1621B9-D31A-B26B-AE74-91A73214D37E" otype="Table" vid="5E7464CB-3A09-3BB9-3A93-F3B6390230B4">
<hideElementsInCurrentOnly>false</hideElementsInCurrentOnly>
<bounds x="44" y="204" width="170" height="110"/>
</OView>
</objectViews>
<connectors>
<Connector class="oracle.dbtools.crest.swingui.relational.TVFKRelation" oid="0345F98E-26A4-3627-BBAD-64E859A29D9E" otype="FKIndexAssociation" vid_source="1D9EABE4-8B83-BB11-B44C-61C479A00230" vid_target="FCD97745-CA96-F5DA-3C17-236EDF3B837A">
<hideElementsInCurrentOnly>false</hideElementsInCurrentOnly>
<backgroundColor>-16777216</backgroundColor>
<lineWidth>1</lineWidth>
<points>
<point x="823" y="579"/>
<point x="1001" y="472"/>
</points>
</Connector>
<Connector class="oracle.dbtools.crest.swingui.relational.TVFKRelation" oid="038E31B5-7279-6F00-49AE-67736590F3E7" otype="FKIndexAssociation" vid_source="54AF97C9-C01E-292E-3727-492428E2338A" vid_target="EFCFDE9E-0A0F-3502-DE0C-F08E5EB5C6EE">
<hideElementsInCurrentOnly>false</hideElementsInCurrentOnly>
<backgroundColor>-16777216</backgroundColor>
<lineWidth>1</lineWidth>
<points>
<point x="837" y="490"/>
<point x="837" y="424"/>
</points>
</Connector>
<Connector class="oracle.dbtools.crest.swingui.relational.TVFKRelation" oid="0C78FD66-9AB1-36E7-4376-AD0524351BA9" otype="FKIndexAssociation" vid_source="54AF97C9-C01E-292E-3727-492428E2338A" vid_target="89414A48-6C8D-1362-66CE-544E29227F86">
<hideElementsInCurrentOnly>false</hideElementsInCurrentOnly>
<backgroundColor>-16777216</backgroundColor>
<lineWidth>1</lineWidth>
<points>
<point x="544" y="653"/>
<point x="443" y="653"/>
</points>
</Connector>
<Connector class="oracle.dbtools.crest.swingui.relational.TVFKRelation" oid="133A241D-EE3D-0E63-D65D-79AEC52B9BA7" otype="FKIndexAssociation" vid_source="474FB03C-AF8B-1A20-F00B-2443B73A922D" vid_target="CAF5BAB5-5670-633D-29FA-60A4CCA70897">
<hideElementsInCurrentOnly>false</hideElementsInCurrentOnly>
<backgroundColor>-16777216</backgroundColor>
<lineWidth>1</lineWidth>
<points>
<point x="439" y="376"/>
<point x="604" y="376"/>
</points>
</Connector>
<Connector class="oracle.dbtools.crest.swingui.relational.TVFKRelation" oid="35F62B3D-092F-11C2-7A98-A75441193976" otype="FKIndexAssociation" vid_source="54AF97C9-C01E-292E-3727-492428E2338A" vid_target="08B4D0C0-1228-2513-3F78-A4505E161A96">
<hideElementsInCurrentOnly>false</hideElementsInCurrentOnly>
<backgroundColor>-16777216</backgroundColor>
<lineWidth>1</lineWidth>
<points>
<point x="862" y="616"/>
<point x="571" y="616"/>
</points>
</Connector>
<Connector class="oracle.dbtools.crest.swingui.relational.TVFKRelation" oid="4182A788-3844-C5A3-6585-4DE478632142" otype="FKIndexAssociation" vid_source="474FB03C-AF8B-1A20-F00B-2443B73A922D" vid_target="E511AEB8-2E92-D938-4E79-31841490D102">
<hideElementsInCurrentOnly>false</hideElementsInCurrentOnly>
<backgroundColor>-16777216</backgroundColor>
<lineWidth>1</lineWidth>
<points>
<point x="369" y="360"/>
<point x="369" y="315"/>
</points>
</Connector>
<Connector class="oracle.dbtools.crest.swingui.relational.TVFKRelation" oid="4EA987A8-0499-0895-539F-5D4E6D91C1FE" otype="FKIndexAssociation" vid_source="6ECC01E7-E5C0-E17F-0FCF-67F71059A20B" vid_target="280734B4-394D-4C5F-5D07-B95CBAF7BA98">
<hideElementsInCurrentOnly>false</hideElementsInCurrentOnly>
<backgroundColor>-16777216</backgroundColor>
<lineWidth>1</lineWidth>
<points>
<point x="737" y="63"/>
<point x="733" y="59"/>
</points>
</Connector>
<Connector class="oracle.dbtools.crest.swingui.relational.TVFKRelation" oid="5EFF23E5-FF33-2BF8-8AA5-75493BC0F6FA" otype="FKIndexAssociation" vid_source="7A985F49-F9F6-E927-C13F-719530EA201B" vid_target="8D8B18DF-F3CA-9788-71E6-B6BD5F6EA079">
<hideElementsInCurrentOnly>false</hideElementsInCurrentOnly>
<backgroundColor>-16777216</backgroundColor>
<lineWidth>1</lineWidth>
<points>
<point x="629" y="841"/>
<point x="535" y="833"/>
</points>
</Connector>
<Connector class="oracle.dbtools.crest.swingui.relational.TVFKRelation" oid="6FD68BFA-0C48-7D62-098F-64D385279C6A" otype="FKIndexAssociation" vid_source="F9FA877D-3A54-92BF-8F19-175DB7FB15D8" vid_target="89414A48-6C8D-1362-66CE-544E29227F86">
<hideElementsInCurrentOnly>false</hideElementsInCurrentOnly>
<backgroundColor>-16777216</backgroundColor>
<lineWidth>1</lineWidth>
<points>
<point x="354" y="619"/>
<point x="354" y="645"/>
</points>
</Connector>
<Connector class="oracle.dbtools.crest.swingui.relational.TVFKRelation" oid="71DB0618-B0A0-52BD-5612-2EAFEB7795FA" otype="FKIndexAssociation" vid_source="5E7464CB-3A09-3BB9-3A93-F3B6390230B4" vid_target="E511AEB8-2E92-D938-4E79-31841490D102">
<hideElementsInCurrentOnly>false</hideElementsInCurrentOnly>
<backgroundColor>-16777216</backgroundColor>
<lineWidth>1</lineWidth>
<points>
<point x="214" y="274"/>
<point x="270" y="274"/>
</points>
</Connector>
<Connector class="oracle.dbtools.crest.swingui.relational.TVFKRelation" oid="74006AE2-5F58-8B94-00B6-96231729634E" otype="FKIndexAssociation" vid_source="40ED66D7-4CB5-0563-2247-1DA9274AA8C9" vid_target="EFCFDE9E-0A0F-3502-DE0C-F08E5EB5C6EE">
<hideElementsInCurrentOnly>false</hideElementsInCurrentOnly>
<backgroundColor>-16777216</backgroundColor>
<lineWidth>1</lineWidth>
<points>
<point x="915" y="176"/>
<point x="915" y="314"/>
</points>
</Connector>
<Connector class="oracle.dbtools.crest.swingui.relational.TVFKRelation" oid="7E065089-6655-14A0-BD86-AD6F944B9927" otype="FKIndexAssociation" vid_source="54AF97C9-C01E-292E-3727-492428E2338A" vid_target="CAF5BAB5-5670-633D-29FA-60A4CCA70897">
<hideElementsInCurrentOnly>false</hideElementsInCurrentOnly>
<backgroundColor>-16777216</backgroundColor>
<lineWidth>1</lineWidth>
<points>
<point x="689" y="490"/>
<point x="689" y="483"/>
</points>
</Connector>
<Connector class="oracle.dbtools.crest.swingui.relational.TVFKRelation" oid="8011536D-5496-17E9-8D89-5FA21E5301A3" otype="FKIndexAssociation" vid_source="7A985F49-F9F6-E927-C13F-719530EA201B" vid_target="BBEAA766-40DE-09B9-7E9D-96C4456C52AD">
<hideElementsInCurrentOnly>false</hideElementsInCurrentOnly>
<backgroundColor>-16777216</backgroundColor>
<lineWidth>1</lineWidth>
<points>
<point x="786" y="820"/>
<point x="963" y="820"/>
</points>
</Connector>
<Connector class="oracle.dbtools.crest.swingui.relational.TVFKRelation" oid="812D5DCB-5AF5-906A-5968-C35870A236F6" otype="FKIndexAssociation" vid_source="40ED66D7-4CB5-0563-2247-1DA9274AA8C9" vid_target="6ECC01E7-E5C0-E17F-0FCF-67F71059A20B">
<hideElementsInCurrentOnly>false</hideElementsInCurrentOnly>
<backgroundColor>-16777216</backgroundColor>
<lineWidth>1</lineWidth>
<points>
<point x="848" y="119"/>
<point x="737" y="119"/>
</points>
</Connector>
<Connector class="oracle.dbtools.crest.swingui.relational.TVFKRelation" oid="9B8E6853-8204-2076-3A06-80FC78D7FD58" otype="FKIndexAssociation" vid_source="07627492-DE45-7C76-9F38-9209503D88ED" vid_target="280734B4-394D-4C5F-5D07-B95CBAF7BA98">
<hideElementsInCurrentOnly>false</hideElementsInCurrentOnly>
<backgroundColor>-16777216</backgroundColor>
<lineWidth>1</lineWidth>
<points>
<point x="448" y="58"/>
<point x="563" y="58"/>
</points>
</Connector>
<Connector class="oracle.dbtools.crest.swingui.relational.TVFKRelation" oid="A73682AA-6906-7C14-167B-487793D4C4A7" otype="FKIndexAssociation" vid_source="08B4D0C0-1228-2513-3F78-A4505E161A96" vid_target="8D8B18DF-F3CA-9788-71E6-B6BD5F6EA079">
<hideElementsInCurrentOnly>false</hideElementsInCurrentOnly>
<backgroundColor>-16777216</backgroundColor>
<lineWidth>1</lineWidth>
<points>
<point x="595" y="649"/>
<point x="491" y="788"/>
</points>
</Connector>
<Connector class="oracle.dbtools.crest.swingui.relational.TVFKRelation" oid="B528D6ED-9657-C86B-EF09-485C534EDAFE" otype="FKIndexAssociation" vid_source="3E73CE85-86DA-2C87-860E-63A82BA84D68" vid_target="220114F8-0E5A-4A25-538E-1884704B561F">
<hideElementsInCurrentOnly>false</hideElementsInCurrentOnly>
<backgroundColor>-16777216</backgroundColor>
<lineWidth>1</lineWidth>
<points>
<point x="729" y="238"/>
<point x="1033" y="238"/>
</points>
</Connector>
<Connector class="oracle.dbtools.crest.swingui.relational.TVFKRelation" oid="BF55B5AA-4D89-DB9B-5DF5-31A56EE4E914" otype="FKIndexAssociation" vid_source="40ED66D7-4CB5-0563-2247-1DA9274AA8C9" vid_target="220114F8-0E5A-4A25-538E-1884704B561F">
<hideElementsInCurrentOnly>false</hideElementsInCurrentOnly>
<backgroundColor>-16777216</backgroundColor>
<lineWidth>1</lineWidth>
<points>
<point x="1018" y="155"/>
<point x="1033" y="155"/>
</points>
</Connector>
<Connector class="oracle.dbtools.crest.swingui.relational.TVFKRelation" oid="D0CE5BFC-38F2-89F5-4563-632DA4D06DA6" otype="FKIndexAssociation" vid_source="474FB03C-AF8B-1A20-F00B-2443B73A922D" vid_target="F9FA877D-3A54-92BF-8F19-175DB7FB15D8">
<hideElementsInCurrentOnly>false</hideElementsInCurrentOnly>
<backgroundColor>-16777216</backgroundColor>
<lineWidth>1</lineWidth>
<points>
<point x="351" y="470"/>
<point x="351" y="509"/>
</points>
</Connector>
<Connector class="oracle.dbtools.crest.swingui.relational.TVFKRelation" oid="D21EDBEC-56FF-DDE5-79AE-132E7B06C129" otype="FKIndexAssociation" vid_source="474FB03C-AF8B-1A20-F00B-2443B73A922D" vid_target="3E73CE85-86DA-2C87-860E-63A82BA84D68">
<hideElementsInCurrentOnly>false</hideElementsInCurrentOnly>
<backgroundColor>-16777216</backgroundColor>
<lineWidth>1</lineWidth>
<points>
<point x="439" y="377"/>
<point x="559" y="324"/>
</points>
</Connector>
<Connector class="oracle.dbtools.crest.swingui.relational.TVFKRelation" oid="E3F7F3BE-33EF-002B-11CA-A6EC1C43B59C" otype="FKIndexAssociation" vid_source="E511AEB8-2E92-D938-4E79-31841490D102" vid_target="07627492-DE45-7C76-9F38-9209503D88ED">
<hideElementsInCurrentOnly>false</hideElementsInCurrentOnly>
<backgroundColor>-16777216</backgroundColor>
<lineWidth>1</lineWidth>
<points>
<point x="374" y="205"/>
<point x="374" y="167"/>
</points>
</Connector>
<Connector class="oracle.dbtools.crest.swingui.relational.TVFKRelation" oid="EDC4A11A-FEDE-7D3C-0DB8-10EABCD29AC1" otype="FKIndexAssociation" vid_source="1D9EABE4-8B83-BB11-B44C-61C479A00230" vid_target="BBEAA766-40DE-09B9-7E9D-96C4456C52AD">
<hideElementsInCurrentOnly>false</hideElementsInCurrentOnly>
<backgroundColor>-16777216</backgroundColor>
<lineWidth>1</lineWidth>
<points>
<point x="812" y="642"/>
<point x="974" y="764"/>
</points>
</Connector>
<Connector class="oracle.dbtools.crest.swingui.relational.TVFKRelation" oid="F9BC75DC-2F36-F136-7E21-D9A65ACF16E5" otype="FKIndexAssociation" vid_source="54AF97C9-C01E-292E-3727-492428E2338A" vid_target="1D9EABE4-8B83-BB11-B44C-61C479A00230">
<hideElementsInCurrentOnly>false</hideElementsInCurrentOnly>
<backgroundColor>-16777216</backgroundColor>
<lineWidth>1</lineWidth>
<points>
<point x="862" y="595"/>
<point x="706" y="595"/>
</points>
</Connector>
<Connector class="oracle.dbtools.crest.swingui.relational.TVFKRelation" oid="FEDA52FC-F323-A093-D681-7D475325C04B" otype="FKIndexAssociation" vid_source="DF6719AB-6BBC-6700-7B1A-D4CCDB961409" vid_target="FCD97745-CA96-F5DA-3C17-236EDF3B837A">
<hideElementsInCurrentOnly>false</hideElementsInCurrentOnly>
<backgroundColor>-16777216</backgroundColor>
<lineWidth>1</lineWidth>
<points>
<point x="1108" y="553"/>
<point x="1171" y="424"/>
</points>
</Connector>
</connectors>
<arcs>
<Arc class="oracle.dbtools.crest.swingui.relational.TVFKArc" oid="521B7B07-17C2-53AC-627C-432E836DEA61" otype="FKArc" vid="4522A3ED-E428-4E60-AA8F-02A3E965E5CF">
<hideElementsInCurrentOnly>false</hideElementsInCurrentOnly>
<bounds x="524" y="470" width="358" height="212"/>
</Arc>
</arcs>
</Diagram>