<?xml version = '1.0' encoding = 'UTF-8'?>
<Table class="oracle.dbtools.crest.model.design.relational.Table" directorySegmentName="seg_0" id="0587D834-0BCB-A53A-0A2E-2ABC0F96E177" name="horariosSpa">
<createdBy>lauramurcia</createdBy>
<createdTime>2023-10-02 00:52:33 UTC</createdTime>
<ownerDesignName>p1SISTRANS</ownerDesignName>
<allowColumnReorder>false</allowColumnReorder>
<existDependencyGenerateInDDl>true</existDependencyGenerateInDDl>
<parsed>true</parsed>
<columns itemClass="oracle.dbtools.crest.model.design.relational.Column">
<Column name="Spas_idServicio" id="3C71F0DD-6046-AF0D-5FD9-0DAE2A247364">
<createdBy>lauramurcia</createdBy>
<createdTime>2023-10-02 00:52:33 UTC</createdTime>
<ownerDesignName>p1SISTRANS</ownerDesignName>
<useDomainConstraints>false</useDomainConstraints>
<use>1</use>
<logicalDatatype>LOGDT024</logicalDatatype>
<dataTypeSize>200</dataTypeSize>
<ownDataTypeParameters>,,</ownDataTypeParameters>
<previousColumn>false</previousColumn>
<autoIncrementCycle>false</autoIncrementCycle>
<associations>
<colAssociation fkAssociation="645A3826-EBBE-5BB0-D678-A2E452157095" referredColumn="7E9B3007-9F41-6691-D7C1-566BF6A94EA7"/>
</associations>
</Column>
<Column name="Spas_tipo" id="206CD419-DD96-3C41-D08D-F56538AD4207">
<createdBy>lauramurcia</createdBy>
<createdTime>2023-10-02 00:52:33 UTC</createdTime>
<ownerDesignName>p1SISTRANS</ownerDesignName>
<useDomainConstraints>false</useDomainConstraints>
<use>1</use>
<logicalDatatype>LOGDT024</logicalDatatype>
<dataTypeSize>200</dataTypeSize>
<ownDataTypeParameters>,,</ownDataTypeParameters>
<previousColumn>false</previousColumn>
<autoIncrementCycle>false</autoIncrementCycle>
<associations>
<colAssociation fkAssociation="645A3826-EBBE-5BB0-D678-A2E452157095" referredColumn="0A6B6677-BC2A-562B-F62B-2B2D1CB30B2B"/>
</associations>
</Column>
<Column name="Horarios_idServicio" id="C33568C5-2413-B216-D991-968E6E6AE6C0">
<createdBy>lauramurcia</createdBy>
<createdTime>2023-10-02 00:52:33 UTC</createdTime>
<ownerDesignName>p1SISTRANS</ownerDesignName>
<useDomainConstraints>false</useDomainConstraints>
<use>1</use>
<logicalDatatype>LOGDT024</logicalDatatype>
<dataTypeSize>200</dataTypeSize>
<ownDataTypeParameters>,,</ownDataTypeParameters>
<previousColumn>false</previousColumn>
<autoIncrementCycle>false</autoIncrementCycle>
<associations>
<colAssociation fkAssociation="84705AF2-2BB8-3CC1-AF52-33E55C1C591B" referredColumn="810CF188-8DCB-90E0-ABC3-E3C3AE86F5C9"/>
</associations>
</Column>
</columns>
<indexes itemClass="oracle.dbtools.crest.model.design.relational.Index">
<ind_PK_UK id="70CD292B-633D-B701-7905-9057D8A039AA" name="horariosSpa_PK">
<createdBy>lauramurcia</createdBy>
<createdTime>2023-10-02 00:52:33 UTC</createdTime>
<ownerDesignName>p1SISTRANS</ownerDesignName>
<pk>true</pk>
<indexState>Primary Constraint</indexState>
<isSurrogateKey>false</isSurrogateKey>
<indexColumnUsage>
<colUsage columnID="3C71F0DD-6046-AF0D-5FD9-0DAE2A247364"/>
<colUsage columnID="206CD419-DD96-3C41-D08D-F56538AD4207"/>
<colUsage columnID="C33568C5-2413-B216-D991-968E6E6AE6C0"/>
</indexColumnUsage>
</ind_PK_UK>
<ind_PK_UK id="FA20CAF9-70E6-EFB3-68B0-02FD3F27EF3D" name="horariosSpa_Spas_FK">
<createdBy>lauramurcia</createdBy>
<createdTime>2023-10-02 00:52:33 UTC</createdTime>
<generatorID>5C50E0C0-9ABD-9F8E-AFD1-0AF12421E439</generatorID>
<ownerDesignName>p1SISTRANS</ownerDesignName>
<indexState>Foreign Key</indexState>
<isSurrogateKey>false</isSurrogateKey>
<indexColumnUsage>
<colUsage columnID="3C71F0DD-6046-AF0D-5FD9-0DAE2A247364"/>
<colUsage columnID="206CD419-DD96-3C41-D08D-F56538AD4207"/>
</indexColumnUsage>
</ind_PK_UK>
<ind_PK_UK id="397B8E3A-8BAC-6E5A-8111-11B6C00D7615" name="horariosSpa_Horarios_FK">
<createdBy>lauramurcia</createdBy>
<createdTime>2023-10-02 00:52:33 UTC</createdTime>
<generatorID>5C50E0C0-9ABD-9F8E-AFD1-0AF12421E439</generatorID>
<ownerDesignName>p1SISTRANS</ownerDesignName>
<indexState>Foreign Key</indexState>
<isSurrogateKey>false</isSurrogateKey>
<indexColumnUsage>
<colUsage columnID="C33568C5-2413-B216-D991-968E6E6AE6C0"/>
</indexColumnUsage>
</ind_PK_UK>
</indexes>
</Table>