<?xml version = '1.0' encoding = 'UTF-8'?>
<Table class="oracle.dbtools.crest.model.design.relational.Table" directorySegmentName="seg_0" id="07C1DD77-031D-890A-5FC5-085B7E4A762E" name="productosTiendas">
<createdBy>lauramurcia</createdBy>
<createdTime>2023-10-02 00:52:34 UTC</createdTime>
<ownerDesignName>p1SISTRANS</ownerDesignName>
<allowColumnReorder>false</allowColumnReorder>
<existDependencyGenerateInDDl>true</existDependencyGenerateInDDl>
<parsed>true</parsed>
<columns itemClass="oracle.dbtools.crest.model.design.relational.Column">
<Column name="Tiendas_idServicio" id="74470704-2076-3166-589A-AE222FBF4DBB">
<createdBy>lauramurcia</createdBy>
<createdTime>2023-10-02 00:52:34 UTC</createdTime>
<ownerDesignName>p1SISTRANS</ownerDesignName>
<useDomainConstraints>false</useDomainConstraints>
<use>1</use>
<logicalDatatype>LOGDT024</logicalDatatype>
<dataTypeSize>200</dataTypeSize>
<ownDataTypeParameters>,,</ownDataTypeParameters>
<previousColumn>false</previousColumn>
<autoIncrementCycle>false</autoIncrementCycle>
<associations>
<colAssociation fkAssociation="F488FC49-4922-492E-45E6-DDDD70756107" referredColumn="643D3383-EAC9-9EE4-95AC-0C1F0E1A4812"/>
</associations>
</Column>
<Column name="Tiendas_tipo" id="26B65D80-F0FF-B9F6-612F-E771932BF3B3">
<createdBy>lauramurcia</createdBy>
<createdTime>2023-10-02 00:52:34 UTC</createdTime>
<ownerDesignName>p1SISTRANS</ownerDesignName>
<useDomainConstraints>false</useDomainConstraints>
<use>1</use>
<logicalDatatype>LOGDT024</logicalDatatype>
<dataTypeSize>200</dataTypeSize>
<ownDataTypeParameters>,,</ownDataTypeParameters>
<previousColumn>false</previousColumn>
<autoIncrementCycle>false</autoIncrementCycle>
<associations>
<colAssociation fkAssociation="F488FC49-4922-492E-45E6-DDDD70756107" referredColumn="84498091-EB55-E2FC-ACBC-D4F1707D7E7E"/>
</associations>
</Column>
<Column name="Productos_idProducto" id="368F24E1-139C-3121-996D-21D1D0740E01">
<createdBy>lauramurcia</createdBy>
<createdTime>2023-10-02 00:52:34 UTC</createdTime>
<ownerDesignName>p1SISTRANS</ownerDesignName>
<useDomainConstraints>false</useDomainConstraints>
<use>1</use>
<logicalDatatype>LOGDT011</logicalDatatype>
<ownDataTypeParameters>,,</ownDataTypeParameters>
<previousColumn>false</previousColumn>
<autoIncrementCycle>false</autoIncrementCycle>
<associations>
<colAssociation fkAssociation="B6A68C6F-F2E8-42A7-F360-19156612CD9D" referredColumn="44EB784B-80E1-D853-9A5C-199D234F8CB5"/>
</associations>
</Column>
</columns>
<indexes itemClass="oracle.dbtools.crest.model.design.relational.Index">
<ind_PK_UK id="6D7DD0C8-498E-D180-C872-7CECA45246AC" name="productosTiendas_PK">
<createdBy>lauramurcia</createdBy>
<createdTime>2023-10-02 00:52:34 UTC</createdTime>
<ownerDesignName>p1SISTRANS</ownerDesignName>
<pk>true</pk>
<indexState>Primary Constraint</indexState>
<isSurrogateKey>false</isSurrogateKey>
<indexColumnUsage>
<colUsage columnID="74470704-2076-3166-589A-AE222FBF4DBB"/>
<colUsage columnID="26B65D80-F0FF-B9F6-612F-E771932BF3B3"/>
<colUsage columnID="368F24E1-139C-3121-996D-21D1D0740E01"/>
</indexColumnUsage>
</ind_PK_UK>
<ind_PK_UK id="F38A4D24-ECB9-61E9-DF8B-9A4CB6220EF6" name="productosTiendas_Tiendas_FK">
<createdBy>lauramurcia</createdBy>
<createdTime>2023-10-02 00:52:34 UTC</createdTime>
<generatorID>9B1AA7F1-C452-933B-5367-ADBC37A8BC8C</generatorID>
<ownerDesignName>p1SISTRANS</ownerDesignName>
<indexState>Foreign Key</indexState>
<isSurrogateKey>false</isSurrogateKey>
<indexColumnUsage>
<colUsage columnID="74470704-2076-3166-589A-AE222FBF4DBB"/>
<colUsage columnID="26B65D80-F0FF-B9F6-612F-E771932BF3B3"/>
</indexColumnUsage>
</ind_PK_UK>
<ind_PK_UK id="C8B532D2-C600-6813-6D02-41BE2BD7DF0B" name="productosTiendas_Productos_FK">
<createdBy>lauramurcia</createdBy>
<createdTime>2023-10-02 00:52:34 UTC</createdTime>
<generatorID>9B1AA7F1-C452-933B-5367-ADBC37A8BC8C</generatorID>
<ownerDesignName>p1SISTRANS</ownerDesignName>
<indexState>Foreign Key</indexState>
<isSurrogateKey>false</isSurrogateKey>
<indexColumnUsage>
<colUsage columnID="368F24E1-139C-3121-996D-21D1D0740E01"/>
</indexColumnUsage>
</ind_PK_UK>
</indexes>
</Table>