<?xml version = '1.0' encoding = 'UTF-8'?>
<Table class="oracle.dbtools.crest.model.design.relational.Table" directorySegmentName="seg_0" id="0DB26BBF-63E7-A500-C0D6-F83E479931F5" name="maquinasGym">
<createdBy>lauramurcia</createdBy>
<createdTime>2023-10-02 00:52:33 UTC</createdTime>
<ownerDesignName>p1SISTRANS</ownerDesignName>
<allowColumnReorder>false</allowColumnReorder>
<existDependencyGenerateInDDl>true</existDependencyGenerateInDDl>
<parsed>true</parsed>
<columns itemClass="oracle.dbtools.crest.model.design.relational.Column">
<Column name="Gimnasios_idServicio" id="F456C4ED-7109-01C6-5CA6-59426B2D39EC">
<createdBy>lauramurcia</createdBy>
<createdTime>2023-10-02 00:52:33 UTC</createdTime>
<ownerDesignName>p1SISTRANS</ownerDesignName>
<useDomainConstraints>false</useDomainConstraints>
<use>1</use>
<logicalDatatype>LOGDT024</logicalDatatype>
<dataTypeSize>200</dataTypeSize>
<ownDataTypeParameters>,,</ownDataTypeParameters>
<previousColumn>false</previousColumn>
<autoIncrementCycle>false</autoIncrementCycle>
<associations>
<colAssociation fkAssociation="1672FEA0-E803-9DE2-4882-B3CBC249862E" referredColumn="5CB043E0-3A45-519B-DC51-9D88A59FF47D"/>
</associations>
</Column>
<Column name="Gimnasios_tipo" id="6E460BF2-B0B4-6CFD-A258-47F3FBAADD13">
<createdBy>lauramurcia</createdBy>
<createdTime>2023-10-02 00:52:33 UTC</createdTime>
<ownerDesignName>p1SISTRANS</ownerDesignName>
<useDomainConstraints>false</useDomainConstraints>
<use>1</use>
<logicalDatatype>LOGDT024</logicalDatatype>
<dataTypeSize>200</dataTypeSize>
<ownDataTypeParameters>,,</ownDataTypeParameters>
<previousColumn>false</previousColumn>
<autoIncrementCycle>false</autoIncrementCycle>
<associations>
<colAssociation fkAssociation="1672FEA0-E803-9DE2-4882-B3CBC249862E" referredColumn="5C0817C7-F560-975B-B2A1-5BEEBE85F24E"/>
</associations>
</Column>
<Column name="Maquinas_Maquinas_ID" id="C64AC181-55AC-3E06-B2F2-3749FEE79334">
<createdBy>lauramurcia</createdBy>
<createdTime>2023-10-02 00:52:33 UTC</createdTime>
<ownerDesignName>p1SISTRANS</ownerDesignName>
<useDomainConstraints>false</useDomainConstraints>
<use>1</use>
<logicalDatatype>LOGDT019</logicalDatatype>
<ownDataTypeParameters>,,</ownDataTypeParameters>
<previousColumn>false</previousColumn>
<autoIncrementCycle>false</autoIncrementCycle>
<associations>
<colAssociation fkAssociation="A364EFC1-67E1-C9CB-877D-1C2BF4547145" referredColumn="EDC5B570-DB42-EAF8-5C0C-E6E2E99C204D"/>
</associations>
</Column>
</columns>
<indexes itemClass="oracle.dbtools.crest.model.design.relational.Index">
<ind_PK_UK id="E4193830-9E19-49BE-4AE8-DB92A1C0D672" name="maquinasGym_PK">
<createdBy>lauramurcia</createdBy>
<createdTime>2023-10-02 00:52:33 UTC</createdTime>
<ownerDesignName>p1SISTRANS</ownerDesignName>
<pk>true</pk>
<indexState>Primary Constraint</indexState>
<isSurrogateKey>false</isSurrogateKey>
<indexColumnUsage>
<colUsage columnID="F456C4ED-7109-01C6-5CA6-59426B2D39EC"/>
<colUsage columnID="6E460BF2-B0B4-6CFD-A258-47F3FBAADD13"/>
<colUsage columnID="C64AC181-55AC-3E06-B2F2-3749FEE79334"/>
</indexColumnUsage>
</ind_PK_UK>
<ind_PK_UK id="C9B96CC8-9186-C6DF-9EDE-26B0F6A7D787" name="maquinasGym_Gimnasios_FK">
<createdBy>lauramurcia</createdBy>
<createdTime>2023-10-02 00:52:33 UTC</createdTime>
<generatorID>0606D935-6DB9-9C82-4CDA-3BB56F6FC404</generatorID>
<ownerDesignName>p1SISTRANS</ownerDesignName>
<indexState>Foreign Key</indexState>
<isSurrogateKey>false</isSurrogateKey>
<indexColumnUsage>
<colUsage columnID="F456C4ED-7109-01C6-5CA6-59426B2D39EC"/>
<colUsage columnID="6E460BF2-B0B4-6CFD-A258-47F3FBAADD13"/>
</indexColumnUsage>
</ind_PK_UK>
<ind_PK_UK id="1A155ECE-2108-4063-9BFB-F707781B54D7" name="maquinasGym_Maquinas_FK">
<createdBy>lauramurcia</createdBy>
<createdTime>2023-10-02 00:52:33 UTC</createdTime>
<generatorID>0606D935-6DB9-9C82-4CDA-3BB56F6FC404</generatorID>
<ownerDesignName>p1SISTRANS</ownerDesignName>
<indexState>Foreign Key</indexState>
<isSurrogateKey>false</isSurrogateKey>
<indexColumnUsage>
<colUsage columnID="C64AC181-55AC-3E06-B2F2-3749FEE79334"/>
</indexColumnUsage>
</ind_PK_UK>
</indexes>
</Table>