<?xml version = '1.0' encoding = 'UTF-8'?>
<Table class="oracle.dbtools.crest.model.design.relational.Table" directorySegmentName="seg_0" id="3325DCBA-BDDB-46F9-AC57-2B5DACEDF3BD" name="productSuper">
<createdBy>lauramurcia</createdBy>
<createdTime>2023-10-02 00:52:34 UTC</createdTime>
<ownerDesignName>p1SISTRANS</ownerDesignName>
<allowColumnReorder>false</allowColumnReorder>
<existDependencyGenerateInDDl>true</existDependencyGenerateInDDl>
<parsed>true</parsed>
<columns itemClass="oracle.dbtools.crest.model.design.relational.Column">
<Column name="Productos_idProducto" id="5E8A81A1-1C22-2E51-C200-A10E09174FF1">
<createdBy>lauramurcia</createdBy>
<createdTime>2023-10-02 00:52:34 UTC</createdTime>
<ownerDesignName>p1SISTRANS</ownerDesignName>
<useDomainConstraints>false</useDomainConstraints>
<use>1</use>
<logicalDatatype>LOGDT011</logicalDatatype>
<ownDataTypeParameters>,,</ownDataTypeParameters>
<previousColumn>false</previousColumn>
<autoIncrementCycle>false</autoIncrementCycle>
<associations>
<colAssociation fkAssociation="0FF17F98-19FD-567E-19E1-5D61ECBB1171" referredColumn="44EB784B-80E1-D853-9A5C-199D234F8CB5"/>
</associations>
</Column>
<Column name="Supermerc_idServicio" id="4DEC7163-A855-56B9-FAE4-7227BC36E6B5">
<createdBy>lauramurcia</createdBy>
<createdTime>2023-10-02 00:52:34 UTC</createdTime>
<ownerDesignName>p1SISTRANS</ownerDesignName>
<useDomainConstraints>false</useDomainConstraints>
<use>1</use>
<logicalDatatype>LOGDT024</logicalDatatype>
<dataTypeSize>200</dataTypeSize>
<ownDataTypeParameters>,,</ownDataTypeParameters>
<previousColumn>false</previousColumn>
<autoIncrementCycle>false</autoIncrementCycle>
<associations>
<colAssociation fkAssociation="6993C2A3-BAF8-209D-0DCD-54ABCAEEDF9E" referredColumn="51D20F2D-2271-5097-F0A0-32EE13EAD579"/>
</associations>
</Column>
<Column name="Supermerc_tipo" id="352A9CD8-8C0E-F5B0-CC9C-D8BFFBC87B2B">
<createdBy>lauramurcia</createdBy>
<createdTime>2023-10-02 00:52:34 UTC</createdTime>
<ownerDesignName>p1SISTRANS</ownerDesignName>
<useDomainConstraints>false</useDomainConstraints>
<use>1</use>
<logicalDatatype>LOGDT024</logicalDatatype>
<dataTypeSize>200</dataTypeSize>
<ownDataTypeParameters>,,</ownDataTypeParameters>
<previousColumn>false</previousColumn>
<autoIncrementCycle>false</autoIncrementCycle>
<associations>
<colAssociation fkAssociation="6993C2A3-BAF8-209D-0DCD-54ABCAEEDF9E" referredColumn="266C4B22-26A4-879B-7442-ED91D0C01103"/>
</associations>
</Column>
</columns>
<indexes itemClass="oracle.dbtools.crest.model.design.relational.Index">
<ind_PK_UK id="55D71FDC-3703-F6E8-66F5-DF50CC054E6C" name="productSuper_PK">
<createdBy>lauramurcia</createdBy>
<createdTime>2023-10-02 00:52:34 UTC</createdTime>
<ownerDesignName>p1SISTRANS</ownerDesignName>
<pk>true</pk>
<indexState>Primary Constraint</indexState>
<isSurrogateKey>false</isSurrogateKey>
<indexColumnUsage>
<colUsage columnID="5E8A81A1-1C22-2E51-C200-A10E09174FF1"/>
<colUsage columnID="4DEC7163-A855-56B9-FAE4-7227BC36E6B5"/>
<colUsage columnID="352A9CD8-8C0E-F5B0-CC9C-D8BFFBC87B2B"/>
</indexColumnUsage>
</ind_PK_UK>
<ind_PK_UK id="204C2F28-1512-4D09-81F0-F185E152E5E4" name="productSuper_Productos_FK">
<createdBy>lauramurcia</createdBy>
<createdTime>2023-10-02 00:52:34 UTC</createdTime>
<generatorID>8C10DAAD-8E71-B3F2-03CF-3F59DFE3EBEB</generatorID>
<ownerDesignName>p1SISTRANS</ownerDesignName>
<indexState>Foreign Key</indexState>
<isSurrogateKey>false</isSurrogateKey>
<indexColumnUsage>
<colUsage columnID="5E8A81A1-1C22-2E51-C200-A10E09174FF1"/>
</indexColumnUsage>
</ind_PK_UK>
<ind_PK_UK id="08A2D8CE-F60C-B0C6-471F-E76DEF3BDC0A" name="productSuper_Supermerc_FK">
<createdBy>lauramurcia</createdBy>
<createdTime>2023-10-02 00:52:34 UTC</createdTime>
<generatorID>8C10DAAD-8E71-B3F2-03CF-3F59DFE3EBEB</generatorID>
<ownerDesignName>p1SISTRANS</ownerDesignName>
<indexState>Foreign Key</indexState>
<isSurrogateKey>false</isSurrogateKey>
<indexColumnUsage>
<colUsage columnID="4DEC7163-A855-56B9-FAE4-7227BC36E6B5"/>
<colUsage columnID="352A9CD8-8C0E-F5B0-CC9C-D8BFFBC87B2B"/>
</indexColumnUsage>
</ind_PK_UK>
</indexes>
</Table>