<?xml version = '1.0' encoding = 'UTF-8'?>
<Table class="oracle.dbtools.crest.model.design.relational.Table" directorySegmentName="seg_0" id="38BA4B0E-2130-B2AC-1B6A-6C92544A9B8D" name="menuResto">
<createdBy>lauramurcia</createdBy>
<createdTime>2023-10-02 00:52:33 UTC</createdTime>
<ownerDesignName>p1SISTRANS</ownerDesignName>
<allowColumnReorder>false</allowColumnReorder>
<existDependencyGenerateInDDl>true</existDependencyGenerateInDDl>
<parsed>true</parsed>
<columns itemClass="oracle.dbtools.crest.model.design.relational.Column">
<Column name="Restaurantes_idServicio" id="42D6BCB4-FE24-89A0-7317-9F9053908605">
<createdBy>lauramurcia</createdBy>
<createdTime>2023-10-02 00:52:34 UTC</createdTime>
<ownerDesignName>p1SISTRANS</ownerDesignName>
<useDomainConstraints>false</useDomainConstraints>
<use>1</use>
<logicalDatatype>LOGDT024</logicalDatatype>
<dataTypeSize>200</dataTypeSize>
<ownDataTypeParameters>,,</ownDataTypeParameters>
<previousColumn>false</previousColumn>
<autoIncrementCycle>false</autoIncrementCycle>
<associations>
<colAssociation fkAssociation="3572441C-7A8C-1DD5-18F9-B9D1F4866908" referredColumn="1448AC05-F7E0-B54D-CC9E-F7759D2E228E"/>
</associations>
</Column>
<Column name="Restaurantes_tipo" id="22B4E129-AAE0-0941-3AF4-E8F4A84FEF19">
<createdBy>lauramurcia</createdBy>
<createdTime>2023-10-02 00:52:34 UTC</createdTime>
<ownerDesignName>p1SISTRANS</ownerDesignName>
<useDomainConstraints>false</useDomainConstraints>
<use>1</use>
<logicalDatatype>LOGDT024</logicalDatatype>
<dataTypeSize>200</dataTypeSize>
<ownDataTypeParameters>,,</ownDataTypeParameters>
<previousColumn>false</previousColumn>
<autoIncrementCycle>false</autoIncrementCycle>
<associations>
<colAssociation fkAssociation="3572441C-7A8C-1DD5-18F9-B9D1F4866908" referredColumn="C673DC87-9D1D-5A62-EC7B-6601D8509303"/>
</associations>
</Column>
<Column name="productMenu_producto" id="D4C8707B-76DA-707A-0EBE-FF916A67A311">
<createdBy>lauramurcia</createdBy>
<createdTime>2023-10-02 00:52:34 UTC</createdTime>
<ownerDesignName>p1SISTRANS</ownerDesignName>
<useDomainConstraints>false</useDomainConstraints>
<use>1</use>
<logicalDatatype>LOGDT024</logicalDatatype>
<dataTypeSize>200</dataTypeSize>
<ownDataTypeParameters>,,</ownDataTypeParameters>
<previousColumn>false</previousColumn>
<autoIncrementCycle>false</autoIncrementCycle>
<associations>
<colAssociation fkAssociation="3A7A18C5-D9C4-5EE5-01DD-5C91F609C110" referredColumn="B4CDB453-B494-4E97-8025-971B7A58E034"/>
</associations>
</Column>
</columns>
<indexes itemClass="oracle.dbtools.crest.model.design.relational.Index">
<ind_PK_UK id="34AAF2BB-9329-472A-2E0A-4FCC1F6DA395" name="menuResto_PK">
<createdBy>lauramurcia</createdBy>
<createdTime>2023-10-02 00:52:33 UTC</createdTime>
<ownerDesignName>p1SISTRANS</ownerDesignName>
<pk>true</pk>
<indexState>Primary Constraint</indexState>
<isSurrogateKey>false</isSurrogateKey>
<indexColumnUsage>
<colUsage columnID="42D6BCB4-FE24-89A0-7317-9F9053908605"/>
<colUsage columnID="22B4E129-AAE0-0941-3AF4-E8F4A84FEF19"/>
<colUsage columnID="D4C8707B-76DA-707A-0EBE-FF916A67A311"/>
</indexColumnUsage>
</ind_PK_UK>
<ind_PK_UK id="756893B0-916E-1565-9212-5181E708C892" name="menuResto_Restaurantes_FK">
<createdBy>lauramurcia</createdBy>
<createdTime>2023-10-02 00:52:33 UTC</createdTime>
<generatorID>C5196494-7072-0033-90E0-70BBF2428FD0</generatorID>
<ownerDesignName>p1SISTRANS</ownerDesignName>
<indexState>Foreign Key</indexState>
<isSurrogateKey>false</isSurrogateKey>
<indexColumnUsage>
<colUsage columnID="42D6BCB4-FE24-89A0-7317-9F9053908605"/>
<colUsage columnID="22B4E129-AAE0-0941-3AF4-E8F4A84FEF19"/>
</indexColumnUsage>
</ind_PK_UK>
<ind_PK_UK id="7D6BE55F-CB1E-626B-1037-3C06EA20DC74" name="menuResto_productMenu_FK">
<createdBy>lauramurcia</createdBy>
<createdTime>2023-10-02 00:52:34 UTC</createdTime>
<generatorID>C5196494-7072-0033-90E0-70BBF2428FD0</generatorID>
<ownerDesignName>p1SISTRANS</ownerDesignName>
<indexState>Foreign Key</indexState>
<isSurrogateKey>false</isSurrogateKey>
<indexColumnUsage>
<colUsage columnID="D4C8707B-76DA-707A-0EBE-FF916A67A311"/>
</indexColumnUsage>
</ind_PK_UK>
</indexes>
</Table>