<?xml version = '1.0' encoding = 'UTF-8'?>
<Table class="oracle.dbtools.crest.model.design.relational.Table" directorySegmentName="seg_0" id="5B3E1C4A-ABDA-E946-AA36-04184F13DC54" name="planServ">
<createdBy>lauramurcia</createdBy>
<createdTime>2023-10-02 00:52:34 UTC</createdTime>
<ownerDesignName>p1SISTRANS</ownerDesignName>
<allowColumnReorder>false</allowColumnReorder>
<existDependencyGenerateInDDl>true</existDependencyGenerateInDDl>
<parsed>true</parsed>
<columns itemClass="oracle.dbtools.crest.model.design.relational.Column">
<Column name="PlanesConsum_tipo" id="76C166A8-9B6D-6B35-F19E-BBEA020ABD1B">
<createdBy>lauramurcia</createdBy>
<createdTime>2023-10-02 00:52:34 UTC</createdTime>
<ownerDesignName>p1SISTRANS</ownerDesignName>
<useDomainConstraints>false</useDomainConstraints>
<use>1</use>
<logicalDatatype>LOGDT024</logicalDatatype>
<dataTypeSize>200</dataTypeSize>
<ownDataTypeParameters>,,</ownDataTypeParameters>
<previousColumn>false</previousColumn>
<autoIncrementCycle>false</autoIncrementCycle>
<associations>
<colAssociation fkAssociation="006B9E2B-3F53-30C1-7A13-DEE73CE3091F" referredColumn="1A8B1852-758C-AF86-BF81-B01432202681"/>
</associations>
</Column>
<Column name="Servicios_idServicio" id="4C8DD98C-4A7E-7BD4-ECC4-8E6E4222AA84">
<createdBy>lauramurcia</createdBy>
<createdTime>2023-10-02 00:52:34 UTC</createdTime>
<ownerDesignName>p1SISTRANS</ownerDesignName>
<useDomainConstraints>false</useDomainConstraints>
<use>1</use>
<logicalDatatype>LOGDT024</logicalDatatype>
<dataTypeSize>200</dataTypeSize>
<ownDataTypeParameters>,,</ownDataTypeParameters>
<previousColumn>false</previousColumn>
<autoIncrementCycle>false</autoIncrementCycle>
<associations>
<colAssociation fkAssociation="4AD87256-3A08-083C-6DF1-3169E01D2098" referredColumn="C6F43559-17F8-ED32-3F66-4384CFC0C7DC"/>
</associations>
</Column>
<Column name="Servicios_tipo" id="118F6E21-FDA0-0A1F-D205-E6A687AC712C">
<createdBy>lauramurcia</createdBy>
<createdTime>2023-10-02 00:52:34 UTC</createdTime>
<ownerDesignName>p1SISTRANS</ownerDesignName>
<useDomainConstraints>false</useDomainConstraints>
<use>1</use>
<logicalDatatype>LOGDT024</logicalDatatype>
<dataTypeSize>200</dataTypeSize>
<ownDataTypeParameters>,,</ownDataTypeParameters>
<previousColumn>false</previousColumn>
<autoIncrementCycle>false</autoIncrementCycle>
<associations>
<colAssociation fkAssociation="4AD87256-3A08-083C-6DF1-3169E01D2098" referredColumn="F5EB0DB7-16F8-A17A-7AB3-3B2859E8E4C3"/>
</associations>
</Column>
<Column name="descuento" id="A90B1DCD-B1DB-A47D-665B-6256952D4BC4">
<createdBy>lauramurcia</createdBy>
<createdTime>2023-10-02 00:52:34 UTC</createdTime>
<generatorID>E3513AEA-C251-5F34-6DD9-522B897AA1F2</generatorID>
<ownerDesignName>p1SISTRANS</ownerDesignName>
<useDomainConstraints>false</useDomainConstraints>
<use>1</use>
<logicalDatatype>LOGDT021</logicalDatatype>
<ownDataTypeParameters>,,</ownDataTypeParameters>
<autoIncrementCycle>false</autoIncrementCycle>
<isRelationshipColumn>true</isRelationshipColumn>
<isDependOnFK_AsMandatory>true</isDependOnFK_AsMandatory>
</Column>
</columns>
<indexes itemClass="oracle.dbtools.crest.model.design.relational.Index">
<ind_PK_UK id="FB82EC61-9E74-4593-2B48-3D02446AF6A9" name="planServ_PK">
<createdBy>lauramurcia</createdBy>
<createdTime>2023-10-02 00:52:34 UTC</createdTime>
<ownerDesignName>p1SISTRANS</ownerDesignName>
<pk>true</pk>
<indexState>Primary Constraint</indexState>
<isSurrogateKey>false</isSurrogateKey>
<indexColumnUsage>
<colUsage columnID="76C166A8-9B6D-6B35-F19E-BBEA020ABD1B"/>
<colUsage columnID="4C8DD98C-4A7E-7BD4-ECC4-8E6E4222AA84"/>
<colUsage columnID="118F6E21-FDA0-0A1F-D205-E6A687AC712C"/>
</indexColumnUsage>
</ind_PK_UK>
<ind_PK_UK id="7CE332E7-EA25-2D1E-5A31-C0A223FCC67A" name="planServ_PlanesConsum_FK">
<createdBy>lauramurcia</createdBy>
<createdTime>2023-10-02 00:52:34 UTC</createdTime>
<generatorID>30D129EC-A66E-5282-DF61-95B32E0EAF75</generatorID>
<ownerDesignName>p1SISTRANS</ownerDesignName>
<indexState>Foreign Key</indexState>
<isSurrogateKey>false</isSurrogateKey>
<indexColumnUsage>
<colUsage columnID="76C166A8-9B6D-6B35-F19E-BBEA020ABD1B"/>
</indexColumnUsage>
</ind_PK_UK>
<ind_PK_UK id="C90AD357-6A34-385C-BB23-F6D1CA46F6DD" name="planServ_Servicios_FK">
<createdBy>lauramurcia</createdBy>
<createdTime>2023-10-02 00:52:34 UTC</createdTime>
<generatorID>30D129EC-A66E-5282-DF61-95B32E0EAF75</generatorID>
<ownerDesignName>p1SISTRANS</ownerDesignName>
<indexState>Foreign Key</indexState>
<isSurrogateKey>false</isSurrogateKey>
<indexColumnUsage>
<colUsage columnID="4C8DD98C-4A7E-7BD4-ECC4-8E6E4222AA84"/>
<colUsage columnID="118F6E21-FDA0-0A1F-D205-E6A687AC712C"/>
</indexColumnUsage>
</ind_PK_UK>
</indexes>
</Table>