<?xml version = '1.0' encoding = 'UTF-8'?>
<Table class="oracle.dbtools.crest.model.design.relational.Table" directorySegmentName="seg_0" id="642B6332-67F3-2A47-EB30-0A33D49CD6E5" name="Bares">
<createdBy>lauramurcia</createdBy>
<createdTime>2023-10-02 00:52:33 UTC</createdTime>
<generatorID>C726A221-C259-724D-C7F0-A8E04308321C</generatorID>
<ownerDesignName>p1SISTRANS</ownerDesignName>
<allowColumnReorder>false</allowColumnReorder>
<existDependencyGenerateInDDl>true</existDependencyGenerateInDDl>
<parsed>true</parsed>
<columns itemClass="oracle.dbtools.crest.model.design.relational.Column">
<Column name="idServicio" id="197C597B-5A15-C6D9-E309-4087821C0878">
<createdBy>lauramurcia</createdBy>
<createdTime>2023-10-02 00:52:33 UTC</createdTime>
<generatorID>85B12694-5E8E-F3BC-9CF3-FC5BCF704F68</generatorID>
<ownerDesignName>p1SISTRANS</ownerDesignName>
<useDomainConstraints>false</useDomainConstraints>
<use>1</use>
<logicalDatatype>LOGDT024</logicalDatatype>
<dataTypeSize>200</dataTypeSize>
<ownDataTypeParameters>,,</ownDataTypeParameters>
<autoIncrementCycle>false</autoIncrementCycle>
<associations>
<colAssociation fkAssociation="55116AC8-64A7-AC96-6222-6F07418C24DA" referredColumn="C6F43559-17F8-ED32-3F66-4384CFC0C7DC"/>
</associations>
</Column>
<Column name="tipo" id="6C51363E-D4BB-302F-4876-0CB62DEA3416">
<createdBy>lauramurcia</createdBy>
<createdTime>2023-10-02 00:52:33 UTC</createdTime>
<generatorID>F2A2E0F3-652D-9F0A-78B6-7B2ABC98FB83</generatorID>
<ownerDesignName>p1SISTRANS</ownerDesignName>
<useDomainConstraints>false</useDomainConstraints>
<use>1</use>
<logicalDatatype>LOGDT024</logicalDatatype>
<dataTypeSize>200</dataTypeSize>
<ownDataTypeParameters>,,</ownDataTypeParameters>
<autoIncrementCycle>false</autoIncrementCycle>
<associations>
<colAssociation fkAssociation="55116AC8-64A7-AC96-6222-6F07418C24DA" referredColumn="F5EB0DB7-16F8-A17A-7AB3-3B2859E8E4C3"/>
</associations>
</Column>
<Column name="nombre" id="DC7351AD-6194-D246-6964-8809C01E9A0D">
<createdBy>lauramurcia</createdBy>
<createdTime>2023-10-02 00:52:33 UTC</createdTime>
<generatorID>2FCBAC10-8B33-B2B9-691C-6F133D85C7FC</generatorID>
<ownerDesignName>p1SISTRANS</ownerDesignName>
<useDomainConstraints>false</useDomainConstraints>
<use>1</use>
<logicalDatatype>LOGDT024</logicalDatatype>
<dataTypeSize>200</dataTypeSize>
<ownDataTypeParameters>200,,</ownDataTypeParameters>
<autoIncrementCycle>false</autoIncrementCycle>
</Column>
<Column name="capacidad" id="3E73A41C-FBB1-2B9A-6B4C-8E8E760F7CF1">
<createdBy>lauramurcia</createdBy>
<createdTime>2023-10-02 00:52:33 UTC</createdTime>
<generatorID>D05A0B98-244A-4344-67FB-0F8546AD6745</generatorID>
<ownerDesignName>p1SISTRANS</ownerDesignName>
<useDomainConstraints>false</useDomainConstraints>
<use>1</use>
<logicalDatatype>LOGDT011</logicalDatatype>
<ownDataTypeParameters>,,</ownDataTypeParameters>
<autoIncrementCycle>false</autoIncrementCycle>
</Column>
<Column name="estilo" id="9BAE8277-5DF2-5556-34DE-A7268CE65DB1">
<createdBy>lauramurcia</createdBy>
<createdTime>2023-10-02 00:52:33 UTC</createdTime>
<generatorID>6606168E-48D5-5A03-0745-96943151D9B3</generatorID>
<ownerDesignName>p1SISTRANS</ownerDesignName>
<useDomainConstraints>false</useDomainConstraints>
<use>1</use>
<logicalDatatype>LOGDT024</logicalDatatype>
<dataTypeSize>200</dataTypeSize>
<ownDataTypeParameters>200,,</ownDataTypeParameters>
<autoIncrementCycle>false</autoIncrementCycle>
</Column>
</columns>
<indexes itemClass="oracle.dbtools.crest.model.design.relational.Index">
<ind_PK_UK id="A3B6A7F8-1399-1BAD-9D56-3D45AC9C532F" name="Bares_PK">
<createdBy>lauramurcia</createdBy>
<createdTime>2023-10-02 00:52:33 UTC</createdTime>
<generatorID>9ADFCD80-DFF7-6F5C-1158-EAFAF06DC4ED</generatorID>
<ownerDesignName>p1SISTRANS</ownerDesignName>
<pk>true</pk>
<indexState>Primary Constraint</indexState>
<isSurrogateKey>false</isSurrogateKey>
<indexColumnUsage>
<colUsage columnID="197C597B-5A15-C6D9-E309-4087821C0878"/>
<colUsage columnID="6C51363E-D4BB-302F-4876-0CB62DEA3416"/>
</indexColumnUsage>
</ind_PK_UK>
<ind_PK_UK id="779D0A3E-5FFC-A46F-6FEE-A57E12DBEF82" name="Bares_Servicios_FK">
<createdBy>lauramurcia</createdBy>
<createdTime>2023-10-02 00:52:33 UTC</createdTime>
<generatorID>2959F9A2-C1F9-5D21-FE03-6E1481117E7B</generatorID>
<ownerDesignName>p1SISTRANS</ownerDesignName>
<indexState>Foreign Key</indexState>
<isSurrogateKey>false</isSurrogateKey>
<indexColumnUsage>
<colUsage columnID="197C597B-5A15-C6D9-E309-4087821C0878"/>
<colUsage columnID="6C51363E-D4BB-302F-4876-0CB62DEA3416"/>
</indexColumnUsage>
</ind_PK_UK>
</indexes>
</Table>