<?xml version = '1.0' encoding = 'UTF-8'?>
<Table class="oracle.dbtools.crest.model.design.relational.Table" directorySegmentName="seg_0" id="6F7712A4-B4BF-1788-F59B-2FBE15456327" name="PlanesConsum">
<createdBy>lauramurcia</createdBy>
<createdTime>2023-10-02 00:52:33 UTC</createdTime>
<generatorID>6A2BB0EB-BE70-2904-D0E7-FA3669DE00AD</generatorID>
<ownerDesignName>p1SISTRANS</ownerDesignName>
<allowColumnReorder>false</allowColumnReorder>
<existDependencyGenerateInDDl>true</existDependencyGenerateInDDl>
<parsed>true</parsed>
<columns itemClass="oracle.dbtools.crest.model.design.relational.Column">
<Column name="tipo" id="1A8B1852-758C-AF86-BF81-B01432202681">
<createdBy>lauramurcia</createdBy>
<createdTime>2023-10-02 00:52:33 UTC</createdTime>
<generatorID>5A310A34-51E4-E742-FE93-51116FA631E4</generatorID>
<ownerDesignName>p1SISTRANS</ownerDesignName>
<useDomainConstraints>false</useDomainConstraints>
<use>1</use>
<logicalDatatype>LOGDT024</logicalDatatype>
<dataTypeSize>200</dataTypeSize>
<ownDataTypeParameters>200,,</ownDataTypeParameters>
<autoIncrementCycle>false</autoIncrementCycle>
</Column>
<Column name="descuento" id="7066CC1D-5900-4FD4-47DD-87B07D3715B6">
<createdBy>lauramurcia</createdBy>
<createdTime>2023-10-02 00:52:33 UTC</createdTime>
<generatorID>1AF10F6B-0BF4-1183-92F1-989642C0E2F0</generatorID>
<ownerDesignName>p1SISTRANS</ownerDesignName>
<useDomainConstraints>false</useDomainConstraints>
<use>1</use>
<logicalDatatype>LOGDT021</logicalDatatype>
<ownDataTypeParameters>,,</ownDataTypeParameters>
<autoIncrementCycle>false</autoIncrementCycle>
</Column>
<Column name="dias" id="55985D1E-9DB7-3937-C417-9BCCC416B5B6">
<createdBy>lauramurcia</createdBy>
<createdTime>2023-10-02 00:52:33 UTC</createdTime>
<generatorID>A4E9FB0A-5267-626F-A6B8-EADD97951469</generatorID>
<ownerDesignName>p1SISTRANS</ownerDesignName>
<useDomainConstraints>false</useDomainConstraints>
<use>1</use>
<logicalDatatype>LOGDT011</logicalDatatype>
<ownDataTypeParameters>,,</ownDataTypeParameters>
<autoIncrementCycle>false</autoIncrementCycle>
</Column>
<Column name="Hoteles_nombreHotel" id="C5909AB3-8832-CA25-FA97-AB0E55A7B651">
<createdBy>lauramurcia</createdBy>
<createdTime>2023-10-02 00:52:33 UTC</createdTime>
<generatorID>EC4F8759-30CA-0B5A-4B13-12C606829F08</generatorID>
<ownerDesignName>p1SISTRANS</ownerDesignName>
<useDomainConstraints>false</useDomainConstraints>
<use>1</use>
<logicalDatatype>LOGDT024</logicalDatatype>
<dataTypeSize>200</dataTypeSize>
<ownDataTypeParameters>,,</ownDataTypeParameters>
<previousColumn>false</previousColumn>
<autoIncrementCycle>false</autoIncrementCycle>
<associations>
<colAssociation fkAssociation="726E55B2-4C80-DED6-183B-24A939C92FD7" referredColumn="455C021A-6D19-9CC7-694C-B9D698A09B97"/>
</associations>
</Column>
</columns>
<indexes itemClass="oracle.dbtools.crest.model.design.relational.Index">
<ind_PK_UK id="A1EB9908-D08C-60F9-D118-738AB9883827" name="PlanesConsum_PK">
<createdBy>lauramurcia</createdBy>
<createdTime>2023-10-02 00:52:33 UTC</createdTime>
<generatorID>AC0E4C15-3B2A-C117-B75C-A1EDB70C5A55</generatorID>
<ownerDesignName>p1SISTRANS</ownerDesignName>
<pk>true</pk>
<indexState>Primary Constraint</indexState>
<isSurrogateKey>false</isSurrogateKey>
<indexColumnUsage>
<colUsage columnID="1A8B1852-758C-AF86-BF81-B01432202681"/>
</indexColumnUsage>
</ind_PK_UK>
<ind_PK_UK id="95472329-20E0-17EE-4190-20031FB03C87" name="PlanesConsum_Hoteles_FK">
<createdBy>lauramurcia</createdBy>
<createdTime>2023-10-02 00:52:33 UTC</createdTime>
<generatorID>FD3EBC10-23FB-7E74-F7BB-8739AE7C825C</generatorID>
<ownerDesignName>p1SISTRANS</ownerDesignName>
<indexState>Foreign Key</indexState>
<isSurrogateKey>false</isSurrogateKey>
<indexColumnUsage>
<colUsage columnID="C5909AB3-8832-CA25-FA97-AB0E55A7B651"/>
</indexColumnUsage>
</ind_PK_UK>
</indexes>
</Table>