<?xml version = '1.0' encoding = 'UTF-8'?>
<Table class="oracle.dbtools.crest.model.design.relational.Table" directorySegmentName="seg_0" id="97C5C46F-E5A0-DC7C-5168-E4E5732D8CCC" name="servicioHotel">
<createdBy>lauramurcia</createdBy>
<createdTime>2023-10-02 00:52:34 UTC</createdTime>
<ownerDesignName>p1SISTRANS</ownerDesignName>
<allowColumnReorder>false</allowColumnReorder>
<existDependencyGenerateInDDl>true</existDependencyGenerateInDDl>
<parsed>true</parsed>
<columns itemClass="oracle.dbtools.crest.model.design.relational.Column">
<Column name="Hoteles_nombreHotel" id="A49DA17F-93E2-97C8-967C-4CC72E1D6CDA">
<createdBy>lauramurcia</createdBy>
<createdTime>2023-10-02 00:52:34 UTC</createdTime>
<ownerDesignName>p1SISTRANS</ownerDesignName>
<useDomainConstraints>false</useDomainConstraints>
<use>1</use>
<logicalDatatype>LOGDT024</logicalDatatype>
<dataTypeSize>200</dataTypeSize>
<ownDataTypeParameters>,,</ownDataTypeParameters>
<previousColumn>false</previousColumn>
<autoIncrementCycle>false</autoIncrementCycle>
<associations>
<colAssociation fkAssociation="381B45DC-9D25-4007-1142-8BECB822E6F0" referredColumn="455C021A-6D19-9CC7-694C-B9D698A09B97"/>
</associations>
</Column>
<Column name="Servicios_idServicio" id="DD3E9A2F-C8AF-C92D-9D97-DBB399E36F6F">
<createdBy>lauramurcia</createdBy>
<createdTime>2023-10-02 00:52:34 UTC</createdTime>
<ownerDesignName>p1SISTRANS</ownerDesignName>
<useDomainConstraints>false</useDomainConstraints>
<use>1</use>
<logicalDatatype>LOGDT024</logicalDatatype>
<dataTypeSize>200</dataTypeSize>
<ownDataTypeParameters>,,</ownDataTypeParameters>
<previousColumn>false</previousColumn>
<autoIncrementCycle>false</autoIncrementCycle>
<associations>
<colAssociation fkAssociation="A80FE6AC-F010-E258-0304-092B3B82BA8A" referredColumn="C6F43559-17F8-ED32-3F66-4384CFC0C7DC"/>
</associations>
</Column>
<Column name="Servicios_tipo" id="12BC6A85-4F7C-8EF4-7C1E-C7BA6A0730A8">
<createdBy>lauramurcia</createdBy>
<createdTime>2023-10-02 00:52:34 UTC</createdTime>
<ownerDesignName>p1SISTRANS</ownerDesignName>
<useDomainConstraints>false</useDomainConstraints>
<use>1</use>
<logicalDatatype>LOGDT024</logicalDatatype>
<dataTypeSize>200</dataTypeSize>
<ownDataTypeParameters>,,</ownDataTypeParameters>
<previousColumn>false</previousColumn>
<autoIncrementCycle>false</autoIncrementCycle>
<associations>
<colAssociation fkAssociation="A80FE6AC-F010-E258-0304-092B3B82BA8A" referredColumn="F5EB0DB7-16F8-A17A-7AB3-3B2859E8E4C3"/>
</associations>
</Column>
</columns>
<indexes itemClass="oracle.dbtools.crest.model.design.relational.Index">
<ind_PK_UK id="CB6B718C-EEE9-C3E1-8D9D-00425F14E44F" name="servicioHotel_PK">
<createdBy>lauramurcia</createdBy>
<createdTime>2023-10-02 00:52:34 UTC</createdTime>
<ownerDesignName>p1SISTRANS</ownerDesignName>
<pk>true</pk>
<indexState>Primary Constraint</indexState>
<isSurrogateKey>false</isSurrogateKey>
<indexColumnUsage>
<colUsage columnID="A49DA17F-93E2-97C8-967C-4CC72E1D6CDA"/>
<colUsage columnID="DD3E9A2F-C8AF-C92D-9D97-DBB399E36F6F"/>
<colUsage columnID="12BC6A85-4F7C-8EF4-7C1E-C7BA6A0730A8"/>
</indexColumnUsage>
</ind_PK_UK>
<ind_PK_UK id="23C63505-0CF5-4963-6DCD-4B9739997052" name="servicioHotel_Hoteles_FK">
<createdBy>lauramurcia</createdBy>
<createdTime>2023-10-02 00:52:34 UTC</createdTime>
<generatorID>C76DFF79-E719-B03C-A618-4CC681DFF258</generatorID>
<ownerDesignName>p1SISTRANS</ownerDesignName>
<indexState>Foreign Key</indexState>
<isSurrogateKey>false</isSurrogateKey>
<indexColumnUsage>
<colUsage columnID="A49DA17F-93E2-97C8-967C-4CC72E1D6CDA"/>
</indexColumnUsage>
</ind_PK_UK>
<ind_PK_UK id="7BD960FF-C6DD-FF58-638B-66DB94F33BB4" name="servicioHotel_Servicios_FK">
<createdBy>lauramurcia</createdBy>
<createdTime>2023-10-02 00:52:34 UTC</createdTime>
<generatorID>C76DFF79-E719-B03C-A618-4CC681DFF258</generatorID>
<ownerDesignName>p1SISTRANS</ownerDesignName>
<indexState>Foreign Key</indexState>
<isSurrogateKey>false</isSurrogateKey>
<indexColumnUsage>
<colUsage columnID="DD3E9A2F-C8AF-C92D-9D97-DBB399E36F6F"/>
<colUsage columnID="12BC6A85-4F7C-8EF4-7C1E-C7BA6A0730A8"/>
</indexColumnUsage>
</ind_PK_UK>
</indexes>
</Table>