<?xml version = '1.0' encoding = 'UTF-8'?>
<Table class="oracle.dbtools.crest.model.design.relational.Table" directorySegmentName="seg_0" id="A9BEAECC-1057-487A-FF6A-18B735E10390" name="reservasServicios">
<createdBy>lauramurcia</createdBy>
<createdTime>2023-10-02 00:52:34 UTC</createdTime>
<ownerDesignName>p1SISTRANS</ownerDesignName>
<allowColumnReorder>false</allowColumnReorder>
<existDependencyGenerateInDDl>true</existDependencyGenerateInDDl>
<parsed>true</parsed>
<columns itemClass="oracle.dbtools.crest.model.design.relational.Column">
<Column name="Reservas_idReserva" id="1F871D97-2C16-6976-A780-19252E66FDF0">
<createdBy>lauramurcia</createdBy>
<createdTime>2023-10-02 00:52:34 UTC</createdTime>
<ownerDesignName>p1SISTRANS</ownerDesignName>
<useDomainConstraints>false</useDomainConstraints>
<use>1</use>
<logicalDatatype>LOGDT024</logicalDatatype>
<dataTypeSize>200</dataTypeSize>
<ownDataTypeParameters>,,</ownDataTypeParameters>
<previousColumn>false</previousColumn>
<autoIncrementCycle>false</autoIncrementCycle>
<associations>
<colAssociation fkAssociation="D64E3E89-9B2E-174E-3ADF-B685DB454DB5" referredColumn="DB8A37C2-E7B0-7077-9A0F-9FF093BEA17B"/>
</associations>
</Column>
<Column name="Servicios_idServicio" id="70171B28-C366-B6A5-C197-DBCA94362293">
<createdBy>lauramurcia</createdBy>
<createdTime>2023-10-02 00:52:34 UTC</createdTime>
<ownerDesignName>p1SISTRANS</ownerDesignName>
<useDomainConstraints>false</useDomainConstraints>
<use>1</use>
<logicalDatatype>LOGDT024</logicalDatatype>
<dataTypeSize>200</dataTypeSize>
<ownDataTypeParameters>,,</ownDataTypeParameters>
<previousColumn>false</previousColumn>
<autoIncrementCycle>false</autoIncrementCycle>
<associations>
<colAssociation fkAssociation="99FFF107-1E8F-CFC3-E068-64A3329EB6FF" referredColumn="C6F43559-17F8-ED32-3F66-4384CFC0C7DC"/>
</associations>
</Column>
<Column name="Servicios_tipo" id="41635EBE-CCE9-A21D-2F15-9086541FE3E3">
<createdBy>lauramurcia</createdBy>
<createdTime>2023-10-02 00:52:34 UTC</createdTime>
<ownerDesignName>p1SISTRANS</ownerDesignName>
<useDomainConstraints>false</useDomainConstraints>
<use>1</use>
<logicalDatatype>LOGDT024</logicalDatatype>
<dataTypeSize>200</dataTypeSize>
<ownDataTypeParameters>,,</ownDataTypeParameters>
<previousColumn>false</previousColumn>
<autoIncrementCycle>false</autoIncrementCycle>
<associations>
<colAssociation fkAssociation="99FFF107-1E8F-CFC3-E068-64A3329EB6FF" referredColumn="F5EB0DB7-16F8-A17A-7AB3-3B2859E8E4C3"/>
</associations>
</Column>
<Column name="fecha" id="C002FED1-DC9D-8BC9-F16E-758620EBF4D9">
<createdBy>lauramurcia</createdBy>
<createdTime>2023-10-02 00:52:34 UTC</createdTime>
<generatorID>78D46D97-A94D-049C-A700-710BDA72E960</generatorID>
<ownerDesignName>p1SISTRANS</ownerDesignName>
<useDomainConstraints>false</useDomainConstraints>
<use>1</use>
<logicalDatatype>LOGDT007</logicalDatatype>
<ownDataTypeParameters>,,</ownDataTypeParameters>
<autoIncrementCycle>false</autoIncrementCycle>
<isRelationshipColumn>true</isRelationshipColumn>
<isDependOnFK_AsMandatory>true</isDependOnFK_AsMandatory>
</Column>
</columns>
<indexes itemClass="oracle.dbtools.crest.model.design.relational.Index">
<ind_PK_UK id="C99798AD-F086-51FF-933C-931904BC0B8E" name="reservasServicios_PK">
<createdBy>lauramurcia</createdBy>
<createdTime>2023-10-02 00:52:34 UTC</createdTime>
<ownerDesignName>p1SISTRANS</ownerDesignName>
<pk>true</pk>
<indexState>Primary Constraint</indexState>
<isSurrogateKey>false</isSurrogateKey>
<indexColumnUsage>
<colUsage columnID="1F871D97-2C16-6976-A780-19252E66FDF0"/>
<colUsage columnID="70171B28-C366-B6A5-C197-DBCA94362293"/>
<colUsage columnID="41635EBE-CCE9-A21D-2F15-9086541FE3E3"/>
</indexColumnUsage>
</ind_PK_UK>
<ind_PK_UK id="149ADE47-DF7A-2D0D-E864-01C7A709D184" name="reservasServicios_Reservas_FK">
<createdBy>lauramurcia</createdBy>
<createdTime>2023-10-02 00:52:34 UTC</createdTime>
<generatorID>2CB08742-4826-053D-D2D6-614582891616</generatorID>
<ownerDesignName>p1SISTRANS</ownerDesignName>
<indexState>Foreign Key</indexState>
<isSurrogateKey>false</isSurrogateKey>
<indexColumnUsage>
<colUsage columnID="1F871D97-2C16-6976-A780-19252E66FDF0"/>
</indexColumnUsage>
</ind_PK_UK>
<ind_PK_UK id="20C6CC1F-2861-7BF8-A399-4FFCDE485B01" name="reservasServicios_Servicios_FK">
<createdBy>lauramurcia</createdBy>
<createdTime>2023-10-02 00:52:34 UTC</createdTime>
<generatorID>2CB08742-4826-053D-D2D6-614582891616</generatorID>
<ownerDesignName>p1SISTRANS</ownerDesignName>
<indexState>Foreign Key</indexState>
<isSurrogateKey>false</isSurrogateKey>
<indexColumnUsage>
<colUsage columnID="70171B28-C366-B6A5-C197-DBCA94362293"/>
<colUsage columnID="41635EBE-CCE9-A21D-2F15-9086541FE3E3"/>
</indexColumnUsage>
</ind_PK_UK>
</indexes>
</Table>