<?xml version = '1.0' encoding = 'UTF-8'?>
<Table class="oracle.dbtools.crest.model.design.relational.Table" directorySegmentName="seg_0" id="B3DEBA00-0406-F434-36DE-F89E3EEB6AB6" name="horarioGimnasios">
<createdBy>lauramurcia</createdBy>
<createdTime>2023-10-02 00:52:33 UTC</createdTime>
<ownerDesignName>p1SISTRANS</ownerDesignName>
<allowColumnReorder>false</allowColumnReorder>
<existDependencyGenerateInDDl>true</existDependencyGenerateInDDl>
<parsed>true</parsed>
<columns itemClass="oracle.dbtools.crest.model.design.relational.Column">
<Column name="Gimnasios_idServicio" id="C08E2E40-A700-CF78-05F3-E95BD0BCD358">
<createdBy>lauramurcia</createdBy>
<createdTime>2023-10-02 00:52:33 UTC</createdTime>
<ownerDesignName>p1SISTRANS</ownerDesignName>
<useDomainConstraints>false</useDomainConstraints>
<use>1</use>
<logicalDatatype>LOGDT024</logicalDatatype>
<dataTypeSize>200</dataTypeSize>
<ownDataTypeParameters>,,</ownDataTypeParameters>
<previousColumn>false</previousColumn>
<autoIncrementCycle>false</autoIncrementCycle>
<associations>
<colAssociation fkAssociation="C6449892-3B94-1CEC-BEBD-E3E2DA090CEA" referredColumn="5CB043E0-3A45-519B-DC51-9D88A59FF47D"/>
</associations>
</Column>
<Column name="Gimnasios_tipo" id="4717259F-6885-5754-3243-07B36DFC615D">
<createdBy>lauramurcia</createdBy>
<createdTime>2023-10-02 00:52:33 UTC</createdTime>
<ownerDesignName>p1SISTRANS</ownerDesignName>
<useDomainConstraints>false</useDomainConstraints>
<use>1</use>
<logicalDatatype>LOGDT024</logicalDatatype>
<dataTypeSize>200</dataTypeSize>
<ownDataTypeParameters>,,</ownDataTypeParameters>
<previousColumn>false</previousColumn>
<autoIncrementCycle>false</autoIncrementCycle>
<associations>
<colAssociation fkAssociation="C6449892-3B94-1CEC-BEBD-E3E2DA090CEA" referredColumn="5C0817C7-F560-975B-B2A1-5BEEBE85F24E"/>
</associations>
</Column>
<Column name="Horarios_idServicio" id="B7A920E2-2EA4-B78C-B185-6456BF97E889">
<createdBy>lauramurcia</createdBy>
<createdTime>2023-10-02 00:52:33 UTC</createdTime>
<ownerDesignName>p1SISTRANS</ownerDesignName>
<useDomainConstraints>false</useDomainConstraints>
<use>1</use>
<logicalDatatype>LOGDT024</logicalDatatype>
<dataTypeSize>200</dataTypeSize>
<ownDataTypeParameters>,,</ownDataTypeParameters>
<previousColumn>false</previousColumn>
<autoIncrementCycle>false</autoIncrementCycle>
<associations>
<colAssociation fkAssociation="22D76689-43DD-9BED-6EF4-AFD27CFE9A00" referredColumn="810CF188-8DCB-90E0-ABC3-E3C3AE86F5C9"/>
</associations>
</Column>
</columns>
<indexes itemClass="oracle.dbtools.crest.model.design.relational.Index">
<ind_PK_UK id="95EED6E1-C0B3-759F-B217-426E8D6C08F2" name="horarioGimnasios_PK">
<createdBy>lauramurcia</createdBy>
<createdTime>2023-10-02 00:52:33 UTC</createdTime>
<ownerDesignName>p1SISTRANS</ownerDesignName>
<pk>true</pk>
<indexState>Primary Constraint</indexState>
<isSurrogateKey>false</isSurrogateKey>
<indexColumnUsage>
<colUsage columnID="C08E2E40-A700-CF78-05F3-E95BD0BCD358"/>
<colUsage columnID="4717259F-6885-5754-3243-07B36DFC615D"/>
<colUsage columnID="B7A920E2-2EA4-B78C-B185-6456BF97E889"/>
</indexColumnUsage>
</ind_PK_UK>
<ind_PK_UK id="896C7950-7A0D-45EF-C1B1-A66557943BFF" name="horarioGimnasios_Gimnasios_FK">
<createdBy>lauramurcia</createdBy>
<createdTime>2023-10-02 00:52:33 UTC</createdTime>
<generatorID>B306DAF6-5D08-1F32-9BD3-B170FC87A2D3</generatorID>
<ownerDesignName>p1SISTRANS</ownerDesignName>
<indexState>Foreign Key</indexState>
<isSurrogateKey>false</isSurrogateKey>
<indexColumnUsage>
<colUsage columnID="C08E2E40-A700-CF78-05F3-E95BD0BCD358"/>
<colUsage columnID="4717259F-6885-5754-3243-07B36DFC615D"/>
</indexColumnUsage>
</ind_PK_UK>
<ind_PK_UK id="BD348118-0038-F4D4-2197-A1B906D7F282" name="horarioGimnasios_Horarios_FK">
<createdBy>lauramurcia</createdBy>
<createdTime>2023-10-02 00:52:33 UTC</createdTime>
<generatorID>B306DAF6-5D08-1F32-9BD3-B170FC87A2D3</generatorID>
<ownerDesignName>p1SISTRANS</ownerDesignName>
<indexState>Foreign Key</indexState>
<isSurrogateKey>false</isSurrogateKey>
<indexColumnUsage>
<colUsage columnID="B7A920E2-2EA4-B78C-B185-6456BF97E889"/>
</indexColumnUsage>
</ind_PK_UK>
</indexes>
</Table>