<?xml version = '1.0' encoding = 'UTF-8'?>
<Table class="oracle.dbtools.crest.model.design.relational.Table" directorySegmentName="seg_0" id="B78937ED-A912-DE0B-3E9F-EFD6FABB57F1" name="Lavado">
<createdBy>lauramurcia</createdBy>
<createdTime>2023-10-02 00:52:33 UTC</createdTime>
<generatorID>3D6BD711-B8FA-42E9-2B8F-545D646BA3AA</generatorID>
<ownerDesignName>p1SISTRANS</ownerDesignName>
<allowColumnReorder>false</allowColumnReorder>
<existDependencyGenerateInDDl>true</existDependencyGenerateInDDl>
<parsed>true</parsed>
<columns itemClass="oracle.dbtools.crest.model.design.relational.Column">
<Column name="idServicio" id="8F07E859-40BD-48B4-4D68-22D0CD3D7E2C">
<createdBy>lauramurcia</createdBy>
<createdTime>2023-10-02 00:52:33 UTC</createdTime>
<generatorID>85B12694-5E8E-F3BC-9CF3-FC5BCF704F68</generatorID>
<ownerDesignName>p1SISTRANS</ownerDesignName>
<useDomainConstraints>false</useDomainConstraints>
<use>1</use>
<logicalDatatype>LOGDT024</logicalDatatype>
<dataTypeSize>200</dataTypeSize>
<ownDataTypeParameters>,,</ownDataTypeParameters>
<autoIncrementCycle>false</autoIncrementCycle>
<associations>
<colAssociation fkAssociation="E4D54AE5-0803-990F-22FB-DE2CAD68F96C" referredColumn="C6F43559-17F8-ED32-3F66-4384CFC0C7DC"/>
</associations>
</Column>
<Column name="tipo" id="D9A44DFD-57EC-F19D-554F-2E5CEDDEAD8E">
<createdBy>lauramurcia</createdBy>
<createdTime>2023-10-02 00:52:33 UTC</createdTime>
<generatorID>F2A2E0F3-652D-9F0A-78B6-7B2ABC98FB83</generatorID>
<ownerDesignName>p1SISTRANS</ownerDesignName>
<useDomainConstraints>false</useDomainConstraints>
<use>1</use>
<logicalDatatype>LOGDT024</logicalDatatype>
<dataTypeSize>200</dataTypeSize>
<ownDataTypeParameters>,,</ownDataTypeParameters>
<autoIncrementCycle>false</autoIncrementCycle>
<associations>
<colAssociation fkAssociation="E4D54AE5-0803-990F-22FB-DE2CAD68F96C" referredColumn="F5EB0DB7-16F8-A17A-7AB3-3B2859E8E4C3"/>
</associations>
</Column>
<Column name="tipoPrenda" id="698BF097-F0D8-AC50-F956-20C873A71DBC">
<createdBy>lauramurcia</createdBy>
<createdTime>2023-10-02 00:52:33 UTC</createdTime>
<generatorID>958B1EE5-D8DD-BE75-1CFB-704A8CE27E34</generatorID>
<ownerDesignName>p1SISTRANS</ownerDesignName>
<useDomainConstraints>false</useDomainConstraints>
<use>1</use>
<logicalDatatype>LOGDT024</logicalDatatype>
<dataTypeSize>200</dataTypeSize>
<ownDataTypeParameters>200,,</ownDataTypeParameters>
<autoIncrementCycle>false</autoIncrementCycle>
</Column>
<Column name="costo" id="48A21CAE-0023-F5D9-709F-F3390333A1D7">
<createdBy>lauramurcia</createdBy>
<createdTime>2023-10-02 00:52:33 UTC</createdTime>
<generatorID>D33D6E1B-A8B8-A418-BEF5-37BEE7B2FBCA</generatorID>
<ownerDesignName>p1SISTRANS</ownerDesignName>
<useDomainConstraints>false</useDomainConstraints>
<use>1</use>
<logicalDatatype>LOGDT021</logicalDatatype>
<ownDataTypeParameters>,,</ownDataTypeParameters>
<autoIncrementCycle>false</autoIncrementCycle>
</Column>
</columns>
<indexes itemClass="oracle.dbtools.crest.model.design.relational.Index">
<ind_PK_UK id="0AA23A6F-ACA9-3AB9-D673-BC655F241608" name="Lavado_PK">
<createdBy>lauramurcia</createdBy>
<createdTime>2023-10-02 00:52:33 UTC</createdTime>
<generatorID>9ADFCD80-DFF7-6F5C-1158-EAFAF06DC4ED</generatorID>
<ownerDesignName>p1SISTRANS</ownerDesignName>
<pk>true</pk>
<indexState>Primary Constraint</indexState>
<isSurrogateKey>false</isSurrogateKey>
<indexColumnUsage>
<colUsage columnID="8F07E859-40BD-48B4-4D68-22D0CD3D7E2C"/>
<colUsage columnID="D9A44DFD-57EC-F19D-554F-2E5CEDDEAD8E"/>
</indexColumnUsage>
</ind_PK_UK>
<ind_PK_UK id="B0DD6520-B60B-E9B4-EF40-1FDAAB37C82F" name="Lavado_Servicios_FK">
<createdBy>lauramurcia</createdBy>
<createdTime>2023-10-02 00:52:33 UTC</createdTime>
<generatorID>7A8E506F-3126-AC72-6181-1C2F0A6161EA</generatorID>
<ownerDesignName>p1SISTRANS</ownerDesignName>
<indexState>Foreign Key</indexState>
<isSurrogateKey>false</isSurrogateKey>
<indexColumnUsage>
<colUsage columnID="8F07E859-40BD-48B4-4D68-22D0CD3D7E2C"/>
<colUsage columnID="D9A44DFD-57EC-F19D-554F-2E5CEDDEAD8E"/>
</indexColumnUsage>
</ind_PK_UK>
</indexes>
</Table>