<?xml version = '1.0' encoding = 'UTF-8'?>
<Table class="oracle.dbtools.crest.model.design.relational.Table" directorySegmentName="seg_0" id="C96E1FE2-D4B7-F1BE-81B9-83B9B4659BEE" name="Reservas">
<createdBy>lauramurcia</createdBy>
<createdTime>2023-10-02 00:52:33 UTC</createdTime>
<generatorID>1DFA7792-2E51-03AA-0793-AF97F39ECBF7</generatorID>
<ownerDesignName>p1SISTRANS</ownerDesignName>
<allowColumnReorder>false</allowColumnReorder>
<existDependencyGenerateInDDl>true</existDependencyGenerateInDDl>
<parsed>true</parsed>
<columns itemClass="oracle.dbtools.crest.model.design.relational.Column">
<Column name="idReserva" id="DB8A37C2-E7B0-7077-9A0F-9FF093BEA17B">
<createdBy>lauramurcia</createdBy>
<createdTime>2023-10-02 00:52:33 UTC</createdTime>
<generatorID>F32EEF1B-ECCB-436F-B02D-ED9F385C7C14</generatorID>
<ownerDesignName>p1SISTRANS</ownerDesignName>
<useDomainConstraints>false</useDomainConstraints>
<use>1</use>
<logicalDatatype>LOGDT024</logicalDatatype>
<dataTypeSize>200</dataTypeSize>
<ownDataTypeParameters>200,,</ownDataTypeParameters>
<autoIncrementCycle>false</autoIncrementCycle>
</Column>
<Column name="numPersonas" id="4A1296DF-4110-30AF-37DD-4AD3D8FC2324">
<createdBy>lauramurcia</createdBy>
<createdTime>2023-10-02 00:52:33 UTC</createdTime>
<generatorID>9A8FD325-092D-54EE-CC84-C1493661E83C</generatorID>
<ownerDesignName>p1SISTRANS</ownerDesignName>
<useDomainConstraints>false</useDomainConstraints>
<use>1</use>
<logicalDatatype>LOGDT011</logicalDatatype>
<ownDataTypeParameters>,,</ownDataTypeParameters>
<autoIncrementCycle>false</autoIncrementCycle>
</Column>
<Column name="fechaInicial" id="950CEA77-3BE3-2A04-4A50-7A327E791562">
<createdBy>lauramurcia</createdBy>
<createdTime>2023-10-02 00:52:33 UTC</createdTime>
<generatorID>39B573AF-5A2B-B119-A47D-3D4BC4EE7662</generatorID>
<ownerDesignName>p1SISTRANS</ownerDesignName>
<useDomainConstraints>false</useDomainConstraints>
<use>1</use>
<logicalDatatype>LOGDT007</logicalDatatype>
<ownDataTypeParameters>,,</ownDataTypeParameters>
<autoIncrementCycle>false</autoIncrementCycle>
</Column>
<Column name="fechaFinal" id="43BF4428-4627-2C67-A2D9-8453DB623663">
<createdBy>lauramurcia</createdBy>
<createdTime>2023-10-02 00:52:33 UTC</createdTime>
<generatorID>64DBC4B4-9DB7-AE49-0DD3-354A3E3921EE</generatorID>
<ownerDesignName>p1SISTRANS</ownerDesignName>
<useDomainConstraints>false</useDomainConstraints>
<use>1</use>
<logicalDatatype>LOGDT007</logicalDatatype>
<ownDataTypeParameters>,,</ownDataTypeParameters>
<autoIncrementCycle>false</autoIncrementCycle>
</Column>
<Column name="Habitaciones_id" id="D4FC23EB-C1E7-0533-F4A9-6F21E20137BA">
<createdBy>lauramurcia</createdBy>
<createdTime>2023-10-02 00:52:33 UTC</createdTime>
<generatorID>1C423FC0-4412-F8E3-7354-8DDF1E0652F5</generatorID>
<ownerDesignName>p1SISTRANS</ownerDesignName>
<useDomainConstraints>false</useDomainConstraints>
<use>1</use>
<logicalDatatype>LOGDT011</logicalDatatype>
<ownDataTypeParameters>,,</ownDataTypeParameters>
<previousColumn>false</previousColumn>
<autoIncrementCycle>false</autoIncrementCycle>
<associations>
<colAssociation fkAssociation="B9989770-7C2B-66E7-0F2E-E36FD47493B1" referredColumn="96747918-7516-450C-BE20-AA68D2F06358"/>
</associations>
</Column>
<Column name="PlanesConsum_tipo" id="691296E3-17F2-DB2E-7882-DA66C9E40D6E">
<createdBy>lauramurcia</createdBy>
<createdTime>2023-10-02 00:52:33 UTC</createdTime>
<generatorID>42583E31-D0DD-C9A8-9F67-8B9095F39D01</generatorID>
<ownerDesignName>p1SISTRANS</ownerDesignName>
<useDomainConstraints>false</useDomainConstraints>
<use>1</use>
<logicalDatatype>LOGDT024</logicalDatatype>
<dataTypeSize>200</dataTypeSize>
<ownDataTypeParameters>,,</ownDataTypeParameters>
<previousColumn>false</previousColumn>
<autoIncrementCycle>false</autoIncrementCycle>
<associations>
<colAssociation fkAssociation="BDC2FEAE-AACA-0CDD-8F1B-79562D32D6A3" referredColumn="1A8B1852-758C-AF86-BF81-B01432202681"/>
</associations>
</Column>
</columns>
<indexes itemClass="oracle.dbtools.crest.model.design.relational.Index">
<ind_PK_UK id="824C5B0D-44B4-6D58-5B10-FC854B83E433" name="Reservas_PK">
<createdBy>lauramurcia</createdBy>
<createdTime>2023-10-02 00:52:33 UTC</createdTime>
<generatorID>1E016D50-49A1-3345-C896-D1214DD39D97</generatorID>
<ownerDesignName>p1SISTRANS</ownerDesignName>
<pk>true</pk>
<indexState>Primary Constraint</indexState>
<isSurrogateKey>false</isSurrogateKey>
<indexColumnUsage>
<colUsage columnID="DB8A37C2-E7B0-7077-9A0F-9FF093BEA17B"/>
</indexColumnUsage>
</ind_PK_UK>
<ind_PK_UK id="93AD08E4-099D-460E-1EBC-6C64C0358E37" name="Reservas_Habitaciones_FK">
<createdBy>lauramurcia</createdBy>
<createdTime>2023-10-02 00:52:33 UTC</createdTime>
<generatorID>87CF1059-45D4-726A-2198-C172C3FA1588</generatorID>
<ownerDesignName>p1SISTRANS</ownerDesignName>
<indexState>Foreign Key</indexState>
<isSurrogateKey>false</isSurrogateKey>
<indexColumnUsage>
<colUsage columnID="D4FC23EB-C1E7-0533-F4A9-6F21E20137BA"/>
</indexColumnUsage>
</ind_PK_UK>
<ind_PK_UK id="4AD5CCF0-2BF2-0EA6-2918-C96FAC154279" name="Reservas_PlanesConsum_FK">
<createdBy>lauramurcia</createdBy>
<createdTime>2023-10-02 00:52:34 UTC</createdTime>
<generatorID>21DF6310-224A-5381-552C-F547CB55B552</generatorID>
<ownerDesignName>p1SISTRANS</ownerDesignName>
<indexState>Foreign Key</indexState>
<isSurrogateKey>false</isSurrogateKey>
<indexColumnUsage>
<colUsage columnID="691296E3-17F2-DB2E-7882-DA66C9E40D6E"/>
</indexColumnUsage>
</ind_PK_UK>
</indexes>
</Table>