<?xml version = '1.0' encoding = 'UTF-8'?>
<Table class="oracle.dbtools.crest.model.design.relational.Table" directorySegmentName="seg_0" id="CD562653-09F9-8BC1-98CA-885A79C75A2B" name="cuentaConsu">
<createdBy>lauramurcia</createdBy>
<createdTime>2023-10-02 00:52:33 UTC</createdTime>
<generatorID>73240EFF-8135-63C1-09F2-198767B73264</generatorID>
<ownerDesignName>p1SISTRANS</ownerDesignName>
<allowColumnReorder>false</allowColumnReorder>
<existDependencyGenerateInDDl>true</existDependencyGenerateInDDl>
<parsed>true</parsed>
<columns itemClass="oracle.dbtools.crest.model.design.relational.Column">
<Column name="pagado" id="FB69C3CA-DA42-6A80-2F0F-0733D9F8FA0C">
<createdBy>lauramurcia</createdBy>
<createdTime>2023-10-02 00:52:33 UTC</createdTime>
<generatorID>51DA5D38-A0FB-BDBC-2C51-285AB23353F5</generatorID>
<ownerDesignName>p1SISTRANS</ownerDesignName>
<useDomainConstraints>false</useDomainConstraints>
<use>1</use>
<logicalDatatype>LOGDT006</logicalDatatype>
<dataTypeSize>1</dataTypeSize>
<ownDataTypeParameters>1,,</ownDataTypeParameters>
<autoIncrementCycle>false</autoIncrementCycle>
</Column>
<Column name="idCuenta" id="A59F086C-7656-4B01-3C1F-8D6135983893">
<createdBy>lauramurcia</createdBy>
<createdTime>2023-10-02 00:52:33 UTC</createdTime>
<generatorID>589C5AEA-B498-633D-F080-BA4396DAC744</generatorID>
<ownerDesignName>p1SISTRANS</ownerDesignName>
<useDomainConstraints>false</useDomainConstraints>
<use>1</use>
<logicalDatatype>LOGDT024</logicalDatatype>
<dataTypeSize>200</dataTypeSize>
<ownDataTypeParameters>200,,</ownDataTypeParameters>
<autoIncrementCycle>false</autoIncrementCycle>
</Column>
<Column name="Reservas_idReserva" id="950396D3-BE8C-E138-A261-63D8FA40D715">
<createdBy>lauramurcia</createdBy>
<createdTime>2023-10-02 00:52:33 UTC</createdTime>
<generatorID>9BF2B72F-9318-1335-B039-33037EEACE9D</generatorID>
<ownerDesignName>p1SISTRANS</ownerDesignName>
<useDomainConstraints>false</useDomainConstraints>
<use>1</use>
<logicalDatatype>LOGDT024</logicalDatatype>
<dataTypeSize>200</dataTypeSize>
<ownDataTypeParameters>,,</ownDataTypeParameters>
<previousColumn>false</previousColumn>
<autoIncrementCycle>false</autoIncrementCycle>
<associations>
<colAssociation fkAssociation="609E091A-74C5-6D5B-8364-83FE1A0926D0" referredColumn="DB8A37C2-E7B0-7077-9A0F-9FF093BEA17B"/>
</associations>
</Column>
</columns>
<indexes itemClass="oracle.dbtools.crest.model.design.relational.Index">
<ind_PK_UK id="7C12AC3C-9927-D518-5D88-B26EF42BC1D1" name="cuentaConsu_PK">
<createdBy>lauramurcia</createdBy>
<createdTime>2023-10-02 00:52:33 UTC</createdTime>
<generatorID>429A2A09-45BA-FCA4-B5DF-AACD24E6657A</generatorID>
<ownerDesignName>p1SISTRANS</ownerDesignName>
<pk>true</pk>
<indexState>Primary Constraint</indexState>
<isSurrogateKey>false</isSurrogateKey>
<indexColumnUsage>
<colUsage columnID="A59F086C-7656-4B01-3C1F-8D6135983893"/>
</indexColumnUsage>
</ind_PK_UK>
<ind_PK_UK id="2491C902-EC9F-0C93-0E74-EF8F1F750F5F" name="cuentaConsu_Reservas_FK">
<createdBy>lauramurcia</createdBy>
<createdTime>2023-10-02 00:52:34 UTC</createdTime>
<generatorID>7426BAE4-8613-F025-BD36-D15C9C60CD5F</generatorID>
<ownerDesignName>p1SISTRANS</ownerDesignName>
<indexState>Foreign Key</indexState>
<isSurrogateKey>false</isSurrogateKey>
<indexColumnUsage>
<colUsage columnID="950396D3-BE8C-E138-A261-63D8FA40D715"/>
</indexColumnUsage>
</ind_PK_UK>
</indexes>
</Table>