<?xml version = '1.0' encoding = 'UTF-8'?>
<Table class="oracle.dbtools.crest.model.design.relational.Table" directorySegmentName="seg_0" id="E397E45C-4DF1-C855-453E-4156ADC7C475" name="horariosSalones">
<createdBy>lauramurcia</createdBy>
<createdTime>2023-10-02 00:52:33 UTC</createdTime>
<ownerDesignName>p1SISTRANS</ownerDesignName>
<allowColumnReorder>false</allowColumnReorder>
<existDependencyGenerateInDDl>true</existDependencyGenerateInDDl>
<parsed>true</parsed>
<columns itemClass="oracle.dbtools.crest.model.design.relational.Column">
<Column name="Salones_idServicio" id="C3A07EEE-FEEE-EAE3-2CA3-3FB3742D98F8">
<createdBy>lauramurcia</createdBy>
<createdTime>2023-10-02 00:52:33 UTC</createdTime>
<ownerDesignName>p1SISTRANS</ownerDesignName>
<useDomainConstraints>false</useDomainConstraints>
<use>1</use>
<logicalDatatype>LOGDT024</logicalDatatype>
<dataTypeSize>200</dataTypeSize>
<ownDataTypeParameters>,,</ownDataTypeParameters>
<previousColumn>false</previousColumn>
<autoIncrementCycle>false</autoIncrementCycle>
<associations>
<colAssociation fkAssociation="DAD87797-9375-2D1E-9A30-AC497D009E83" referredColumn="BF96EB9B-F575-0119-8239-E6D0EE0E9063"/>
</associations>
</Column>
<Column name="Salones_tipo" id="E8AF4144-52BC-7391-3343-C796894A8C6A">
<createdBy>lauramurcia</createdBy>
<createdTime>2023-10-02 00:52:33 UTC</createdTime>
<ownerDesignName>p1SISTRANS</ownerDesignName>
<useDomainConstraints>false</useDomainConstraints>
<use>1</use>
<logicalDatatype>LOGDT024</logicalDatatype>
<dataTypeSize>200</dataTypeSize>
<ownDataTypeParameters>,,</ownDataTypeParameters>
<previousColumn>false</previousColumn>
<autoIncrementCycle>false</autoIncrementCycle>
<associations>
<colAssociation fkAssociation="DAD87797-9375-2D1E-9A30-AC497D009E83" referredColumn="87C41137-90CC-2769-2F30-85252E2D8670"/>
</associations>
</Column>
<Column name="Horarios_idServicio" id="BE374894-574E-100A-6566-72AA981839F5">
<createdBy>lauramurcia</createdBy>
<createdTime>2023-10-02 00:52:33 UTC</createdTime>
<ownerDesignName>p1SISTRANS</ownerDesignName>
<useDomainConstraints>false</useDomainConstraints>
<use>1</use>
<logicalDatatype>LOGDT024</logicalDatatype>
<dataTypeSize>200</dataTypeSize>
<ownDataTypeParameters>,,</ownDataTypeParameters>
<previousColumn>false</previousColumn>
<autoIncrementCycle>false</autoIncrementCycle>
<associations>
<colAssociation fkAssociation="14467791-777F-B4C9-5841-11332894C3A1" referredColumn="810CF188-8DCB-90E0-ABC3-E3C3AE86F5C9"/>
</associations>
</Column>
</columns>
<indexes itemClass="oracle.dbtools.crest.model.design.relational.Index">
<ind_PK_UK id="5C6C02DB-F9D7-9287-56B9-3C163B9C26ED" name="horariosSalones_PK">
<createdBy>lauramurcia</createdBy>
<createdTime>2023-10-02 00:52:33 UTC</createdTime>
<ownerDesignName>p1SISTRANS</ownerDesignName>
<pk>true</pk>
<indexState>Primary Constraint</indexState>
<isSurrogateKey>false</isSurrogateKey>
<indexColumnUsage>
<colUsage columnID="C3A07EEE-FEEE-EAE3-2CA3-3FB3742D98F8"/>
<colUsage columnID="E8AF4144-52BC-7391-3343-C796894A8C6A"/>
<colUsage columnID="BE374894-574E-100A-6566-72AA981839F5"/>
</indexColumnUsage>
</ind_PK_UK>
<ind_PK_UK id="E9CA7203-13AC-0778-5BC6-710434B4C00C" name="horariosSalones_Salones_FK">
<createdBy>lauramurcia</createdBy>
<createdTime>2023-10-02 00:52:33 UTC</createdTime>
<generatorID>EE52206E-4241-0847-AB24-9CA74B44DE12</generatorID>
<ownerDesignName>p1SISTRANS</ownerDesignName>
<indexState>Foreign Key</indexState>
<isSurrogateKey>false</isSurrogateKey>
<indexColumnUsage>
<colUsage columnID="C3A07EEE-FEEE-EAE3-2CA3-3FB3742D98F8"/>
<colUsage columnID="E8AF4144-52BC-7391-3343-C796894A8C6A"/>
</indexColumnUsage>
</ind_PK_UK>
<ind_PK_UK id="9C206F1C-D0FF-167C-1231-8FCC64C97480" name="horariosSalones_Horarios_FK">
<createdBy>lauramurcia</createdBy>
<createdTime>2023-10-02 00:52:33 UTC</createdTime>
<generatorID>EE52206E-4241-0847-AB24-9CA74B44DE12</generatorID>
<ownerDesignName>p1SISTRANS</ownerDesignName>
<indexState>Foreign Key</indexState>
<isSurrogateKey>false</isSurrogateKey>
<indexColumnUsage>
<colUsage columnID="BE374894-574E-100A-6566-72AA981839F5"/>
</indexColumnUsage>
</ind_PK_UK>
</indexes>
</Table>