<?xml version = '1.0' encoding = 'UTF-8'?>
<Table class="oracle.dbtools.crest.model.design.relational.Table" directorySegmentName="seg_0" id="E5FFDB4B-9B61-1381-E2E8-1B7CFCA34ED2" name="Tiendas">
<createdBy>lauramurcia</createdBy>
<createdTime>2023-10-02 00:52:33 UTC</createdTime>
<generatorID>C03A21B5-513F-5176-8720-370E402971B3</generatorID>
<ownerDesignName>p1SISTRANS</ownerDesignName>
<allowColumnReorder>false</allowColumnReorder>
<existDependencyGenerateInDDl>true</existDependencyGenerateInDDl>
<parsed>true</parsed>
<columns itemClass="oracle.dbtools.crest.model.design.relational.Column">
<Column name="idServicio" id="643D3383-EAC9-9EE4-95AC-0C1F0E1A4812">
<createdBy>lauramurcia</createdBy>
<createdTime>2023-10-02 00:52:33 UTC</createdTime>
<generatorID>85B12694-5E8E-F3BC-9CF3-FC5BCF704F68</generatorID>
<ownerDesignName>p1SISTRANS</ownerDesignName>
<useDomainConstraints>false</useDomainConstraints>
<use>1</use>
<logicalDatatype>LOGDT024</logicalDatatype>
<dataTypeSize>200</dataTypeSize>
<ownDataTypeParameters>,,</ownDataTypeParameters>
<autoIncrementCycle>false</autoIncrementCycle>
<associations>
<colAssociation fkAssociation="223B35D4-A064-24F3-C798-DCA4537A0FF3" referredColumn="C6F43559-17F8-ED32-3F66-4384CFC0C7DC"/>
</associations>
</Column>
<Column name="tipo" id="84498091-EB55-E2FC-ACBC-D4F1707D7E7E">
<createdBy>lauramurcia</createdBy>
<createdTime>2023-10-02 00:52:33 UTC</createdTime>
<generatorID>F2A2E0F3-652D-9F0A-78B6-7B2ABC98FB83</generatorID>
<ownerDesignName>p1SISTRANS</ownerDesignName>
<useDomainConstraints>false</useDomainConstraints>
<use>1</use>
<logicalDatatype>LOGDT024</logicalDatatype>
<dataTypeSize>200</dataTypeSize>
<ownDataTypeParameters>,,</ownDataTypeParameters>
<autoIncrementCycle>false</autoIncrementCycle>
<associations>
<colAssociation fkAssociation="223B35D4-A064-24F3-C798-DCA4537A0FF3" referredColumn="F5EB0DB7-16F8-A17A-7AB3-3B2859E8E4C3"/>
</associations>
</Column>
<Column name="nombre" id="246E6BCB-3B55-BAD3-BAC1-45368D7B934F">
<createdBy>lauramurcia</createdBy>
<createdTime>2023-10-02 00:52:33 UTC</createdTime>
<generatorID>B5265919-2B6D-E959-D32D-4C7D1B0BA49F</generatorID>
<ownerDesignName>p1SISTRANS</ownerDesignName>
<useDomainConstraints>false</useDomainConstraints>
<use>1</use>
<logicalDatatype>LOGDT024</logicalDatatype>
<dataTypeSize>200</dataTypeSize>
<ownDataTypeParameters>200,,</ownDataTypeParameters>
<autoIncrementCycle>false</autoIncrementCycle>
</Column>
</columns>
<indexes itemClass="oracle.dbtools.crest.model.design.relational.Index">
<ind_PK_UK id="4BB01959-CB9E-7373-E470-A87916477187" name="Tiendas_PK">
<createdBy>lauramurcia</createdBy>
<createdTime>2023-10-02 00:52:33 UTC</createdTime>
<generatorID>9ADFCD80-DFF7-6F5C-1158-EAFAF06DC4ED</generatorID>
<ownerDesignName>p1SISTRANS</ownerDesignName>
<pk>true</pk>
<indexState>Primary Constraint</indexState>
<isSurrogateKey>false</isSurrogateKey>
<indexColumnUsage>
<colUsage columnID="643D3383-EAC9-9EE4-95AC-0C1F0E1A4812"/>
<colUsage columnID="84498091-EB55-E2FC-ACBC-D4F1707D7E7E"/>
</indexColumnUsage>
</ind_PK_UK>
<ind_PK_UK id="910257E7-ED0D-FE87-11AA-B6ED0F7C01C0" name="Tiendas_Servicios_FK">
<createdBy>lauramurcia</createdBy>
<createdTime>2023-10-02 00:52:33 UTC</createdTime>
<generatorID>C8868805-EA6A-3654-BFCD-1112558455D0</generatorID>
<ownerDesignName>p1SISTRANS</ownerDesignName>
<indexState>Foreign Key</indexState>
<isSurrogateKey>false</isSurrogateKey>
<indexColumnUsage>
<colUsage columnID="643D3383-EAC9-9EE4-95AC-0C1F0E1A4812"/>
<colUsage columnID="84498091-EB55-E2FC-ACBC-D4F1707D7E7E"/>
</indexColumnUsage>
</ind_PK_UK>
</indexes>
</Table>