<?xml version = '1.0' encoding = 'UTF-8'?>
<Table class="oracle.dbtools.crest.model.design.relational.Table" directorySegmentName="seg_0" id="EA3763F7-9815-6427-75CF-467920D8EC9F" name="consumHabi">
<createdBy>lauramurcia</createdBy>
<createdTime>2023-10-02 00:52:33 UTC</createdTime>
<ownerDesignName>p1SISTRANS</ownerDesignName>
<allowColumnReorder>false</allowColumnReorder>
<existDependencyGenerateInDDl>true</existDependencyGenerateInDDl>
<parsed>true</parsed>
<columns itemClass="oracle.dbtools.crest.model.design.relational.Column">
<Column name="productsHabi_producto" id="569670AB-6ED4-9776-5AEC-4C786AD7C316">
<createdBy>lauramurcia</createdBy>
<createdTime>2023-10-02 00:52:33 UTC</createdTime>
<ownerDesignName>p1SISTRANS</ownerDesignName>
<useDomainConstraints>false</useDomainConstraints>
<use>1</use>
<logicalDatatype>LOGDT024</logicalDatatype>
<dataTypeSize>200</dataTypeSize>
<ownDataTypeParameters>,,</ownDataTypeParameters>
<previousColumn>false</previousColumn>
<autoIncrementCycle>false</autoIncrementCycle>
<associations>
<colAssociation fkAssociation="3F217CA1-F857-A9C5-5BFE-9EF96C445FF5" referredColumn="FCE76398-3C99-8AD1-65F2-4E2C8915A1BE"/>
</associations>
</Column>
<Column name="cuentaConsu_idCuenta" id="F5F351F2-B43D-7C99-CB66-870EFF01B278">
<createdBy>lauramurcia</createdBy>
<createdTime>2023-10-02 00:52:33 UTC</createdTime>
<ownerDesignName>p1SISTRANS</ownerDesignName>
<useDomainConstraints>false</useDomainConstraints>
<use>1</use>
<logicalDatatype>LOGDT024</logicalDatatype>
<dataTypeSize>200</dataTypeSize>
<ownDataTypeParameters>,,</ownDataTypeParameters>
<previousColumn>false</previousColumn>
<autoIncrementCycle>false</autoIncrementCycle>
<associations>
<colAssociation fkAssociation="D35ACAE7-3671-5FEB-EC7A-2C29EABB7FC1" referredColumn="A59F086C-7656-4B01-3C1F-8D6135983893"/>
</associations>
</Column>
<Column name="cantidad" id="A4D70EC5-99DF-EF7D-B632-977FEBC7B4BC">
<createdBy>lauramurcia</createdBy>
<createdTime>2023-10-02 00:52:33 UTC</createdTime>
<generatorID>E457207C-72DD-E5D7-F42C-FB0ACECCDC1A</generatorID>
<ownerDesignName>p1SISTRANS</ownerDesignName>
<useDomainConstraints>false</useDomainConstraints>
<use>1</use>
<logicalDatatype>LOGDT011</logicalDatatype>
<ownDataTypeParameters>,,</ownDataTypeParameters>
<autoIncrementCycle>false</autoIncrementCycle>
<isRelationshipColumn>true</isRelationshipColumn>
<isDependOnFK_AsMandatory>true</isDependOnFK_AsMandatory>
</Column>
<Column name="costo" id="59643535-B6E9-EA05-42E3-191A62F7263D">
<createdBy>lauramurcia</createdBy>
<createdTime>2023-10-02 00:52:33 UTC</createdTime>
<generatorID>4C51314B-DAED-CBBC-0DE6-4CF7C95D47A3</generatorID>
<ownerDesignName>p1SISTRANS</ownerDesignName>
<useDomainConstraints>false</useDomainConstraints>
<use>1</use>
<logicalDatatype>LOGDT021</logicalDatatype>
<ownDataTypeParameters>,,</ownDataTypeParameters>
<autoIncrementCycle>false</autoIncrementCycle>
<isRelationshipColumn>true</isRelationshipColumn>
<isDependOnFK_AsMandatory>true</isDependOnFK_AsMandatory>
</Column>
</columns>
<indexes itemClass="oracle.dbtools.crest.model.design.relational.Index">
<ind_PK_UK id="D6223638-FF8B-A646-7FA8-BF6F4E628E3C" name="consumHabi_PK">
<createdBy>lauramurcia</createdBy>
<createdTime>2023-10-02 00:52:33 UTC</createdTime>
<ownerDesignName>p1SISTRANS</ownerDesignName>
<pk>true</pk>
<indexState>Primary Constraint</indexState>
<isSurrogateKey>false</isSurrogateKey>
<indexColumnUsage>
<colUsage columnID="569670AB-6ED4-9776-5AEC-4C786AD7C316"/>
<colUsage columnID="F5F351F2-B43D-7C99-CB66-870EFF01B278"/>
</indexColumnUsage>
</ind_PK_UK>
<ind_PK_UK id="8360833B-CE4C-42FF-4E8F-A1EEE4AF6AC2" name="consumHabi_productsHabi_FK">
<createdBy>lauramurcia</createdBy>
<createdTime>2023-10-02 00:52:33 UTC</createdTime>
<generatorID>BE39B0FC-7BD8-E5B3-74E9-7406FFE41A24</generatorID>
<ownerDesignName>p1SISTRANS</ownerDesignName>
<indexState>Foreign Key</indexState>
<isSurrogateKey>false</isSurrogateKey>
<indexColumnUsage>
<colUsage columnID="569670AB-6ED4-9776-5AEC-4C786AD7C316"/>
</indexColumnUsage>
</ind_PK_UK>
<ind_PK_UK id="DAAD7D7B-755F-427D-1035-EE9BE81F0807" name="consumHabi_cuentaConsu_FK">
<createdBy>lauramurcia</createdBy>
<createdTime>2023-10-02 00:52:33 UTC</createdTime>
<generatorID>BE39B0FC-7BD8-E5B3-74E9-7406FFE41A24</generatorID>
<ownerDesignName>p1SISTRANS</ownerDesignName>
<indexState>Foreign Key</indexState>
<isSurrogateKey>false</isSurrogateKey>
<indexColumnUsage>
<colUsage columnID="F5F351F2-B43D-7C99-CB66-870EFF01B278"/>
</indexColumnUsage>
</ind_PK_UK>
</indexes>
</Table>