<?xml version = '1.0' encoding = 'UTF-8'?>
<Table class="oracle.dbtools.crest.model.design.relational.Table" directorySegmentName="seg_0" id="EFCAB2B9-9B9F-812C-4EFA-08F868E48626" name="horariosPiscinas">
<createdBy>lauramurcia</createdBy>
<createdTime>2023-10-02 00:52:33 UTC</createdTime>
<ownerDesignName>p1SISTRANS</ownerDesignName>
<allowColumnReorder>false</allowColumnReorder>
<existDependencyGenerateInDDl>true</existDependencyGenerateInDDl>
<parsed>true</parsed>
<columns itemClass="oracle.dbtools.crest.model.design.relational.Column">
<Column name="Piscinas_idServicio" id="EFAE015C-BF48-184D-F5C6-0014D9D81CE0">
<createdBy>lauramurcia</createdBy>
<createdTime>2023-10-02 00:52:33 UTC</createdTime>
<ownerDesignName>p1SISTRANS</ownerDesignName>
<useDomainConstraints>false</useDomainConstraints>
<use>1</use>
<logicalDatatype>LOGDT024</logicalDatatype>
<dataTypeSize>200</dataTypeSize>
<ownDataTypeParameters>,,</ownDataTypeParameters>
<previousColumn>false</previousColumn>
<autoIncrementCycle>false</autoIncrementCycle>
<associations>
<colAssociation fkAssociation="FD7F2C0F-C3DB-0716-1E81-9B64CFD5D1FA" referredColumn="D127D7E5-FD70-2720-E2DD-AC892851EC90"/>
</associations>
</Column>
<Column name="Piscinas_tipo" id="0AFA7748-389B-EE86-D5E4-004381B933F9">
<createdBy>lauramurcia</createdBy>
<createdTime>2023-10-02 00:52:33 UTC</createdTime>
<ownerDesignName>p1SISTRANS</ownerDesignName>
<useDomainConstraints>false</useDomainConstraints>
<use>1</use>
<logicalDatatype>LOGDT024</logicalDatatype>
<dataTypeSize>200</dataTypeSize>
<ownDataTypeParameters>,,</ownDataTypeParameters>
<previousColumn>false</previousColumn>
<autoIncrementCycle>false</autoIncrementCycle>
<associations>
<colAssociation fkAssociation="FD7F2C0F-C3DB-0716-1E81-9B64CFD5D1FA" referredColumn="C44A0B64-A356-3C4E-AC39-F5FBAA820FC7"/>
</associations>
</Column>
<Column name="Horarios_idServicio" id="E70D90FC-1F6E-677A-51CE-95E010FBE1C7">
<createdBy>lauramurcia</createdBy>
<createdTime>2023-10-02 00:52:33 UTC</createdTime>
<ownerDesignName>p1SISTRANS</ownerDesignName>
<useDomainConstraints>false</useDomainConstraints>
<use>1</use>
<logicalDatatype>LOGDT024</logicalDatatype>
<dataTypeSize>200</dataTypeSize>
<ownDataTypeParameters>,,</ownDataTypeParameters>
<previousColumn>false</previousColumn>
<autoIncrementCycle>false</autoIncrementCycle>
<associations>
<colAssociation fkAssociation="08B809C4-9BEB-DD19-0D28-9DAA953EAF98" referredColumn="810CF188-8DCB-90E0-ABC3-E3C3AE86F5C9"/>
</associations>
</Column>
</columns>
<indexes itemClass="oracle.dbtools.crest.model.design.relational.Index">
<ind_PK_UK id="EE7FEC83-5746-59CA-191F-FCD804389A4F" name="horariosPiscinas_PK">
<createdBy>lauramurcia</createdBy>
<createdTime>2023-10-02 00:52:33 UTC</createdTime>
<ownerDesignName>p1SISTRANS</ownerDesignName>
<pk>true</pk>
<indexState>Primary Constraint</indexState>
<isSurrogateKey>false</isSurrogateKey>
<indexColumnUsage>
<colUsage columnID="EFAE015C-BF48-184D-F5C6-0014D9D81CE0"/>
<colUsage columnID="0AFA7748-389B-EE86-D5E4-004381B933F9"/>
<colUsage columnID="E70D90FC-1F6E-677A-51CE-95E010FBE1C7"/>
</indexColumnUsage>
</ind_PK_UK>
<ind_PK_UK id="6FCC6630-9823-B6D3-99A1-F17907C0D72A" name="horariosPiscinas_Piscinas_FK">
<createdBy>lauramurcia</createdBy>
<createdTime>2023-10-02 00:52:33 UTC</createdTime>
<generatorID>50E2C770-C03E-B9AA-EC4F-6175F918D71D</generatorID>
<ownerDesignName>p1SISTRANS</ownerDesignName>
<indexState>Foreign Key</indexState>
<isSurrogateKey>false</isSurrogateKey>
<indexColumnUsage>
<colUsage columnID="EFAE015C-BF48-184D-F5C6-0014D9D81CE0"/>
<colUsage columnID="0AFA7748-389B-EE86-D5E4-004381B933F9"/>
</indexColumnUsage>
</ind_PK_UK>
<ind_PK_UK id="CA769DE8-0CE1-0279-26F5-7E2266322061" name="horariosPiscinas_Horarios_FK">
<createdBy>lauramurcia</createdBy>
<createdTime>2023-10-02 00:52:33 UTC</createdTime>
<generatorID>50E2C770-C03E-B9AA-EC4F-6175F918D71D</generatorID>
<ownerDesignName>p1SISTRANS</ownerDesignName>
<indexState>Foreign Key</indexState>
<isSurrogateKey>false</isSurrogateKey>
<indexColumnUsage>
<colUsage columnID="E70D90FC-1F6E-677A-51CE-95E010FBE1C7"/>
</indexColumnUsage>
</ind_PK_UK>
</indexes>
</Table>