<?xml version = '1.0' encoding = 'UTF-8'?>
<Table class="oracle.dbtools.crest.model.design.relational.Table" directorySegmentName="seg_0" id="FCC87B00-56B1-6BE2-DC27-1D74B2EDD02B" name="menuBares">
<createdBy>lauramurcia</createdBy>
<createdTime>2023-10-02 00:52:33 UTC</createdTime>
<ownerDesignName>p1SISTRANS</ownerDesignName>
<allowColumnReorder>false</allowColumnReorder>
<existDependencyGenerateInDDl>true</existDependencyGenerateInDDl>
<parsed>true</parsed>
<columns itemClass="oracle.dbtools.crest.model.design.relational.Column">
<Column name="Bares_idServicio" id="641DBCE3-06D4-31A9-F262-0E39272D010A">
<createdBy>lauramurcia</createdBy>
<createdTime>2023-10-02 00:52:33 UTC</createdTime>
<ownerDesignName>p1SISTRANS</ownerDesignName>
<useDomainConstraints>false</useDomainConstraints>
<use>1</use>
<logicalDatatype>LOGDT024</logicalDatatype>
<dataTypeSize>200</dataTypeSize>
<ownDataTypeParameters>,,</ownDataTypeParameters>
<previousColumn>false</previousColumn>
<autoIncrementCycle>false</autoIncrementCycle>
<associations>
<colAssociation fkAssociation="9A996DD3-5787-8980-C19C-5157D3AE610E" referredColumn="197C597B-5A15-C6D9-E309-4087821C0878"/>
</associations>
</Column>
<Column name="Bares_tipo" id="38944DC8-3CB7-05F7-B443-E127EBCF3B68">
<createdBy>lauramurcia</createdBy>
<createdTime>2023-10-02 00:52:33 UTC</createdTime>
<ownerDesignName>p1SISTRANS</ownerDesignName>
<useDomainConstraints>false</useDomainConstraints>
<use>1</use>
<logicalDatatype>LOGDT024</logicalDatatype>
<dataTypeSize>200</dataTypeSize>
<ownDataTypeParameters>,,</ownDataTypeParameters>
<previousColumn>false</previousColumn>
<autoIncrementCycle>false</autoIncrementCycle>
<associations>
<colAssociation fkAssociation="9A996DD3-5787-8980-C19C-5157D3AE610E" referredColumn="6C51363E-D4BB-302F-4876-0CB62DEA3416"/>
</associations>
</Column>
<Column name="productMenu_producto" id="DC2CCFC9-D3FB-A3D4-BC66-78CCD45DAE4C">
<createdBy>lauramurcia</createdBy>
<createdTime>2023-10-02 00:52:33 UTC</createdTime>
<ownerDesignName>p1SISTRANS</ownerDesignName>
<useDomainConstraints>false</useDomainConstraints>
<use>1</use>
<logicalDatatype>LOGDT024</logicalDatatype>
<dataTypeSize>200</dataTypeSize>
<ownDataTypeParameters>,,</ownDataTypeParameters>
<previousColumn>false</previousColumn>
<autoIncrementCycle>false</autoIncrementCycle>
<associations>
<colAssociation fkAssociation="4D0E6D36-B749-9A3D-EDE3-866E795908D9" referredColumn="B4CDB453-B494-4E97-8025-971B7A58E034"/>
</associations>
</Column>
</columns>
<indexes itemClass="oracle.dbtools.crest.model.design.relational.Index">
<ind_PK_UK id="D2E0F52C-A49A-DE80-1D72-FC352D03E57C" name="menuBares_PK">
<createdBy>lauramurcia</createdBy>
<createdTime>2023-10-02 00:52:33 UTC</createdTime>
<ownerDesignName>p1SISTRANS</ownerDesignName>
<pk>true</pk>
<indexState>Primary Constraint</indexState>
<isSurrogateKey>false</isSurrogateKey>
<indexColumnUsage>
<colUsage columnID="641DBCE3-06D4-31A9-F262-0E39272D010A"/>
<colUsage columnID="38944DC8-3CB7-05F7-B443-E127EBCF3B68"/>
<colUsage columnID="DC2CCFC9-D3FB-A3D4-BC66-78CCD45DAE4C"/>
</indexColumnUsage>
</ind_PK_UK>
<ind_PK_UK id="F3B7AFBE-F28D-2C41-6EA8-ED54AD197F3E" name="menuBares_Bares_FK">
<createdBy>lauramurcia</createdBy>
<createdTime>2023-10-02 00:52:33 UTC</createdTime>
<generatorID>C6E63E88-4258-F34F-3DAC-B555A76A1D50</generatorID>
<ownerDesignName>p1SISTRANS</ownerDesignName>
<indexState>Foreign Key</indexState>
<isSurrogateKey>false</isSurrogateKey>
<indexColumnUsage>
<colUsage columnID="641DBCE3-06D4-31A9-F262-0E39272D010A"/>
<colUsage columnID="38944DC8-3CB7-05F7-B443-E127EBCF3B68"/>
</indexColumnUsage>
</ind_PK_UK>
<ind_PK_UK id="79E9C34F-BF59-DD86-0691-1A2AF82291E9" name="menuBares_productMenu_FK">
<createdBy>lauramurcia</createdBy>
<createdTime>2023-10-02 00:52:33 UTC</createdTime>
<generatorID>C6E63E88-4258-F34F-3DAC-B555A76A1D50</generatorID>
<ownerDesignName>p1SISTRANS</ownerDesignName>
<indexState>Foreign Key</indexState>
<isSurrogateKey>false</isSurrogateKey>
<indexColumnUsage>
<colUsage columnID="DC2CCFC9-D3FB-A3D4-BC66-78CCD45DAE4C"/>
</indexColumnUsage>
</ind_PK_UK>
</indexes>
</Table>