<?xml version = '1.0' encoding = 'UTF-8'?>
<Table class="oracle.dbtools.crest.model.design.relational.Table" directorySegmentName="seg_0" id="FF3FD47E-72A2-5A94-F7CE-B1528C853C4F" name="reservan">
<createdBy>lauramurcia</createdBy>
<createdTime>2023-10-02 00:52:34 UTC</createdTime>
<ownerDesignName>p1SISTRANS</ownerDesignName>
<allowColumnReorder>false</allowColumnReorder>
<existDependencyGenerateInDDl>true</existDependencyGenerateInDDl>
<parsed>true</parsed>
<columns itemClass="oracle.dbtools.crest.model.design.relational.Column">
<Column name="Usuarios_idUsuario" id="45D413DF-170B-64C9-C27C-C81E224AC1D3">
<createdBy>lauramurcia</createdBy>
<createdTime>2023-10-02 00:52:34 UTC</createdTime>
<ownerDesignName>p1SISTRANS</ownerDesignName>
<useDomainConstraints>false</useDomainConstraints>
<use>1</use>
<logicalDatatype>LOGDT024</logicalDatatype>
<dataTypeSize>200</dataTypeSize>
<ownDataTypeParameters>,,</ownDataTypeParameters>
<previousColumn>false</previousColumn>
<autoIncrementCycle>false</autoIncrementCycle>
<associations>
<colAssociation fkAssociation="2AEA1CF0-5212-440F-7377-6AE87BF7A7BF" referredColumn="3A6A7E9A-09CE-0FAE-75D7-EB2B40F148CB"/>
</associations>
</Column>
<Column name="Reservas_idReserva" id="D1CA5BBC-1C4E-AEDA-B5E0-8D970EFDF3EB">
<createdBy>lauramurcia</createdBy>
<createdTime>2023-10-02 00:52:34 UTC</createdTime>
<ownerDesignName>p1SISTRANS</ownerDesignName>
<useDomainConstraints>false</useDomainConstraints>
<use>1</use>
<logicalDatatype>LOGDT024</logicalDatatype>
<dataTypeSize>200</dataTypeSize>
<ownDataTypeParameters>,,</ownDataTypeParameters>
<previousColumn>false</previousColumn>
<autoIncrementCycle>false</autoIncrementCycle>
<associations>
<colAssociation fkAssociation="044B2B00-941B-E38F-F6E3-207FB57D03F1" referredColumn="DB8A37C2-E7B0-7077-9A0F-9FF093BEA17B"/>
</associations>
</Column>
</columns>
<indexes itemClass="oracle.dbtools.crest.model.design.relational.Index">
<ind_PK_UK id="D79E2DFF-A491-C429-EC9C-F600509D88B8" name="reservan_PK">
<createdBy>lauramurcia</createdBy>
<createdTime>2023-10-02 00:52:34 UTC</createdTime>
<ownerDesignName>p1SISTRANS</ownerDesignName>
<pk>true</pk>
<indexState>Primary Constraint</indexState>
<isSurrogateKey>false</isSurrogateKey>
<indexColumnUsage>
<colUsage columnID="45D413DF-170B-64C9-C27C-C81E224AC1D3"/>
<colUsage columnID="D1CA5BBC-1C4E-AEDA-B5E0-8D970EFDF3EB"/>
</indexColumnUsage>
</ind_PK_UK>
<ind_PK_UK id="CD3EAD8F-B7CC-B046-A95F-B1DB34AC1B60" name="reservan_Usuarios_FK">
<createdBy>lauramurcia</createdBy>
<createdTime>2023-10-02 00:52:34 UTC</createdTime>
<generatorID>D19582F9-89A3-A8F8-3A6E-38A05DF96E4A</generatorID>
<ownerDesignName>p1SISTRANS</ownerDesignName>
<indexState>Foreign Key</indexState>
<isSurrogateKey>false</isSurrogateKey>
<indexColumnUsage>
<colUsage columnID="45D413DF-170B-64C9-C27C-C81E224AC1D3"/>
</indexColumnUsage>
</ind_PK_UK>
<ind_PK_UK id="820EE99B-7BB1-1B39-2288-F0A87765EA3E" name="reservan_Reservas_FK">
<createdBy>lauramurcia</createdBy>
<createdTime>2023-10-02 00:52:34 UTC</createdTime>
<generatorID>D19582F9-89A3-A8F8-3A6E-38A05DF96E4A</generatorID>
<ownerDesignName>p1SISTRANS</ownerDesignName>
<indexState>Foreign Key</indexState>
<isSurrogateKey>false</isSurrogateKey>
<indexColumnUsage>
<colUsage columnID="D1CA5BBC-1C4E-AEDA-B5E0-8D970EFDF3EB"/>
</indexColumnUsage>
</ind_PK_UK>
</indexes>
</Table>