<?xml version = '1.0' encoding = 'UTF-8'?>
<FKIndexAssociation class="oracle.dbtools.crest.model.design.relational.FKIndexAssociation" directorySegmentName="seg_0" id="006B9E2B-3F53-30C1-7A13-DEE73CE3091F" containerWithKeyObject="5B3E1C4A-ABDA-E946-AA36-04184F13DC54" localFKIndex="7CE332E7-EA25-2D1E-5A31-C0A223FCC67A" name="planServ_PlanesConsum_FK">
<createdBy>lauramurcia</createdBy>
<createdTime>2023-10-02 00:52:34 UTC</createdTime>
<generatorID>30D129EC-A66E-5282-DF61-95B32E0EAF75</generatorID>
<ownerDesignName>p1SISTRANS</ownerDesignName>
<referredTableLongName>PlanesConsum</referredTableLongName>
<deleteRule>NO ACTION</deleteRule>
<referredTableID>6F7712A4-B4BF-1788-F59B-2FBE15456327</referredTableID>
<keyObject>A1EB9908-D08C-60F9-D118-738AB9883827</keyObject>
<referredKeyID>A1EB9908-D08C-60F9-D118-738AB9883827</referredKeyID>
<mandatory>true</mandatory>
<refColNames>tipo</refColNames>
<transferable>true</transferable>
<rely>false</rely>
<columnDependencyConstraintGenerateInDDL>true</columnDependencyConstraintGenerateInDDL>
</FKIndexAssociation>