<?xml version = '1.0' encoding = 'UTF-8'?>
<FKIndexAssociation class="oracle.dbtools.crest.model.design.relational.FKIndexAssociation" directorySegmentName="seg_0" id="015A08E7-7706-6F1F-2556-2C78596B5CFC" containerWithKeyObject="E92AA624-0D15-6D53-0BFF-AB2F1B7B25E1" localFKIndex="2898CC09-62FC-81D8-5E8F-E57AC709B710" name="Salones_tipoSalones_FK">
<createdBy>lauramurcia</createdBy>
<createdTime>2023-10-02 00:52:34 UTC</createdTime>
<generatorID>8B84DA1D-C4B0-C7BB-7BFC-471BF0E2C6A9</generatorID>
<ownerDesignName>p1SISTRANS</ownerDesignName>
<referredTableLongName>tipoSalones</referredTableLongName>
<deleteRule>NO ACTION</deleteRule>
<referredTableID>24727AFD-565E-8717-C559-9AADB7EF88D1</referredTableID>
<keyObject>0C7A6751-3417-DB96-9C01-05BD2BD5DDA1</keyObject>
<referredKeyID>0C7A6751-3417-DB96-9C01-05BD2BD5DDA1</referredKeyID>
<mandatory>true</mandatory>
<refColNames>tipo</refColNames>
<transferable>true</transferable>
<rely>false</rely>
<columnDependencyConstraintGenerateInDDL>true</columnDependencyConstraintGenerateInDDL>
</FKIndexAssociation>