<?xml version = '1.0' encoding = 'UTF-8'?>
<FKIndexAssociation class="oracle.dbtools.crest.model.design.relational.FKIndexAssociation" directorySegmentName="seg_0" id="044B2B00-941B-E38F-F6E3-207FB57D03F1" containerWithKeyObject="FF3FD47E-72A2-5A94-F7CE-B1528C853C4F" localFKIndex="820EE99B-7BB1-1B39-2288-F0A87765EA3E" name="reservan_Reservas_FK">
<createdBy>lauramurcia</createdBy>
<createdTime>2023-10-02 00:52:34 UTC</createdTime>
<generatorID>D19582F9-89A3-A8F8-3A6E-38A05DF96E4A</generatorID>
<ownerDesignName>p1SISTRANS</ownerDesignName>
<referredTableLongName>Reservas</referredTableLongName>
<deleteRule>NO ACTION</deleteRule>
<referredTableID>C96E1FE2-D4B7-F1BE-81B9-83B9B4659BEE</referredTableID>
<keyObject>824C5B0D-44B4-6D58-5B10-FC854B83E433</keyObject>
<referredKeyID>824C5B0D-44B4-6D58-5B10-FC854B83E433</referredKeyID>
<mandatory>true</mandatory>
<refColNames>idReserva</refColNames>
<transferable>true</transferable>
<rely>false</rely>
<columnDependencyConstraintGenerateInDDL>true</columnDependencyConstraintGenerateInDDL>
</FKIndexAssociation>