<?xml version = '1.0' encoding = 'UTF-8'?>
<FKIndexAssociation class="oracle.dbtools.crest.model.design.relational.FKIndexAssociation" directorySegmentName="seg_0" id="08B809C4-9BEB-DD19-0D28-9DAA953EAF98" containerWithKeyObject="EFCAB2B9-9B9F-812C-4EFA-08F868E48626" localFKIndex="CA769DE8-0CE1-0279-26F5-7E2266322061" name="horariosPiscinas_Horarios_FK">
<createdBy>lauramurcia</createdBy>
<createdTime>2023-10-02 00:52:33 UTC</createdTime>
<generatorID>50E2C770-C03E-B9AA-EC4F-6175F918D71D</generatorID>
<ownerDesignName>p1SISTRANS</ownerDesignName>
<referredTableLongName>Horarios</referredTableLongName>
<deleteRule>NO ACTION</deleteRule>
<referredTableID>B038F5E6-1BA7-BE11-93B4-96310A1BA38B</referredTableID>
<keyObject>E974D817-5EF9-A0E4-228F-AC0F93E9CECE</keyObject>
<referredKeyID>E974D817-5EF9-A0E4-228F-AC0F93E9CECE</referredKeyID>
<mandatory>true</mandatory>
<refColNames>idServicio</refColNames>
<transferable>true</transferable>
<rely>false</rely>
<columnDependencyConstraintGenerateInDDL>true</columnDependencyConstraintGenerateInDDL>
</FKIndexAssociation>