<?xml version = '1.0' encoding = 'UTF-8'?>
<FKIndexAssociation class="oracle.dbtools.crest.model.design.relational.FKIndexAssociation" directorySegmentName="seg_0" id="0FF17F98-19FD-567E-19E1-5D61ECBB1171" containerWithKeyObject="3325DCBA-BDDB-46F9-AC57-2B5DACEDF3BD" localFKIndex="204C2F28-1512-4D09-81F0-F185E152E5E4" name="productSuper_Productos_FK">
<createdBy>lauramurcia</createdBy>
<createdTime>2023-10-02 00:52:34 UTC</createdTime>
<generatorID>8C10DAAD-8E71-B3F2-03CF-3F59DFE3EBEB</generatorID>
<ownerDesignName>p1SISTRANS</ownerDesignName>
<referredTableLongName>Productos</referredTableLongName>
<deleteRule>NO ACTION</deleteRule>
<referredTableID>4BDC6B68-900F-3E21-DFAE-A1901F674392</referredTableID>
<keyObject>EFC7C7FC-456B-1B95-5923-DE74C02DD9FF</keyObject>
<referredKeyID>EFC7C7FC-456B-1B95-5923-DE74C02DD9FF</referredKeyID>
<mandatory>true</mandatory>
<refColNames>idProducto</refColNames>
<transferable>true</transferable>
<rely>false</rely>
<columnDependencyConstraintGenerateInDDL>true</columnDependencyConstraintGenerateInDDL>
</FKIndexAssociation>