<?xml version = '1.0' encoding = 'UTF-8'?>
<FKIndexAssociation class="oracle.dbtools.crest.model.design.relational.FKIndexAssociation" directorySegmentName="seg_0" id="14467791-777F-B4C9-5841-11332894C3A1" containerWithKeyObject="E397E45C-4DF1-C855-453E-4156ADC7C475" localFKIndex="9C206F1C-D0FF-167C-1231-8FCC64C97480" name="horariosSalones_Horarios_FK">
<createdBy>lauramurcia</createdBy>
<createdTime>2023-10-02 00:52:33 UTC</createdTime>
<generatorID>EE52206E-4241-0847-AB24-9CA74B44DE12</generatorID>
<ownerDesignName>p1SISTRANS</ownerDesignName>
<referredTableLongName>Horarios</referredTableLongName>
<deleteRule>NO ACTION</deleteRule>
<referredTableID>B038F5E6-1BA7-BE11-93B4-96310A1BA38B</referredTableID>
<keyObject>E974D817-5EF9-A0E4-228F-AC0F93E9CECE</keyObject>
<referredKeyID>E974D817-5EF9-A0E4-228F-AC0F93E9CECE</referredKeyID>
<mandatory>true</mandatory>
<refColNames>idServicio</refColNames>
<transferable>true</transferable>
<rely>false</rely>
<columnDependencyConstraintGenerateInDDL>true</columnDependencyConstraintGenerateInDDL>
</FKIndexAssociation>