<?xml version = '1.0' encoding = 'UTF-8'?>
<FKIndexAssociation class="oracle.dbtools.crest.model.design.relational.FKIndexAssociation" directorySegmentName="seg_0" id="15AC9A12-9173-5C7C-C322-03A7A4284EBC" containerWithKeyObject="917889B0-D93B-D0B6-6C1D-91D0E3452874" localFKIndex="4AA8F757-83D2-FC2A-E249-B4A69D1683CC" name="Habitaciones_Hoteles_FK">
<createdBy>lauramurcia</createdBy>
<createdTime>2023-10-02 00:52:33 UTC</createdTime>
<generatorID>8E21B1AA-BCA9-2248-0625-8CDC42653811</generatorID>
<ownerDesignName>p1SISTRANS</ownerDesignName>
<referredTableLongName>Hoteles</referredTableLongName>
<deleteRule>NO ACTION</deleteRule>
<referredTableID>7DB336B4-1156-B8F3-AE98-D559546B9020</referredTableID>
<keyObject>0DD659BE-C5E4-C3A3-BE2E-92B278BB6E34</keyObject>
<referredKeyID>0DD659BE-C5E4-C3A3-BE2E-92B278BB6E34</referredKeyID>
<mandatory>true</mandatory>
<refColNames>nombreHotel</refColNames>
<transferable>true</transferable>
<rely>false</rely>
<columnDependencyConstraintGenerateInDDL>true</columnDependencyConstraintGenerateInDDL>
</FKIndexAssociation>