<?xml version = '1.0' encoding = 'UTF-8'?>
<FKIndexAssociation class="oracle.dbtools.crest.model.design.relational.FKIndexAssociation" directorySegmentName="seg_0" id="1672FEA0-E803-9DE2-4882-B3CBC249862E" containerWithKeyObject="0DB26BBF-63E7-A500-C0D6-F83E479931F5" localFKIndex="C9B96CC8-9186-C6DF-9EDE-26B0F6A7D787" name="maquinasGym_Gimnasios_FK">
<createdBy>lauramurcia</createdBy>
<createdTime>2023-10-02 00:52:33 UTC</createdTime>
<generatorID>0606D935-6DB9-9C82-4CDA-3BB56F6FC404</generatorID>
<ownerDesignName>p1SISTRANS</ownerDesignName>
<referredTableLongName>Gimnasios</referredTableLongName>
<deleteRule>NO ACTION</deleteRule>
<referredTableID>9FF8D7F0-48D3-3722-A9DD-9927C0DC3183</referredTableID>
<keyObject>55BDF88A-2BDC-C496-800C-430DD981F46B</keyObject>
<referredKeyID>55BDF88A-2BDC-C496-800C-430DD981F46B</referredKeyID>
<mandatory>true</mandatory>
<refColNames>idServicio,tipo</refColNames>
<transferable>true</transferable>
<rely>false</rely>
<columnDependencyConstraintGenerateInDDL>true</columnDependencyConstraintGenerateInDDL>
</FKIndexAssociation>