<?xml version = '1.0' encoding = 'UTF-8'?>
<FKIndexAssociation class="oracle.dbtools.crest.model.design.relational.FKIndexAssociation" directorySegmentName="seg_0" id="175FF5AC-6058-3560-5E37-5DBC8F17EF9F" containerWithKeyObject="171B7E1D-ED9C-8FF5-37F9-DD78099430E9" localFKIndex="ED1303DD-EAB0-93BD-619E-DD87CC655BA5" name="PrestamoU_Servicios_FK">
<createdBy>lauramurcia</createdBy>
<createdTime>2023-10-02 00:52:33 UTC</createdTime>
<generatorID>910CF283-0F59-EF3C-03A8-703D539C69EE</generatorID>
<ownerDesignName>p1SISTRANS</ownerDesignName>
<referredTableLongName>Servicios</referredTableLongName>
<arc>70AD1C5E-E2D7-5DCE-C671-6375FC7A1522</arc>
<deleteRule>NO ACTION</deleteRule>
<referredTableID>58AC76A4-B4FE-64C2-CF94-53761BB4236E</referredTableID>
<keyObject>3224CD65-D2A0-B402-CE89-32C8F3A0161B</keyObject>
<referredKeyID>3224CD65-D2A0-B402-CE89-32C8F3A0161B</referredKeyID>
<mandatory>true</mandatory>
<refColNames>idServicio,tipo</refColNames>
<transferable>true</transferable>
<rely>false</rely>
<columnDependencyConstraintGenerateInDDL>true</columnDependencyConstraintGenerateInDDL>
</FKIndexAssociation>