<?xml version = '1.0' encoding = 'UTF-8'?>
<FKIndexAssociation class="oracle.dbtools.crest.model.design.relational.FKIndexAssociation" directorySegmentName="seg_0" id="22D76689-43DD-9BED-6EF4-AFD27CFE9A00" containerWithKeyObject="B3DEBA00-0406-F434-36DE-F89E3EEB6AB6" localFKIndex="BD348118-0038-F4D4-2197-A1B906D7F282" name="horarioGimnasios_Horarios_FK">
<createdBy>lauramurcia</createdBy>
<createdTime>2023-10-02 00:52:33 UTC</createdTime>
<generatorID>B306DAF6-5D08-1F32-9BD3-B170FC87A2D3</generatorID>
<ownerDesignName>p1SISTRANS</ownerDesignName>
<referredTableLongName>Horarios</referredTableLongName>
<deleteRule>NO ACTION</deleteRule>
<referredTableID>B038F5E6-1BA7-BE11-93B4-96310A1BA38B</referredTableID>
<keyObject>E974D817-5EF9-A0E4-228F-AC0F93E9CECE</keyObject>
<referredKeyID>E974D817-5EF9-A0E4-228F-AC0F93E9CECE</referredKeyID>
<mandatory>true</mandatory>
<refColNames>idServicio</refColNames>
<transferable>true</transferable>
<rely>false</rely>
<columnDependencyConstraintGenerateInDDL>true</columnDependencyConstraintGenerateInDDL>
</FKIndexAssociation>