<?xml version = '1.0' encoding = 'UTF-8'?>
<FKIndexAssociation class="oracle.dbtools.crest.model.design.relational.FKIndexAssociation" directorySegmentName="seg_0" id="2AEA1CF0-5212-440F-7377-6AE87BF7A7BF" containerWithKeyObject="FF3FD47E-72A2-5A94-F7CE-B1528C853C4F" localFKIndex="CD3EAD8F-B7CC-B046-A95F-B1DB34AC1B60" name="reservan_Usuarios_FK">
<createdBy>lauramurcia</createdBy>
<createdTime>2023-10-02 00:52:34 UTC</createdTime>
<generatorID>D19582F9-89A3-A8F8-3A6E-38A05DF96E4A</generatorID>
<ownerDesignName>p1SISTRANS</ownerDesignName>
<referredTableLongName>Usuarios</referredTableLongName>
<deleteRule>NO ACTION</deleteRule>
<referredTableID>5B3D5B89-ED7C-3365-2518-D7188E81AD97</referredTableID>
<keyObject>8BB65FEA-244E-7BEB-AEC4-C33D80FB2315</keyObject>
<referredKeyID>8BB65FEA-244E-7BEB-AEC4-C33D80FB2315</referredKeyID>
<mandatory>true</mandatory>
<refColNames>idUsuario</refColNames>
<transferable>true</transferable>
<rely>false</rely>
<columnDependencyConstraintGenerateInDDL>true</columnDependencyConstraintGenerateInDDL>
</FKIndexAssociation>