<?xml version = '1.0' encoding = 'UTF-8'?>
<FKIndexAssociation class="oracle.dbtools.crest.model.design.relational.FKIndexAssociation" directorySegmentName="seg_0" id="3572441C-7A8C-1DD5-18F9-B9D1F4866908" containerWithKeyObject="38BA4B0E-2130-B2AC-1B6A-6C92544A9B8D" localFKIndex="756893B0-916E-1565-9212-5181E708C892" name="menuResto_Restaurantes_FK">
<createdBy>lauramurcia</createdBy>
<createdTime>2023-10-02 00:52:33 UTC</createdTime>
<generatorID>C5196494-7072-0033-90E0-70BBF2428FD0</generatorID>
<ownerDesignName>p1SISTRANS</ownerDesignName>
<referredTableLongName>Restaurantes</referredTableLongName>
<deleteRule>NO ACTION</deleteRule>
<referredTableID>E5678EA6-0F21-2540-595B-123E1C523076</referredTableID>
<keyObject>DCEB0CD0-4D41-C94F-8C66-0054BF9AA38D</keyObject>
<referredKeyID>DCEB0CD0-4D41-C94F-8C66-0054BF9AA38D</referredKeyID>
<mandatory>true</mandatory>
<refColNames>idServicio,tipo</refColNames>
<transferable>true</transferable>
<rely>false</rely>
<columnDependencyConstraintGenerateInDDL>true</columnDependencyConstraintGenerateInDDL>
</FKIndexAssociation>