<?xml version = '1.0' encoding = 'UTF-8'?>
<FKIndexAssociation class="oracle.dbtools.crest.model.design.relational.FKIndexAssociation" directorySegmentName="seg_0" id="381B45DC-9D25-4007-1142-8BECB822E6F0" containerWithKeyObject="97C5C46F-E5A0-DC7C-5168-E4E5732D8CCC" localFKIndex="23C63505-0CF5-4963-6DCD-4B9739997052" name="servicioHotel_Hoteles_FK">
<createdBy>lauramurcia</createdBy>
<createdTime>2023-10-02 00:52:34 UTC</createdTime>
<generatorID>C76DFF79-E719-B03C-A618-4CC681DFF258</generatorID>
<ownerDesignName>p1SISTRANS</ownerDesignName>
<referredTableLongName>Hoteles</referredTableLongName>
<deleteRule>NO ACTION</deleteRule>
<referredTableID>7DB336B4-1156-B8F3-AE98-D559546B9020</referredTableID>
<keyObject>0DD659BE-C5E4-C3A3-BE2E-92B278BB6E34</keyObject>
<referredKeyID>0DD659BE-C5E4-C3A3-BE2E-92B278BB6E34</referredKeyID>
<mandatory>true</mandatory>
<refColNames>nombreHotel</refColNames>
<transferable>true</transferable>
<rely>false</rely>
<columnDependencyConstraintGenerateInDDL>true</columnDependencyConstraintGenerateInDDL>
</FKIndexAssociation>