<?xml version = '1.0' encoding = 'UTF-8'?>
<FKIndexAssociation class="oracle.dbtools.crest.model.design.relational.FKIndexAssociation" directorySegmentName="seg_0" id="396A1422-0E26-A6F2-569A-2994DB7C215E" containerWithKeyObject="9FF8D7F0-48D3-3722-A9DD-9927C0DC3183" localFKIndex="25BADCF1-9257-38C6-7AAC-D9E4B69F3E58" name="Gimnasios_Servicios_FK">
<createdBy>lauramurcia</createdBy>
<createdTime>2023-10-02 00:52:33 UTC</createdTime>
<generatorID>78F15050-E554-4F95-C90E-D0E6382E32A0</generatorID>
<ownerDesignName>p1SISTRANS</ownerDesignName>
<referredTableLongName>Servicios</referredTableLongName>
<arc>70AD1C5E-E2D7-5DCE-C671-6375FC7A1522</arc>
<deleteRule>NO ACTION</deleteRule>
<referredTableID>58AC76A4-B4FE-64C2-CF94-53761BB4236E</referredTableID>
<keyObject>3224CD65-D2A0-B402-CE89-32C8F3A0161B</keyObject>
<referredKeyID>3224CD65-D2A0-B402-CE89-32C8F3A0161B</referredKeyID>
<mandatory>true</mandatory>
<refColNames>idServicio,tipo</refColNames>
<transferable>true</transferable>
<rely>false</rely>
<columnDependencyConstraintGenerateInDDL>true</columnDependencyConstraintGenerateInDDL>
</FKIndexAssociation>