<?xml version = '1.0' encoding = 'UTF-8'?>
<FKIndexAssociation class="oracle.dbtools.crest.model.design.relational.FKIndexAssociation" directorySegmentName="seg_0" id="3A7A18C5-D9C4-5EE5-01DD-5C91F609C110" containerWithKeyObject="38BA4B0E-2130-B2AC-1B6A-6C92544A9B8D" localFKIndex="7D6BE55F-CB1E-626B-1037-3C06EA20DC74" name="menuResto_productMenu_FK">
<createdBy>lauramurcia</createdBy>
<createdTime>2023-10-02 00:52:34 UTC</createdTime>
<generatorID>C5196494-7072-0033-90E0-70BBF2428FD0</generatorID>
<ownerDesignName>p1SISTRANS</ownerDesignName>
<referredTableLongName>productMenu</referredTableLongName>
<deleteRule>NO ACTION</deleteRule>
<referredTableID>FCDAD693-3258-1E26-F898-CA8279F6DA09</referredTableID>
<keyObject>62977E23-45BC-737A-579A-01C225EDD22A</keyObject>
<referredKeyID>62977E23-45BC-737A-579A-01C225EDD22A</referredKeyID>
<mandatory>true</mandatory>
<refColNames>producto</refColNames>
<transferable>true</transferable>
<rely>false</rely>
<columnDependencyConstraintGenerateInDDL>true</columnDependencyConstraintGenerateInDDL>
</FKIndexAssociation>