<?xml version = '1.0' encoding = 'UTF-8'?>
<FKIndexAssociation class="oracle.dbtools.crest.model.design.relational.FKIndexAssociation" directorySegmentName="seg_0" id="3F217CA1-F857-A9C5-5BFE-9EF96C445FF5" containerWithKeyObject="EA3763F7-9815-6427-75CF-467920D8EC9F" localFKIndex="8360833B-CE4C-42FF-4E8F-A1EEE4AF6AC2" name="consumHabi_productsHabi_FK">
<createdBy>lauramurcia</createdBy>
<createdTime>2023-10-02 00:52:33 UTC</createdTime>
<generatorID>BE39B0FC-7BD8-E5B3-74E9-7406FFE41A24</generatorID>
<ownerDesignName>p1SISTRANS</ownerDesignName>
<referredTableLongName>productsHabi</referredTableLongName>
<deleteRule>NO ACTION</deleteRule>
<referredTableID>0F4ED0CE-7D5E-8C98-F46C-FFDBD3F6C0A6</referredTableID>
<keyObject>9813DFCC-61C6-F3CD-CE33-C1BB0FE42E7D</keyObject>
<referredKeyID>9813DFCC-61C6-F3CD-CE33-C1BB0FE42E7D</referredKeyID>
<mandatory>true</mandatory>
<refColNames>producto</refColNames>
<transferable>true</transferable>
<rely>false</rely>
<columnDependencyConstraintGenerateInDDL>true</columnDependencyConstraintGenerateInDDL>
</FKIndexAssociation>