<?xml version = '1.0' encoding = 'UTF-8'?>
<FKIndexAssociation class="oracle.dbtools.crest.model.design.relational.FKIndexAssociation" directorySegmentName="seg_0" id="4AD87256-3A08-083C-6DF1-3169E01D2098" containerWithKeyObject="5B3E1C4A-ABDA-E946-AA36-04184F13DC54" localFKIndex="C90AD357-6A34-385C-BB23-F6D1CA46F6DD" name="planServ_Servicios_FK">
<createdBy>lauramurcia</createdBy>
<createdTime>2023-10-02 00:52:34 UTC</createdTime>
<generatorID>30D129EC-A66E-5282-DF61-95B32E0EAF75</generatorID>
<ownerDesignName>p1SISTRANS</ownerDesignName>
<referredTableLongName>Servicios</referredTableLongName>
<deleteRule>NO ACTION</deleteRule>
<referredTableID>58AC76A4-B4FE-64C2-CF94-53761BB4236E</referredTableID>
<keyObject>3224CD65-D2A0-B402-CE89-32C8F3A0161B</keyObject>
<referredKeyID>3224CD65-D2A0-B402-CE89-32C8F3A0161B</referredKeyID>
<mandatory>true</mandatory>
<refColNames>idServicio,tipo</refColNames>
<transferable>true</transferable>
<rely>false</rely>
<columnDependencyConstraintGenerateInDDL>true</columnDependencyConstraintGenerateInDDL>
</FKIndexAssociation>