<?xml version = '1.0' encoding = 'UTF-8'?>
<FKIndexAssociation class="oracle.dbtools.crest.model.design.relational.FKIndexAssociation" directorySegmentName="seg_0" id="4D0E6D36-B749-9A3D-EDE3-866E795908D9" containerWithKeyObject="FCC87B00-56B1-6BE2-DC27-1D74B2EDD02B" localFKIndex="79E9C34F-BF59-DD86-0691-1A2AF82291E9" name="menuBares_productMenu_FK">
<createdBy>lauramurcia</createdBy>
<createdTime>2023-10-02 00:52:33 UTC</createdTime>
<generatorID>C6E63E88-4258-F34F-3DAC-B555A76A1D50</generatorID>
<ownerDesignName>p1SISTRANS</ownerDesignName>
<referredTableLongName>productMenu</referredTableLongName>
<deleteRule>NO ACTION</deleteRule>
<referredTableID>FCDAD693-3258-1E26-F898-CA8279F6DA09</referredTableID>
<keyObject>62977E23-45BC-737A-579A-01C225EDD22A</keyObject>
<referredKeyID>62977E23-45BC-737A-579A-01C225EDD22A</referredKeyID>
<mandatory>true</mandatory>
<refColNames>producto</refColNames>
<transferable>true</transferable>
<rely>false</rely>
<columnDependencyConstraintGenerateInDDL>true</columnDependencyConstraintGenerateInDDL>
</FKIndexAssociation>