<?xml version = '1.0' encoding = 'UTF-8'?>
<FKIndexAssociation class="oracle.dbtools.crest.model.design.relational.FKIndexAssociation" directorySegmentName="seg_0" id="609E091A-74C5-6D5B-8364-83FE1A0926D0" containerWithKeyObject="CD562653-09F9-8BC1-98CA-885A79C75A2B" localFKIndex="2491C902-EC9F-0C93-0E74-EF8F1F750F5F" name="cuentaConsu_Reservas_FK">
<createdBy>lauramurcia</createdBy>
<createdTime>2023-10-02 00:52:34 UTC</createdTime>
<generatorID>7426BAE4-8613-F025-BD36-D15C9C60CD5F</generatorID>
<ownerDesignName>p1SISTRANS</ownerDesignName>
<referredTableLongName>Reservas</referredTableLongName>
<deleteRule>NO ACTION</deleteRule>
<referredTableID>C96E1FE2-D4B7-F1BE-81B9-83B9B4659BEE</referredTableID>
<keyObject>824C5B0D-44B4-6D58-5B10-FC854B83E433</keyObject>
<referredKeyID>824C5B0D-44B4-6D58-5B10-FC854B83E433</referredKeyID>
<mandatory>true</mandatory>
<refColNames>idReserva</refColNames>
<transferable>true</transferable>
<rely>false</rely>
<columnDependencyConstraintGenerateInDDL>true</columnDependencyConstraintGenerateInDDL>
</FKIndexAssociation>