<?xml version = '1.0' encoding = 'UTF-8'?>
<FKIndexAssociation class="oracle.dbtools.crest.model.design.relational.FKIndexAssociation" directorySegmentName="seg_0" id="645A3826-EBBE-5BB0-D678-A2E452157095" containerWithKeyObject="0587D834-0BCB-A53A-0A2E-2ABC0F96E177" localFKIndex="FA20CAF9-70E6-EFB3-68B0-02FD3F27EF3D" name="horariosSpa_Spas_FK">
<createdBy>lauramurcia</createdBy>
<createdTime>2023-10-02 00:52:33 UTC</createdTime>
<generatorID>5C50E0C0-9ABD-9F8E-AFD1-0AF12421E439</generatorID>
<ownerDesignName>p1SISTRANS</ownerDesignName>
<referredTableLongName>Spas</referredTableLongName>
<deleteRule>NO ACTION</deleteRule>
<referredTableID>B052EACB-BD74-FD80-D1CF-E858DC62E7D2</referredTableID>
<keyObject>E58A563D-7C26-1FBE-8780-319822C5DB4F</keyObject>
<referredKeyID>E58A563D-7C26-1FBE-8780-319822C5DB4F</referredKeyID>
<mandatory>true</mandatory>
<refColNames>idServicio,tipo</refColNames>
<transferable>true</transferable>
<rely>false</rely>
<columnDependencyConstraintGenerateInDDL>true</columnDependencyConstraintGenerateInDDL>
</FKIndexAssociation>