<?xml version = '1.0' encoding = 'UTF-8'?>
<FKIndexAssociation class="oracle.dbtools.crest.model.design.relational.FKIndexAssociation" directorySegmentName="seg_0" id="6993C2A3-BAF8-209D-0DCD-54ABCAEEDF9E" containerWithKeyObject="3325DCBA-BDDB-46F9-AC57-2B5DACEDF3BD" localFKIndex="08A2D8CE-F60C-B0C6-471F-E76DEF3BDC0A" name="productSuper_Supermerc_FK">
<createdBy>lauramurcia</createdBy>
<createdTime>2023-10-02 00:52:34 UTC</createdTime>
<generatorID>8C10DAAD-8E71-B3F2-03CF-3F59DFE3EBEB</generatorID>
<ownerDesignName>p1SISTRANS</ownerDesignName>
<referredTableLongName>Supermerc</referredTableLongName>
<deleteRule>NO ACTION</deleteRule>
<referredTableID>D0623C95-D934-EE86-C5EA-43EAFF3FD06B</referredTableID>
<keyObject>3338F5D4-80D2-0BAB-ED5E-0A95C177AE29</keyObject>
<referredKeyID>3338F5D4-80D2-0BAB-ED5E-0A95C177AE29</referredKeyID>
<mandatory>true</mandatory>
<refColNames>idServicio,tipo</refColNames>
<transferable>true</transferable>
<rely>false</rely>
<columnDependencyConstraintGenerateInDDL>true</columnDependencyConstraintGenerateInDDL>
</FKIndexAssociation>