<?xml version = '1.0' encoding = 'UTF-8'?>
<FKIndexAssociation class="oracle.dbtools.crest.model.design.relational.FKIndexAssociation" directorySegmentName="seg_0" id="726E55B2-4C80-DED6-183B-24A939C92FD7" containerWithKeyObject="6F7712A4-B4BF-1788-F59B-2FBE15456327" localFKIndex="95472329-20E0-17EE-4190-20031FB03C87" name="PlanesConsum_Hoteles_FK">
<createdBy>lauramurcia</createdBy>
<createdTime>2023-10-02 00:52:33 UTC</createdTime>
<generatorID>FD3EBC10-23FB-7E74-F7BB-8739AE7C825C</generatorID>
<ownerDesignName>p1SISTRANS</ownerDesignName>
<referredTableLongName>Hoteles</referredTableLongName>
<deleteRule>NO ACTION</deleteRule>
<referredTableID>7DB336B4-1156-B8F3-AE98-D559546B9020</referredTableID>
<keyObject>0DD659BE-C5E4-C3A3-BE2E-92B278BB6E34</keyObject>
<referredKeyID>0DD659BE-C5E4-C3A3-BE2E-92B278BB6E34</referredKeyID>
<mandatory>true</mandatory>
<refColNames>nombreHotel</refColNames>
<transferable>true</transferable>
<rely>false</rely>
<columnDependencyConstraintGenerateInDDL>true</columnDependencyConstraintGenerateInDDL>
</FKIndexAssociation>