<?xml version = '1.0' encoding = 'UTF-8'?>
<FKIndexAssociation class="oracle.dbtools.crest.model.design.relational.FKIndexAssociation" directorySegmentName="seg_0" id="84705AF2-2BB8-3CC1-AF52-33E55C1C591B" containerWithKeyObject="0587D834-0BCB-A53A-0A2E-2ABC0F96E177" localFKIndex="397B8E3A-8BAC-6E5A-8111-11B6C00D7615" name="horariosSpa_Horarios_FK">
<createdBy>lauramurcia</createdBy>
<createdTime>2023-10-02 00:52:33 UTC</createdTime>
<generatorID>5C50E0C0-9ABD-9F8E-AFD1-0AF12421E439</generatorID>
<ownerDesignName>p1SISTRANS</ownerDesignName>
<referredTableLongName>Horarios</referredTableLongName>
<deleteRule>NO ACTION</deleteRule>
<referredTableID>B038F5E6-1BA7-BE11-93B4-96310A1BA38B</referredTableID>
<keyObject>E974D817-5EF9-A0E4-228F-AC0F93E9CECE</keyObject>
<referredKeyID>E974D817-5EF9-A0E4-228F-AC0F93E9CECE</referredKeyID>
<mandatory>true</mandatory>
<refColNames>idServicio</refColNames>
<transferable>true</transferable>
<rely>false</rely>
<columnDependencyConstraintGenerateInDDL>true</columnDependencyConstraintGenerateInDDL>
</FKIndexAssociation>