<?xml version = '1.0' encoding = 'UTF-8'?>
<FKIndexAssociation class="oracle.dbtools.crest.model.design.relational.FKIndexAssociation" directorySegmentName="seg_0" id="8C11E585-FFB6-7894-E45F-2F9D0031EC00" containerWithKeyObject="917889B0-D93B-D0B6-6C1D-91D0E3452874" localFKIndex="F6945EED-8417-552D-DE06-C337C7215AC9" name="Habitaciones_tipoHabi_FK">
<createdBy>lauramurcia</createdBy>
<createdTime>2023-10-02 00:52:34 UTC</createdTime>
<generatorID>086E9CCD-ECD5-AE4B-58A9-8182CBF4F372</generatorID>
<ownerDesignName>p1SISTRANS</ownerDesignName>
<referredTableLongName>tipoHabi</referredTableLongName>
<deleteRule>NO ACTION</deleteRule>
<referredTableID>57ADB7FB-B56C-99E6-23CB-2F24D87B5688</referredTableID>
<keyObject>92F5BB45-6CD1-8E30-D712-B97E10D6AF72</keyObject>
<referredKeyID>92F5BB45-6CD1-8E30-D712-B97E10D6AF72</referredKeyID>
<mandatory>true</mandatory>
<refColNames>tipo</refColNames>
<transferable>true</transferable>
<rely>false</rely>
<columnDependencyConstraintGenerateInDDL>true</columnDependencyConstraintGenerateInDDL>
</FKIndexAssociation>