<?xml version = '1.0' encoding = 'UTF-8'?>
<FKIndexAssociation class="oracle.dbtools.crest.model.design.relational.FKIndexAssociation" directorySegmentName="seg_0" id="9A996DD3-5787-8980-C19C-5157D3AE610E" containerWithKeyObject="FCC87B00-56B1-6BE2-DC27-1D74B2EDD02B" localFKIndex="F3B7AFBE-F28D-2C41-6EA8-ED54AD197F3E" name="menuBares_Bares_FK">
<createdBy>lauramurcia</createdBy>
<createdTime>2023-10-02 00:52:33 UTC</createdTime>
<generatorID>C6E63E88-4258-F34F-3DAC-B555A76A1D50</generatorID>
<ownerDesignName>p1SISTRANS</ownerDesignName>
<referredTableLongName>Bares</referredTableLongName>
<deleteRule>NO ACTION</deleteRule>
<referredTableID>642B6332-67F3-2A47-EB30-0A33D49CD6E5</referredTableID>
<keyObject>A3B6A7F8-1399-1BAD-9D56-3D45AC9C532F</keyObject>
<referredKeyID>A3B6A7F8-1399-1BAD-9D56-3D45AC9C532F</referredKeyID>
<mandatory>true</mandatory>
<refColNames>idServicio,tipo</refColNames>
<transferable>true</transferable>
<rely>false</rely>
<columnDependencyConstraintGenerateInDDL>true</columnDependencyConstraintGenerateInDDL>
</FKIndexAssociation>