<?xml version = '1.0' encoding = 'UTF-8'?>
<FKIndexAssociation class="oracle.dbtools.crest.model.design.relational.FKIndexAssociation" directorySegmentName="seg_0" id="A16E525C-5698-AFB8-8404-DF9CE91EE728" containerWithKeyObject="5B3D5B89-ED7C-3365-2518-D7188E81AD97" localFKIndex="BC1F5B30-B5E5-96C4-AB81-992E9F4920F8" name="Usuarios_Hoteles_FK">
<createdBy>lauramurcia</createdBy>
<createdTime>2023-10-02 00:52:34 UTC</createdTime>
<generatorID>52D385E5-6F8D-B075-566C-C027CF7E868B</generatorID>
<ownerDesignName>p1SISTRANS</ownerDesignName>
<referredTableLongName>Hoteles</referredTableLongName>
<deleteRule>NO ACTION</deleteRule>
<referredTableID>7DB336B4-1156-B8F3-AE98-D559546B9020</referredTableID>
<keyObject>0DD659BE-C5E4-C3A3-BE2E-92B278BB6E34</keyObject>
<referredKeyID>0DD659BE-C5E4-C3A3-BE2E-92B278BB6E34</referredKeyID>
<mandatory>true</mandatory>
<refColNames>nombreHotel</refColNames>
<transferable>true</transferable>
<rely>false</rely>
<columnDependencyConstraintGenerateInDDL>true</columnDependencyConstraintGenerateInDDL>
</FKIndexAssociation>