<?xml version = '1.0' encoding = 'UTF-8'?>
<FKIndexAssociation class="oracle.dbtools.crest.model.design.relational.FKIndexAssociation" directorySegmentName="seg_0" id="A364EFC1-67E1-C9CB-877D-1C2BF4547145" containerWithKeyObject="0DB26BBF-63E7-A500-C0D6-F83E479931F5" localFKIndex="1A155ECE-2108-4063-9BFB-F707781B54D7" name="maquinasGym_Maquinas_FK">
<createdBy>lauramurcia</createdBy>
<createdTime>2023-10-02 00:52:33 UTC</createdTime>
<generatorID>0606D935-6DB9-9C82-4CDA-3BB56F6FC404</generatorID>
<ownerDesignName>p1SISTRANS</ownerDesignName>
<referredTableLongName>Maquinas</referredTableLongName>
<deleteRule>NO ACTION</deleteRule>
<referredTableID>FD82EB96-671F-FED9-24EF-AA1EC4858182</referredTableID>
<keyObject>0F3391AA-38C4-B529-5E10-8546AE20F535</keyObject>
<referredKeyID>0F3391AA-38C4-B529-5E10-8546AE20F535</referredKeyID>
<mandatory>true</mandatory>
<refColNames>Maquinas_ID</refColNames>
<transferable>true</transferable>
<rely>false</rely>
<columnDependencyConstraintGenerateInDDL>true</columnDependencyConstraintGenerateInDDL>
</FKIndexAssociation>