<?xml version = '1.0' encoding = 'UTF-8'?>
<FKIndexAssociation class="oracle.dbtools.crest.model.design.relational.FKIndexAssociation" directorySegmentName="seg_0" id="A45BD3FE-E630-EB99-A2A2-9CC2162E3800" containerWithKeyObject="E5678EA6-0F21-2540-595B-123E1C523076" localFKIndex="3D1D0D6C-A103-33E6-3085-9AA37E86701C" name="Restaurantes_Servicios_FK">
<createdBy>lauramurcia</createdBy>
<createdTime>2023-10-02 00:52:33 UTC</createdTime>
<generatorID>9DD7214F-7168-E11A-FD13-3D10745790EA</generatorID>
<ownerDesignName>p1SISTRANS</ownerDesignName>
<referredTableLongName>Servicios</referredTableLongName>
<arc>70AD1C5E-E2D7-5DCE-C671-6375FC7A1522</arc>
<deleteRule>NO ACTION</deleteRule>
<referredTableID>58AC76A4-B4FE-64C2-CF94-53761BB4236E</referredTableID>
<keyObject>3224CD65-D2A0-B402-CE89-32C8F3A0161B</keyObject>
<referredKeyID>3224CD65-D2A0-B402-CE89-32C8F3A0161B</referredKeyID>
<mandatory>true</mandatory>
<refColNames>idServicio,tipo</refColNames>
<transferable>true</transferable>
<rely>false</rely>
<columnDependencyConstraintGenerateInDDL>true</columnDependencyConstraintGenerateInDDL>
</FKIndexAssociation>