<?xml version = '1.0' encoding = 'UTF-8'?>
<FKIndexAssociation class="oracle.dbtools.crest.model.design.relational.FKIndexAssociation" directorySegmentName="seg_0" id="A80FE6AC-F010-E258-0304-092B3B82BA8A" containerWithKeyObject="97C5C46F-E5A0-DC7C-5168-E4E5732D8CCC" localFKIndex="7BD960FF-C6DD-FF58-638B-66DB94F33BB4" name="servicioHotel_Servicios_FK">
<createdBy>lauramurcia</createdBy>
<createdTime>2023-10-02 00:52:34 UTC</createdTime>
<generatorID>C76DFF79-E719-B03C-A618-4CC681DFF258</generatorID>
<ownerDesignName>p1SISTRANS</ownerDesignName>
<referredTableLongName>Servicios</referredTableLongName>
<deleteRule>NO ACTION</deleteRule>
<referredTableID>58AC76A4-B4FE-64C2-CF94-53761BB4236E</referredTableID>
<keyObject>3224CD65-D2A0-B402-CE89-32C8F3A0161B</keyObject>
<referredKeyID>3224CD65-D2A0-B402-CE89-32C8F3A0161B</referredKeyID>
<mandatory>true</mandatory>
<refColNames>idServicio,tipo</refColNames>
<transferable>true</transferable>
<rely>false</rely>
<columnDependencyConstraintGenerateInDDL>true</columnDependencyConstraintGenerateInDDL>
</FKIndexAssociation>