<?xml version = '1.0' encoding = 'UTF-8'?>
<FKIndexAssociation class="oracle.dbtools.crest.model.design.relational.FKIndexAssociation" directorySegmentName="seg_0" id="AAF9B243-B78C-4C78-A1BB-059DFDF6E2DA" containerWithKeyObject="0F4ED0CE-7D5E-8C98-F46C-FFDBD3F6C0A6" localFKIndex="BC2A036E-7DEA-7DDE-2BD1-C51B518CA645" name="productsHabi_Habitaciones_FK">
<createdBy>lauramurcia</createdBy>
<createdTime>2023-10-02 00:52:33 UTC</createdTime>
<generatorID>538848F8-0886-A196-8052-6D4A02307A20</generatorID>
<ownerDesignName>p1SISTRANS</ownerDesignName>
<referredTableLongName>Habitaciones</referredTableLongName>
<deleteRule>NO ACTION</deleteRule>
<referredTableID>917889B0-D93B-D0B6-6C1D-91D0E3452874</referredTableID>
<keyObject>7FCD74A4-891D-E5F8-2734-E531FA88D9B2</keyObject>
<referredKeyID>7FCD74A4-891D-E5F8-2734-E531FA88D9B2</referredKeyID>
<mandatory>true</mandatory>
<refColNames>id</refColNames>
<transferable>true</transferable>
<rely>false</rely>
<columnDependencyConstraintGenerateInDDL>true</columnDependencyConstraintGenerateInDDL>
</FKIndexAssociation>