<?xml version = '1.0' encoding = 'UTF-8'?>
<FKIndexAssociation class="oracle.dbtools.crest.model.design.relational.FKIndexAssociation" directorySegmentName="seg_0" id="B6A68C6F-F2E8-42A7-F360-19156612CD9D" containerWithKeyObject="07C1DD77-031D-890A-5FC5-085B7E4A762E" localFKIndex="C8B532D2-C600-6813-6D02-41BE2BD7DF0B" name="productosTiendas_Productos_FK">
<createdBy>lauramurcia</createdBy>
<createdTime>2023-10-02 00:52:34 UTC</createdTime>
<generatorID>9B1AA7F1-C452-933B-5367-ADBC37A8BC8C</generatorID>
<ownerDesignName>p1SISTRANS</ownerDesignName>
<referredTableLongName>Productos</referredTableLongName>
<deleteRule>NO ACTION</deleteRule>
<referredTableID>4BDC6B68-900F-3E21-DFAE-A1901F674392</referredTableID>
<keyObject>EFC7C7FC-456B-1B95-5923-DE74C02DD9FF</keyObject>
<referredKeyID>EFC7C7FC-456B-1B95-5923-DE74C02DD9FF</referredKeyID>
<mandatory>true</mandatory>
<refColNames>idProducto</refColNames>
<transferable>true</transferable>
<rely>false</rely>
<columnDependencyConstraintGenerateInDDL>true</columnDependencyConstraintGenerateInDDL>
</FKIndexAssociation>