<?xml version = '1.0' encoding = 'UTF-8'?>
<FKIndexAssociation class="oracle.dbtools.crest.model.design.relational.FKIndexAssociation" directorySegmentName="seg_0" id="B9989770-7C2B-66E7-0F2E-E36FD47493B1" containerWithKeyObject="C96E1FE2-D4B7-F1BE-81B9-83B9B4659BEE" localFKIndex="93AD08E4-099D-460E-1EBC-6C64C0358E37" name="Reservas_Habitaciones_FK">
<createdBy>lauramurcia</createdBy>
<createdTime>2023-10-02 00:52:33 UTC</createdTime>
<generatorID>87CF1059-45D4-726A-2198-C172C3FA1588</generatorID>
<ownerDesignName>p1SISTRANS</ownerDesignName>
<referredTableLongName>Habitaciones</referredTableLongName>
<deleteRule>NO ACTION</deleteRule>
<referredTableID>917889B0-D93B-D0B6-6C1D-91D0E3452874</referredTableID>
<keyObject>7FCD74A4-891D-E5F8-2734-E531FA88D9B2</keyObject>
<referredKeyID>7FCD74A4-891D-E5F8-2734-E531FA88D9B2</referredKeyID>
<mandatory>true</mandatory>
<refColNames>id</refColNames>
<transferable>true</transferable>
<rely>false</rely>
<columnDependencyConstraintGenerateInDDL>true</columnDependencyConstraintGenerateInDDL>
</FKIndexAssociation>