<?xml version = '1.0' encoding = 'UTF-8'?>
<FKIndexAssociation class="oracle.dbtools.crest.model.design.relational.FKIndexAssociation" directorySegmentName="seg_0" id="BDC2FEAE-AACA-0CDD-8F1B-79562D32D6A3" containerWithKeyObject="C96E1FE2-D4B7-F1BE-81B9-83B9B4659BEE" localFKIndex="4AD5CCF0-2BF2-0EA6-2918-C96FAC154279" name="Reservas_PlanesConsum_FK">
<createdBy>lauramurcia</createdBy>
<createdTime>2023-10-02 00:52:34 UTC</createdTime>
<generatorID>21DF6310-224A-5381-552C-F547CB55B552</generatorID>
<ownerDesignName>p1SISTRANS</ownerDesignName>
<referredTableLongName>PlanesConsum</referredTableLongName>
<deleteRule>NO ACTION</deleteRule>
<referredTableID>6F7712A4-B4BF-1788-F59B-2FBE15456327</referredTableID>
<keyObject>A1EB9908-D08C-60F9-D118-738AB9883827</keyObject>
<referredKeyID>A1EB9908-D08C-60F9-D118-738AB9883827</referredKeyID>
<mandatory>true</mandatory>
<refColNames>tipo</refColNames>
<transferable>true</transferable>
<rely>false</rely>
<columnDependencyConstraintGenerateInDDL>true</columnDependencyConstraintGenerateInDDL>
</FKIndexAssociation>