<?xml version = '1.0' encoding = 'UTF-8'?>
<FKIndexAssociation class="oracle.dbtools.crest.model.design.relational.FKIndexAssociation" directorySegmentName="seg_0" id="C6449892-3B94-1CEC-BEBD-E3E2DA090CEA" containerWithKeyObject="B3DEBA00-0406-F434-36DE-F89E3EEB6AB6" localFKIndex="896C7950-7A0D-45EF-C1B1-A66557943BFF" name="horarioGimnasios_Gimnasios_FK">
<createdBy>lauramurcia</createdBy>
<createdTime>2023-10-02 00:52:33 UTC</createdTime>
<generatorID>B306DAF6-5D08-1F32-9BD3-B170FC87A2D3</generatorID>
<ownerDesignName>p1SISTRANS</ownerDesignName>
<referredTableLongName>Gimnasios</referredTableLongName>
<deleteRule>NO ACTION</deleteRule>
<referredTableID>9FF8D7F0-48D3-3722-A9DD-9927C0DC3183</referredTableID>
<keyObject>55BDF88A-2BDC-C496-800C-430DD981F46B</keyObject>
<referredKeyID>55BDF88A-2BDC-C496-800C-430DD981F46B</referredKeyID>
<mandatory>true</mandatory>
<refColNames>idServicio,tipo</refColNames>
<transferable>true</transferable>
<rely>false</rely>
<columnDependencyConstraintGenerateInDDL>true</columnDependencyConstraintGenerateInDDL>
</FKIndexAssociation>