<?xml version = '1.0' encoding = 'UTF-8'?>
<FKIndexAssociation class="oracle.dbtools.crest.model.design.relational.FKIndexAssociation" directorySegmentName="seg_0" id="D35ACAE7-3671-5FEB-EC7A-2C29EABB7FC1" containerWithKeyObject="EA3763F7-9815-6427-75CF-467920D8EC9F" localFKIndex="DAAD7D7B-755F-427D-1035-EE9BE81F0807" name="consumHabi_cuentaConsu_FK">
<createdBy>lauramurcia</createdBy>
<createdTime>2023-10-02 00:52:33 UTC</createdTime>
<generatorID>BE39B0FC-7BD8-E5B3-74E9-7406FFE41A24</generatorID>
<ownerDesignName>p1SISTRANS</ownerDesignName>
<referredTableLongName>cuentaConsu</referredTableLongName>
<deleteRule>NO ACTION</deleteRule>
<referredTableID>CD562653-09F9-8BC1-98CA-885A79C75A2B</referredTableID>
<keyObject>7C12AC3C-9927-D518-5D88-B26EF42BC1D1</keyObject>
<referredKeyID>7C12AC3C-9927-D518-5D88-B26EF42BC1D1</referredKeyID>
<mandatory>true</mandatory>
<refColNames>idCuenta</refColNames>
<transferable>true</transferable>
<rely>false</rely>
<columnDependencyConstraintGenerateInDDL>true</columnDependencyConstraintGenerateInDDL>
</FKIndexAssociation>