<?xml version = '1.0' encoding = 'UTF-8'?>
<FKIndexAssociation class="oracle.dbtools.crest.model.design.relational.FKIndexAssociation" directorySegmentName="seg_0" id="D64E3E89-9B2E-174E-3ADF-B685DB454DB5" containerWithKeyObject="A9BEAECC-1057-487A-FF6A-18B735E10390" localFKIndex="149ADE47-DF7A-2D0D-E864-01C7A709D184" name="reservasServicios_Reservas_FK">
<createdBy>lauramurcia</createdBy>
<createdTime>2023-10-02 00:52:34 UTC</createdTime>
<generatorID>2CB08742-4826-053D-D2D6-614582891616</generatorID>
<ownerDesignName>p1SISTRANS</ownerDesignName>
<referredTableLongName>Reservas</referredTableLongName>
<deleteRule>NO ACTION</deleteRule>
<referredTableID>C96E1FE2-D4B7-F1BE-81B9-83B9B4659BEE</referredTableID>
<keyObject>824C5B0D-44B4-6D58-5B10-FC854B83E433</keyObject>
<referredKeyID>824C5B0D-44B4-6D58-5B10-FC854B83E433</referredKeyID>
<mandatory>true</mandatory>
<refColNames>idReserva</refColNames>
<transferable>true</transferable>
<rely>false</rely>
<columnDependencyConstraintGenerateInDDL>true</columnDependencyConstraintGenerateInDDL>
</FKIndexAssociation>