<?xml version = '1.0' encoding = 'UTF-8'?>
<FKIndexAssociation class="oracle.dbtools.crest.model.design.relational.FKIndexAssociation" directorySegmentName="seg_0" id="DAD87797-9375-2D1E-9A30-AC497D009E83" containerWithKeyObject="E397E45C-4DF1-C855-453E-4156ADC7C475" localFKIndex="E9CA7203-13AC-0778-5BC6-710434B4C00C" name="horariosSalones_Salones_FK">
<createdBy>lauramurcia</createdBy>
<createdTime>2023-10-02 00:52:33 UTC</createdTime>
<generatorID>EE52206E-4241-0847-AB24-9CA74B44DE12</generatorID>
<ownerDesignName>p1SISTRANS</ownerDesignName>
<referredTableLongName>Salones</referredTableLongName>
<deleteRule>NO ACTION</deleteRule>
<referredTableID>E92AA624-0D15-6D53-0BFF-AB2F1B7B25E1</referredTableID>
<keyObject>36D17C8C-03A3-3620-2C73-48F04424B96A</keyObject>
<referredKeyID>36D17C8C-03A3-3620-2C73-48F04424B96A</referredKeyID>
<mandatory>true</mandatory>
<refColNames>idServicio,tipo</refColNames>
<transferable>true</transferable>
<rely>false</rely>
<columnDependencyConstraintGenerateInDDL>true</columnDependencyConstraintGenerateInDDL>
</FKIndexAssociation>