<?xml version = '1.0' encoding = 'UTF-8'?>
<FKIndexAssociation class="oracle.dbtools.crest.model.design.relational.FKIndexAssociation" directorySegmentName="seg_0" id="F488FC49-4922-492E-45E6-DDDD70756107" containerWithKeyObject="07C1DD77-031D-890A-5FC5-085B7E4A762E" localFKIndex="F38A4D24-ECB9-61E9-DF8B-9A4CB6220EF6" name="productosTiendas_Tiendas_FK">
<createdBy>lauramurcia</createdBy>
<createdTime>2023-10-02 00:52:34 UTC</createdTime>
<generatorID>9B1AA7F1-C452-933B-5367-ADBC37A8BC8C</generatorID>
<ownerDesignName>p1SISTRANS</ownerDesignName>
<referredTableLongName>Tiendas</referredTableLongName>
<deleteRule>NO ACTION</deleteRule>
<referredTableID>E5FFDB4B-9B61-1381-E2E8-1B7CFCA34ED2</referredTableID>
<keyObject>4BB01959-CB9E-7373-E470-A87916477187</keyObject>
<referredKeyID>4BB01959-CB9E-7373-E470-A87916477187</referredKeyID>
<mandatory>true</mandatory>
<refColNames>idServicio,tipo</refColNames>
<transferable>true</transferable>
<rely>false</rely>
<columnDependencyConstraintGenerateInDDL>true</columnDependencyConstraintGenerateInDDL>
</FKIndexAssociation>