<?xml version = '1.0' encoding = 'UTF-8'?>
<FKIndexAssociation class="oracle.dbtools.crest.model.design.relational.FKIndexAssociation" directorySegmentName="seg_0" id="FD7F2C0F-C3DB-0716-1E81-9B64CFD5D1FA" containerWithKeyObject="EFCAB2B9-9B9F-812C-4EFA-08F868E48626" localFKIndex="6FCC6630-9823-B6D3-99A1-F17907C0D72A" name="horariosPiscinas_Piscinas_FK">
<createdBy>lauramurcia</createdBy>
<createdTime>2023-10-02 00:52:33 UTC</createdTime>
<generatorID>50E2C770-C03E-B9AA-EC4F-6175F918D71D</generatorID>
<ownerDesignName>p1SISTRANS</ownerDesignName>
<referredTableLongName>Piscinas</referredTableLongName>
<deleteRule>NO ACTION</deleteRule>
<referredTableID>2399716E-A811-A5F7-EDB8-8667F5CBED6F</referredTableID>
<keyObject>6A1411D8-644E-55E9-4B4F-A20726E53F87</keyObject>
<referredKeyID>6A1411D8-644E-55E9-4B4F-A20726E53F87</referredKeyID>
<mandatory>true</mandatory>
<refColNames>idServicio,tipo</refColNames>
<transferable>true</transferable>
<rely>false</rely>
<columnDependencyConstraintGenerateInDDL>true</columnDependencyConstraintGenerateInDDL>
</FKIndexAssociation>