<?xml version = '1.0' encoding = 'UTF-8'?>
<Relation class="oracle.dbtools.crest.model.design.logical.Relation" name="maquinasGym" directorySegmentName="seg_0" id="0606D935-6DB9-9C82-4CDA-3BB56F6FC404">
<createdBy>lauramurcia</createdBy>
<createdTime>2023-09-30 23:27:11 UTC</createdTime>
<ownerDesignName>p1SISTRANS</ownerDesignName>
<engineerTo>
<item key="16EA3B20-24BF-6074-F7B8-CFB37703B3D0" value="true"/>
</engineerTo>
<identifying>false</identifying>
<optionalSource>false</optionalSource>
<optionalTarget>false</optionalTarget>
<sourceCardinality>*</sourceCardinality>
<sourceEntity>5E10A890-5645-5BC8-D24D-E0806A4269C7</sourceEntity>
<targetCardinalityString>*</targetCardinalityString>
<targetEntity>B296B119-87D2-1B74-8ED8-9D2F9A953FD5</targetEntity>
<transferable>true</transferable>
<deleteRule>NO ACTION</deleteRule>
</Relation>