<?xml version = '1.0' encoding = 'UTF-8'?>
<Relation class="oracle.dbtools.crest.model.design.logical.Relation" name="tiposHabis" directorySegmentName="seg_0" id="086E9CCD-ECD5-AE4B-58A9-8182CBF4F372">
<createdBy>lauramurcia</createdBy>
<createdTime>2023-09-30 23:50:56 UTC</createdTime>
<ownerDesignName>p1SISTRANS</ownerDesignName>
<engineerTo>
<item key="16EA3B20-24BF-6074-F7B8-CFB37703B3D0" value="true"/>
</engineerTo>
<sourcePk>0CD1FA7E-80A1-4925-F3B0-F057598AA97D</sourcePk>
<identifying>false</identifying>
<optionalSource>false</optionalSource>
<optionalTarget>false</optionalTarget>
<sourceCardinality>1</sourceCardinality>
<sourceEntity>C5317DF5-77FC-E9DD-E45B-58F245E9661D</sourceEntity>
<targetCardinalityString>*</targetCardinalityString>
<targetEntity>4BB89127-CFFB-99F9-151C-537FBF313D16</targetEntity>
<transferable>true</transferable>
<deleteRule>NO ACTION</deleteRule>
</Relation>