<?xml version = '1.0' encoding = 'UTF-8'?>
<Relation class="oracle.dbtools.crest.model.design.logical.Relation" name="planReserva" directorySegmentName="seg_0" id="21DF6310-224A-5381-552C-F547CB55B552">
<createdBy>lauramurcia</createdBy>
<createdTime>2023-09-30 23:10:41 UTC</createdTime>
<ownerDesignName>p1SISTRANS</ownerDesignName>
<engineerTo>
<item key="16EA3B20-24BF-6074-F7B8-CFB37703B3D0" value="true"/>
</engineerTo>
<sourcePk>AC0E4C15-3B2A-C117-B75C-A1EDB70C5A55</sourcePk>
<identifying>false</identifying>
<optionalSource>false</optionalSource>
<optionalTarget>false</optionalTarget>
<sourceCardinality>1</sourceCardinality>
<sourceEntity>6A2BB0EB-BE70-2904-D0E7-FA3669DE00AD</sourceEntity>
<targetCardinalityString>*</targetCardinalityString>
<targetEntity>1DFA7792-2E51-03AA-0793-AF97F39ECBF7</targetEntity>
<transferable>true</transferable>
<deleteRule>NO ACTION</deleteRule>
</Relation>