<?xml version = '1.0' encoding = 'UTF-8'?>
<Relation class="oracle.dbtools.crest.model.design.logical.Relation" name="reservasServicios" directorySegmentName="seg_0" id="2CB08742-4826-053D-D2D6-614582891616">
<createdBy>lauramurcia</createdBy>
<createdTime>2023-10-02 00:51:39 UTC</createdTime>
<ownerDesignName>p1SISTRANS</ownerDesignName>
<engineerTo>
<item key="16EA3B20-24BF-6074-F7B8-CFB37703B3D0" value="true"/>
</engineerTo>
<identifying>false</identifying>
<optionalSource>false</optionalSource>
<optionalTarget>false</optionalTarget>
<sourceCardinality>*</sourceCardinality>
<sourceEntity>1DFA7792-2E51-03AA-0793-AF97F39ECBF7</sourceEntity>
<targetCardinalityString>*</targetCardinalityString>
<targetEntity>1D1C6ED0-FDB4-3F65-EC76-FB8B1ECC781A</targetEntity>
<transferable>true</transferable>
<deleteRule>NO ACTION</deleteRule>
<attributes itemClass="oracle.dbtools.crest.model.design.logical.Attribute">
<attribute name="fecha" id="78D46D97-A94D-049C-A700-710BDA72E960">
<createdBy>lauramurcia</createdBy>
<createdTime>2023-10-02 00:51:46 UTC</createdTime>
<ownerDesignName>p1SISTRANS</ownerDesignName>
<engineerTo>
<item key="16EA3B20-24BF-6074-F7B8-CFB37703B3D0" value="true"/>
</engineerTo>
<useDomainConstraints>false</useDomainConstraints>
<use>1</use>
<logicalDatatype>LOGDT007</logicalDatatype>
<ownDataTypeParameters>,,</ownDataTypeParameters>
</attribute>
</attributes>
</Relation>