<?xml version = '1.0' encoding = 'UTF-8'?>
<Relation class="oracle.dbtools.crest.model.design.logical.Relation" name="planServ" directorySegmentName="seg_0" id="30D129EC-A66E-5282-DF61-95B32E0EAF75">
<createdBy>lauramurcia</createdBy>
<createdTime>2023-09-30 23:11:01 UTC</createdTime>
<ownerDesignName>p1SISTRANS</ownerDesignName>
<engineerTo>
<item key="16EA3B20-24BF-6074-F7B8-CFB37703B3D0" value="true"/>
</engineerTo>
<identifying>false</identifying>
<optionalSource>false</optionalSource>
<optionalTarget>false</optionalTarget>
<sourceCardinality>*</sourceCardinality>
<sourceEntity>6A2BB0EB-BE70-2904-D0E7-FA3669DE00AD</sourceEntity>
<targetCardinalityString>*</targetCardinalityString>
<targetEntity>1D1C6ED0-FDB4-3F65-EC76-FB8B1ECC781A</targetEntity>
<transferable>true</transferable>
<deleteRule>NO ACTION</deleteRule>
<attributes itemClass="oracle.dbtools.crest.model.design.logical.Attribute">
<attribute name="descuento" id="E3513AEA-C251-5F34-6DD9-522B897AA1F2">
<createdBy>lauramurcia</createdBy>
<createdTime>2023-10-01 01:20:34 UTC</createdTime>
<ownerDesignName>p1SISTRANS</ownerDesignName>
<engineerTo>
<item key="16EA3B20-24BF-6074-F7B8-CFB37703B3D0" value="true"/>
</engineerTo>
<useDomainConstraints>false</useDomainConstraints>
<use>1</use>
<logicalDatatype>LOGDT021</logicalDatatype>
<ownDataTypeParameters>,,</ownDataTypeParameters>
</attribute>
</attributes>
</Relation>