<?xml version = '1.0' encoding = 'UTF-8'?>
<Relation class="oracle.dbtools.crest.model.design.logical.Relation" name="horariosPiscinas" directorySegmentName="seg_0" id="50E2C770-C03E-B9AA-EC4F-6175F918D71D">
<createdBy>lauramurcia</createdBy>
<createdTime>2023-09-30 23:33:37 UTC</createdTime>
<ownerDesignName>p1SISTRANS</ownerDesignName>
<engineerTo>
<item key="16EA3B20-24BF-6074-F7B8-CFB37703B3D0" value="true"/>
</engineerTo>
<identifying>false</identifying>
<optionalSource>false</optionalSource>
<optionalTarget>false</optionalTarget>
<sourceCardinality>*</sourceCardinality>
<sourceEntity>27335622-92A5-073A-1DD4-97D5D3D51FD9</sourceEntity>
<targetCardinalityString>*</targetCardinalityString>
<targetEntity>71CAB49B-B961-D3DA-463D-CDD756B31FBD</targetEntity>
<transferable>true</transferable>
<deleteRule>NO ACTION</deleteRule>
</Relation>