<?xml version = '1.0' encoding = 'UTF-8'?>
<Relation class="oracle.dbtools.crest.model.design.logical.Relation" name="usuariosHotel" directorySegmentName="seg_0" id="52D385E5-6F8D-B075-566C-C027CF7E868B">
<createdBy>lauramurcia</createdBy>
<createdTime>2023-09-30 23:07:27 UTC</createdTime>
<ownerDesignName>p1SISTRANS</ownerDesignName>
<engineerTo>
<item key="16EA3B20-24BF-6074-F7B8-CFB37703B3D0" value="true"/>
</engineerTo>
<sourcePk>F2BB9E2E-A49B-1FDA-9362-BC499763739A</sourcePk>
<identifying>false</identifying>
<optionalSource>false</optionalSource>
<optionalTarget>false</optionalTarget>
<sourceCardinality>1</sourceCardinality>
<sourceEntity>D7D4C60B-E5A0-26CA-0EBA-9EE56E8F36F2</sourceEntity>
<targetCardinalityString>*</targetCardinalityString>
<targetEntity>AECB0C56-90E0-50CF-8443-9E49D5C69CF6</targetEntity>
<transferable>true</transferable>
<deleteRule>NO ACTION</deleteRule>
</Relation>