<?xml version = '1.0' encoding = 'UTF-8'?>
<Relation class="oracle.dbtools.crest.model.design.logical.Relation" name="habitProducts" directorySegmentName="seg_0" id="538848F8-0886-A196-8052-6D4A02307A20">
<createdBy>lauramurcia</createdBy>
<createdTime>2023-09-30 23:02:28 UTC</createdTime>
<ownerDesignName>p1SISTRANS</ownerDesignName>
<engineerTo>
<item key="16EA3B20-24BF-6074-F7B8-CFB37703B3D0" value="true"/>
</engineerTo>
<sourcePk>24548830-6905-0008-6AD1-22D8CEA9CF96</sourcePk>
<identifying>false</identifying>
<optionalSource>false</optionalSource>
<optionalTarget>false</optionalTarget>
<sourceCardinality>1</sourceCardinality>
<sourceEntity>4BB89127-CFFB-99F9-151C-537FBF313D16</sourceEntity>
<targetCardinalityString>*</targetCardinalityString>
<targetEntity>3D255339-2AC1-F7AC-81B8-DA00144A596F</targetEntity>
<transferable>true</transferable>
<deleteRule>NO ACTION</deleteRule>
</Relation>