<?xml version = '1.0' encoding = 'UTF-8'?>
<Relation class="oracle.dbtools.crest.model.design.logical.Relation" name="horariosSpa" directorySegmentName="seg_0" id="5C50E0C0-9ABD-9F8E-AFD1-0AF12421E439">
<createdBy>lauramurcia</createdBy>
<createdTime>2023-09-30 23:33:26 UTC</createdTime>
<ownerDesignName>p1SISTRANS</ownerDesignName>
<engineerTo>
<item key="16EA3B20-24BF-6074-F7B8-CFB37703B3D0" value="true"/>
</engineerTo>
<identifying>false</identifying>
<optionalSource>false</optionalSource>
<optionalTarget>false</optionalTarget>
<sourceCardinality>*</sourceCardinality>
<sourceEntity>E1FED504-FC71-5AE6-A74C-1A15882EE6FC</sourceEntity>
<targetCardinalityString>*</targetCardinalityString>
<targetEntity>71CAB49B-B961-D3DA-463D-CDD756B31FBD</targetEntity>
<transferable>true</transferable>
<deleteRule>NO ACTION</deleteRule>
</Relation>