<?xml version = '1.0' encoding = 'UTF-8'?>
<Relation class="oracle.dbtools.crest.model.design.logical.Relation" name="ReservaConsumo" directorySegmentName="seg_0" id="7426BAE4-8613-F025-BD36-D15C9C60CD5F">
<createdBy>lauramurcia</createdBy>
<createdTime>2023-09-30 23:04:46 UTC</createdTime>
<ownerDesignName>p1SISTRANS</ownerDesignName>
<engineerTo>
<item key="16EA3B20-24BF-6074-F7B8-CFB37703B3D0" value="true"/>
</engineerTo>
<sourcePk>1E016D50-49A1-3345-C896-D1214DD39D97</sourcePk>
<identifying>false</identifying>
<optionalSource>false</optionalSource>
<optionalTarget>false</optionalTarget>
<sourceCardinality>1</sourceCardinality>
<sourceEntity>1DFA7792-2E51-03AA-0793-AF97F39ECBF7</sourceEntity>
<targetCardinalityString>*</targetCardinalityString>
<targetEntity>73240EFF-8135-63C1-09F2-198767B73264</targetEntity>
<transferable>true</transferable>
<deleteRule>NO ACTION</deleteRule>
</Relation>