<?xml version = '1.0' encoding = 'UTF-8'?>
<Relation class="oracle.dbtools.crest.model.design.logical.Relation" name="habiReserv" directorySegmentName="seg_0" id="87CF1059-45D4-726A-2198-C172C3FA1588">
<createdBy>lauramurcia</createdBy>
<createdTime>2023-09-30 23:06:48 UTC</createdTime>
<ownerDesignName>p1SISTRANS</ownerDesignName>
<engineerTo>
<item key="16EA3B20-24BF-6074-F7B8-CFB37703B3D0" value="true"/>
</engineerTo>
<sourcePk>24548830-6905-0008-6AD1-22D8CEA9CF96</sourcePk>
<identifying>false</identifying>
<optionalSource>false</optionalSource>
<optionalTarget>false</optionalTarget>
<sourceCardinality>1</sourceCardinality>
<sourceEntity>4BB89127-CFFB-99F9-151C-537FBF313D16</sourceEntity>
<targetCardinalityString>*</targetCardinalityString>
<targetEntity>1DFA7792-2E51-03AA-0793-AF97F39ECBF7</targetEntity>
<transferable>true</transferable>
<deleteRule>NO ACTION</deleteRule>
</Relation>