<?xml version = '1.0' encoding = 'UTF-8'?>
<Relation class="oracle.dbtools.crest.model.design.logical.Relation" name="tipoSalon" directorySegmentName="seg_0" id="8B84DA1D-C4B0-C7BB-7BFC-471BF0E2C6A9">
<createdBy>lauramurcia</createdBy>
<createdTime>2023-09-30 23:55:35 UTC</createdTime>
<ownerDesignName>p1SISTRANS</ownerDesignName>
<engineerTo>
<item key="16EA3B20-24BF-6074-F7B8-CFB37703B3D0" value="true"/>
</engineerTo>
<sourcePk>09132BE2-377F-7920-8782-945EEC98DD14</sourcePk>
<identifying>false</identifying>
<optionalSource>false</optionalSource>
<optionalTarget>false</optionalTarget>
<sourceCardinality>1</sourceCardinality>
<sourceEntity>C6198DD0-18F7-4837-FBD8-8B99B662E58F</sourceEntity>
<targetCardinalityString>*</targetCardinalityString>
<targetEntity>8EA9AC90-A393-393A-F6E2-9250EF371571</targetEntity>
<transferable>true</transferable>
<deleteRule>NO ACTION</deleteRule>
</Relation>