<?xml version = '1.0' encoding = 'UTF-8'?>
<Relation class="oracle.dbtools.crest.model.design.logical.Relation" name="productSuper" directorySegmentName="seg_0" id="8C10DAAD-8E71-B3F2-03CF-3F59DFE3EBEB">
<createdBy>lauramurcia</createdBy>
<createdTime>2023-09-30 23:29:38 UTC</createdTime>
<ownerDesignName>p1SISTRANS</ownerDesignName>
<engineerTo>
<item key="16EA3B20-24BF-6074-F7B8-CFB37703B3D0" value="true"/>
</engineerTo>
<identifying>false</identifying>
<optionalSource>false</optionalSource>
<optionalTarget>false</optionalTarget>
<sourceCardinality>*</sourceCardinality>
<sourceEntity>54B8D5F6-5CBD-40EB-D157-9DEF6D8E7B71</sourceEntity>
<targetCardinalityString>*</targetCardinalityString>
<targetEntity>667B539D-103F-54C9-09C3-CADD28324A83</targetEntity>
<transferable>true</transferable>
<deleteRule>NO ACTION</deleteRule>
</Relation>