<?xml version = '1.0' encoding = 'UTF-8'?>
<Relation class="oracle.dbtools.crest.model.design.logical.Relation" name="hotelHabi" directorySegmentName="seg_0" id="8E21B1AA-BCA9-2248-0625-8CDC42653811">
<createdBy>lauramurcia</createdBy>
<createdTime>2023-09-30 23:02:09 UTC</createdTime>
<ownerDesignName>p1SISTRANS</ownerDesignName>
<engineerTo>
<item key="16EA3B20-24BF-6074-F7B8-CFB37703B3D0" value="true"/>
</engineerTo>
<sourcePk>F2BB9E2E-A49B-1FDA-9362-BC499763739A</sourcePk>
<identifying>false</identifying>
<optionalSource>false</optionalSource>
<optionalTarget>false</optionalTarget>
<sourceCardinality>1</sourceCardinality>
<sourceEntity>D7D4C60B-E5A0-26CA-0EBA-9EE56E8F36F2</sourceEntity>
<targetCardinalityString>*</targetCardinalityString>
<targetEntity>4BB89127-CFFB-99F9-151C-537FBF313D16</targetEntity>
<transferable>true</transferable>
<deleteRule>NO ACTION</deleteRule>
</Relation>