<?xml version = '1.0' encoding = 'UTF-8'?>
<Relation class="oracle.dbtools.crest.model.design.logical.Relation" name="productosTiendas" directorySegmentName="seg_0" id="9B1AA7F1-C452-933B-5367-ADBC37A8BC8C">
<createdBy>lauramurcia</createdBy>
<createdTime>2023-09-30 23:34:18 UTC</createdTime>
<ownerDesignName>p1SISTRANS</ownerDesignName>
<engineerTo>
<item key="16EA3B20-24BF-6074-F7B8-CFB37703B3D0" value="true"/>
</engineerTo>
<identifying>false</identifying>
<optionalSource>false</optionalSource>
<optionalTarget>false</optionalTarget>
<sourceCardinality>*</sourceCardinality>
<sourceEntity>C03A21B5-513F-5176-8720-370E402971B3</sourceEntity>
<targetCardinalityString>*</targetCardinalityString>
<targetEntity>54B8D5F6-5CBD-40EB-D157-9DEF6D8E7B71</targetEntity>
<transferable>true</transferable>
<deleteRule>NO ACTION</deleteRule>
</Relation>