<?xml version = '1.0' encoding = 'UTF-8'?>
<Relation class="oracle.dbtools.crest.model.design.logical.Relation" name="horarioGimnasios" directorySegmentName="seg_0" id="B306DAF6-5D08-1F32-9BD3-B170FC87A2D3">
<createdBy>lauramurcia</createdBy>
<createdTime>2023-10-01 01:29:29 UTC</createdTime>
<ownerDesignName>p1SISTRANS</ownerDesignName>
<engineerTo>
<item key="16EA3B20-24BF-6074-F7B8-CFB37703B3D0" value="true"/>
</engineerTo>
<identifying>false</identifying>
<optionalSource>false</optionalSource>
<optionalTarget>false</optionalTarget>
<sourceCardinality>*</sourceCardinality>
<sourceEntity>5E10A890-5645-5BC8-D24D-E0806A4269C7</sourceEntity>
<targetCardinalityString>*</targetCardinalityString>
<targetEntity>71CAB49B-B961-D3DA-463D-CDD756B31FBD</targetEntity>
<transferable>true</transferable>
<deleteRule>NO ACTION</deleteRule>
</Relation>