<?xml version = '1.0' encoding = 'UTF-8'?>
<Relation class="oracle.dbtools.crest.model.design.logical.Relation" name="consumHabi" directorySegmentName="seg_0" id="BE39B0FC-7BD8-E5B3-74E9-7406FFE41A24">
<createdBy>lauramurcia</createdBy>
<createdTime>2023-09-30 23:05:44 UTC</createdTime>
<ownerDesignName>p1SISTRANS</ownerDesignName>
<engineerTo>
<item key="16EA3B20-24BF-6074-F7B8-CFB37703B3D0" value="true"/>
</engineerTo>
<identifying>false</identifying>
<optionalSource>false</optionalSource>
<optionalTarget>false</optionalTarget>
<sourceCardinality>*</sourceCardinality>
<sourceEntity>3D255339-2AC1-F7AC-81B8-DA00144A596F</sourceEntity>
<targetCardinalityString>*</targetCardinalityString>
<targetEntity>73240EFF-8135-63C1-09F2-198767B73264</targetEntity>
<transferable>true</transferable>
<deleteRule>NO ACTION</deleteRule>
<attributes itemClass="oracle.dbtools.crest.model.design.logical.Attribute">
<attribute name="cantidad" id="E457207C-72DD-E5D7-F42C-FB0ACECCDC1A">
<createdBy>lauramurcia</createdBy>
<createdTime>2023-10-01 01:19:20 UTC</createdTime>
<ownerDesignName>p1SISTRANS</ownerDesignName>
<engineerTo>
<item key="16EA3B20-24BF-6074-F7B8-CFB37703B3D0" value="true"/>
</engineerTo>
<useDomainConstraints>false</useDomainConstraints>
<use>1</use>
<logicalDatatype>LOGDT011</logicalDatatype>
<ownDataTypeParameters>,,</ownDataTypeParameters>
</attribute>
<attribute name="costo" id="4C51314B-DAED-CBBC-0DE6-4CF7C95D47A3">
<createdBy>lauramurcia</createdBy>
<createdTime>2023-10-01 01:19:27 UTC</createdTime>
<ownerDesignName>p1SISTRANS</ownerDesignName>
<engineerTo>
<item key="16EA3B20-24BF-6074-F7B8-CFB37703B3D0" value="true"/>
</engineerTo>
<useDomainConstraints>false</useDomainConstraints>
<use>1</use>
<logicalDatatype>LOGDT021</logicalDatatype>
<ownDataTypeParameters>,,</ownDataTypeParameters>
</attribute>
</attributes>
</Relation>