<?xml version = '1.0' encoding = 'UTF-8'?>
<Relation class="oracle.dbtools.crest.model.design.logical.Relation" name="menuResto" directorySegmentName="seg_0" id="C5196494-7072-0033-90E0-70BBF2428FD0">
<createdBy>lauramurcia</createdBy>
<createdTime>2023-09-30 23:30:36 UTC</createdTime>
<ownerDesignName>p1SISTRANS</ownerDesignName>
<engineerTo>
<item key="16EA3B20-24BF-6074-F7B8-CFB37703B3D0" value="true"/>
</engineerTo>
<identifying>false</identifying>
<optionalSource>false</optionalSource>
<optionalTarget>false</optionalTarget>
<sourceCardinality>*</sourceCardinality>
<sourceEntity>21881B5E-0CAD-8196-1595-6AA0FDA78A0B</sourceEntity>
<targetCardinalityString>*</targetCardinalityString>
<targetEntity>95C7B38A-BDC3-F4A5-098F-8CE11219C7E5</targetEntity>
<transferable>true</transferable>
<deleteRule>NO ACTION</deleteRule>
</Relation>