<?xml version = '1.0' encoding = 'UTF-8'?>
<Relation class="oracle.dbtools.crest.model.design.logical.Relation" name="menuBares" directorySegmentName="seg_0" id="C6E63E88-4258-F34F-3DAC-B555A76A1D50">
<createdBy>lauramurcia</createdBy>
<createdTime>2023-09-30 23:30:46 UTC</createdTime>
<ownerDesignName>p1SISTRANS</ownerDesignName>
<engineerTo>
<item key="16EA3B20-24BF-6074-F7B8-CFB37703B3D0" value="true"/>
</engineerTo>
<identifying>false</identifying>
<optionalSource>false</optionalSource>
<optionalTarget>false</optionalTarget>
<sourceCardinality>*</sourceCardinality>
<sourceEntity>C726A221-C259-724D-C7F0-A8E04308321C</sourceEntity>
<targetCardinalityString>*</targetCardinalityString>
<targetEntity>95C7B38A-BDC3-F4A5-098F-8CE11219C7E5</targetEntity>
<transferable>true</transferable>
<deleteRule>NO ACTION</deleteRule>
</Relation>