<?xml version = '1.0' encoding = 'UTF-8'?>
<Relation class="oracle.dbtools.crest.model.design.logical.Relation" name="servicioHotel" directorySegmentName="seg_0" id="C76DFF79-E719-B03C-A618-4CC681DFF258">
<createdBy>lauramurcia</createdBy>
<createdTime>2023-09-30 23:51:49 UTC</createdTime>
<ownerDesignName>p1SISTRANS</ownerDesignName>
<engineerTo>
<item key="16EA3B20-24BF-6074-F7B8-CFB37703B3D0" value="true"/>
</engineerTo>
<identifying>false</identifying>
<optionalSource>false</optionalSource>
<optionalTarget>false</optionalTarget>
<sourceCardinality>*</sourceCardinality>
<sourceEntity>D7D4C60B-E5A0-26CA-0EBA-9EE56E8F36F2</sourceEntity>
<targetCardinalityString>*</targetCardinalityString>
<targetEntity>1D1C6ED0-FDB4-3F65-EC76-FB8B1ECC781A</targetEntity>
<transferable>true</transferable>
<deleteRule>NO ACTION</deleteRule>
</Relation>