<?xml version = '1.0' encoding = 'UTF-8'?>
<Relation class="oracle.dbtools.crest.model.design.logical.Relation" name="reservan" directorySegmentName="seg_0" id="D19582F9-89A3-A8F8-3A6E-38A05DF96E4A">
<createdBy>lauramurcia</createdBy>
<createdTime>2023-09-30 23:06:30 UTC</createdTime>
<ownerDesignName>p1SISTRANS</ownerDesignName>
<engineerTo>
<item key="16EA3B20-24BF-6074-F7B8-CFB37703B3D0" value="true"/>
</engineerTo>
<identifying>false</identifying>
<optionalSource>false</optionalSource>
<optionalTarget>false</optionalTarget>
<sourceCardinality>*</sourceCardinality>
<sourceEntity>AECB0C56-90E0-50CF-8443-9E49D5C69CF6</sourceEntity>
<targetCardinalityString>*</targetCardinalityString>
<targetEntity>1DFA7792-2E51-03AA-0793-AF97F39ECBF7</targetEntity>
<transferable>true</transferable>
<deleteRule>NO ACTION</deleteRule>
</Relation>