<?xml version = '1.0' encoding = 'UTF-8'?>
<Relation class="oracle.dbtools.crest.model.design.logical.Relation" name="horariosSalones" directorySegmentName="seg_0" id="EE52206E-4241-0847-AB24-9CA74B44DE12">
<createdBy>lauramurcia</createdBy>
<createdTime>2023-09-30 23:33:49 UTC</createdTime>
<ownerDesignName>p1SISTRANS</ownerDesignName>
<engineerTo>
<item key="16EA3B20-24BF-6074-F7B8-CFB37703B3D0" value="true"/>
</engineerTo>
<identifying>false</identifying>
<optionalSource>false</optionalSource>
<optionalTarget>false</optionalTarget>
<sourceCardinality>*</sourceCardinality>
<sourceEntity>8EA9AC90-A393-393A-F6E2-9250EF371571</sourceEntity>
<targetCardinalityString>*</targetCardinalityString>
<targetEntity>71CAB49B-B961-D3DA-463D-CDD756B31FBD</targetEntity>
<transferable>true</transferable>
<deleteRule>NO ACTION</deleteRule>
</Relation>