<?xml version = '1.0' encoding = 'UTF-8'?>
<FKArc class="oracle.dbtools.crest.model.design.relational.FKArc" directorySegmentName="seg_0" id="70AD1C5E-E2D7-5DCE-C671-6375FC7A1522" name="FKArc_2">
<createdBy>lauramurcia</createdBy>
<createdTime>2023-10-02 00:52:33 UTC</createdTime>
<ownerDesignName>p1SISTRANS</ownerDesignName>
<mandatory>false</mandatory>
<reverseArc>true</reverseArc>
<table>58AC76A4-B4FE-64C2-CF94-53761BB4236E</table>
<fkeys>
<fkeyID>51B966F3-66F2-5810-7E33-7B7B2A86BBDD</fkeyID>
<fkeyID>223B35D4-A064-24F3-C798-DCA4537A0FF3</fkeyID>
<fkeyID>E2427364-0223-8773-3928-210CED89EEC8</fkeyID>
<fkeyID>A45BD3FE-E630-EB99-A2A2-9CC2162E3800</fkeyID>
<fkeyID>175FF5AC-6058-3560-5E37-5DBC8F17EF9F</fkeyID>
<fkeyID>3EE9DED2-7BEB-37A3-777E-D0FF15D1246D</fkeyID>
<fkeyID>55116AC8-64A7-AC96-6222-6F07418C24DA</fkeyID>
<fkeyID>B7C18509-18FC-23D4-9996-83C9FFDBF847</fkeyID>
<fkeyID>7797F7A8-20CD-9407-E999-CDA45F05BEC6</fkeyID>
<fkeyID>396A1422-0E26-A6F2-569A-2994DB7C215E</fkeyID>
<fkeyID>E4D54AE5-0803-990F-22FB-DE2CAD68F96C</fkeyID>
</fkeys>
</FKArc>