<?xml version = '1.0' encoding = 'UTF-8'?>
<FKIndexAssociation class="oracle.dbtools.crest.model.design.relational.FKIndexAssociation" directorySegmentName="seg_0" id="0345F98E-26A4-3627-BBAD-64E859A29D9E" containerWithKeyObject="25A6D783-1671-CD42-A71B-EC46CF51164E" localFKIndex="731B858B-6F54-A3A5-AF10-2DCF60DC5DC6" name="maquiGym_Gimnasios_FK">
<createdBy>lauramurcia</createdBy>
<createdTime>2023-10-01 05:39:13 UTC</createdTime>
<generatorID>1D13CDA4-1459-074F-FA16-5900B59DF107</generatorID>
<ownerDesignName>p1v2SISTRANS</ownerDesignName>
<referredTableLongName>Gimnasios</referredTableLongName>
<deleteRule>NO ACTION</deleteRule>
<referredTableID>94C70641-6C00-DD67-6144-218730CCC379</referredTableID>
<keyObject>A8CFE647-DA09-26C7-908C-D251FCF7857C</keyObject>
<referredKeyID>A8CFE647-DA09-26C7-908C-D251FCF7857C</referredKeyID>
<mandatory>true</mandatory>
<refColNames>idServicio</refColNames>
<transferable>true</transferable>
<rely>false</rely>
<columnDependencyConstraintGenerateInDDL>true</columnDependencyConstraintGenerateInDDL>
</FKIndexAssociation>