<?xml version = '1.0' encoding = 'UTF-8'?>
<FKIndexAssociation class="oracle.dbtools.crest.model.design.relational.FKIndexAssociation" directorySegmentName="seg_0" id="038E31B5-7279-6F00-49AE-67736590F3E7" containerWithKeyObject="66BEB27E-9B17-7B94-93F3-D273671E64C4" localFKIndex="4A53E559-BE72-808C-89D2-6722B259B860" name="servConsum_Servicios_FK">
<createdBy>lauramurcia</createdBy>
<createdTime>2023-10-02 00:41:07 UTC</createdTime>
<generatorID>B4C300D6-858A-9A33-9670-8E74185BB7F4</generatorID>
<ownerDesignName>p1v2SISTRANS</ownerDesignName>
<referredTableLongName>Servicios</referredTableLongName>
<deleteRule>NO ACTION</deleteRule>
<referredTableID>D1ACD67C-355E-0910-6EA9-D12CDB3371B0</referredTableID>
<keyObject>B0817801-7006-76A1-3CAB-D92EE5D874BA</keyObject>
<referredKeyID>B0817801-7006-76A1-3CAB-D92EE5D874BA</referredKeyID>
<mandatory>true</mandatory>
<refColNames>idServicio</refColNames>
<transferable>true</transferable>
<rely>false</rely>
<columnDependencyConstraintGenerateInDDL>true</columnDependencyConstraintGenerateInDDL>
</FKIndexAssociation>