<?xml version = '1.0' encoding = 'UTF-8'?>
<FKIndexAssociation class="oracle.dbtools.crest.model.design.relational.FKIndexAssociation" directorySegmentName="seg_0" id="0C78FD66-9AB1-36E7-4376-AD0524351BA9" containerWithKeyObject="5EAF0442-4A0D-581C-27BE-C2DDD5D9AF23" localFKIndex="6F6581C6-05D3-9688-3BBE-F8E04F8E6E85" name="planServ_Servicios_FK">
<createdBy>lauramurcia</createdBy>
<createdTime>2023-10-01 05:39:13 UTC</createdTime>
<generatorID>3DA47C94-DBA2-9BAC-4D65-6E94980B604D</generatorID>
<ownerDesignName>p1v2SISTRANS</ownerDesignName>
<referredTableLongName>Servicios</referredTableLongName>
<deleteRule>NO ACTION</deleteRule>
<referredTableID>D1ACD67C-355E-0910-6EA9-D12CDB3371B0</referredTableID>
<keyObject>B0817801-7006-76A1-3CAB-D92EE5D874BA</keyObject>
<referredKeyID>B0817801-7006-76A1-3CAB-D92EE5D874BA</referredKeyID>
<mandatory>true</mandatory>
<refColNames>idServicio</refColNames>
<transferable>true</transferable>
<rely>false</rely>
<columnDependencyConstraintGenerateInDDL>true</columnDependencyConstraintGenerateInDDL>
</FKIndexAssociation>