<?xml version = '1.0' encoding = 'UTF-8'?>
<FKIndexAssociation class="oracle.dbtools.crest.model.design.relational.FKIndexAssociation" directorySegmentName="seg_0" id="133A241D-EE3D-0E63-D65D-79AEC52B9BA7" containerWithKeyObject="A86263D4-FD22-35D8-8752-2A78B98ED2A0" localFKIndex="222721A4-62AD-23E5-86DD-77D2915913A2" name="servHotel_Hoteles_FK">
<createdBy>lauramurcia</createdBy>
<createdTime>2023-10-01 20:20:32 UTC</createdTime>
<generatorID>1B08BE30-B7F9-A121-0B7F-B27F293D545D</generatorID>
<ownerDesignName>p1v2SISTRANS</ownerDesignName>
<referredTableLongName>Hoteles</referredTableLongName>
<deleteRule>NO ACTION</deleteRule>
<referredTableID>10523A41-B8B1-34D7-84B3-E5B8812B3EC6</referredTableID>
<keyObject>01A7251E-78B9-4C30-F436-1C90F114F11C</keyObject>
<referredKeyID>01A7251E-78B9-4C30-F436-1C90F114F11C</referredKeyID>
<mandatory>true</mandatory>
<refColNames>nombreHotel</refColNames>
<transferable>true</transferable>
<rely>false</rely>
<columnDependencyConstraintGenerateInDDL>true</columnDependencyConstraintGenerateInDDL>
</FKIndexAssociation>