<?xml version = '1.0' encoding = 'UTF-8'?>
<FKIndexAssociation class="oracle.dbtools.crest.model.design.relational.FKIndexAssociation" directorySegmentName="seg_0" id="35F62B3D-092F-11C2-7A98-A75441193976" containerWithKeyObject="9367EAC1-AE43-1595-636C-8436E4808FE8" localFKIndex="CB96D962-4029-EE79-27FD-93D6AA19BAA9" name="Piscinas_Servicios_FK">
<createdBy>lauramurcia</createdBy>
<createdTime>2023-10-01 05:39:13 UTC</createdTime>
<generatorID>3BE86079-D71A-E494-AEB6-143EDB655831</generatorID>
<ownerDesignName>p1v2SISTRANS</ownerDesignName>
<referredTableLongName>Servicios</referredTableLongName>
<arc>521B7B07-17C2-53AC-627C-432E836DEA61</arc>
<deleteRule>NO ACTION</deleteRule>
<referredTableID>D1ACD67C-355E-0910-6EA9-D12CDB3371B0</referredTableID>
<keyObject>B0817801-7006-76A1-3CAB-D92EE5D874BA</keyObject>
<referredKeyID>B0817801-7006-76A1-3CAB-D92EE5D874BA</referredKeyID>
<mandatory>true</mandatory>
<refColNames>idServicio</refColNames>
<transferable>true</transferable>
<rely>false</rely>
<discriminatorValue>Piscinas</discriminatorValue>
<columnDependencyConstraintGenerateInDDL>true</columnDependencyConstraintGenerateInDDL>
</FKIndexAssociation>