<?xml version = '1.0' encoding = 'UTF-8'?>
<FKIndexAssociation class="oracle.dbtools.crest.model.design.relational.FKIndexAssociation" directorySegmentName="seg_0" id="4182A788-3844-C5A3-6585-4DE478632142" containerWithKeyObject="789D548B-7C21-3459-C7A9-64F0BDB0CF1E" localFKIndex="102AAC89-543A-4236-A4BD-8F7578BF3997" name="Habitaciones_Hoteles_FK">
<createdBy>lauramurcia</createdBy>
<createdTime>2023-10-01 05:39:13 UTC</createdTime>
<generatorID>3BDAC0C2-917C-EB63-93AF-9A0B17233408</generatorID>
<ownerDesignName>p1v2SISTRANS</ownerDesignName>
<referredTableLongName>Hoteles</referredTableLongName>
<deleteRule>NO ACTION</deleteRule>
<referredTableID>10523A41-B8B1-34D7-84B3-E5B8812B3EC6</referredTableID>
<keyObject>01A7251E-78B9-4C30-F436-1C90F114F11C</keyObject>
<referredKeyID>01A7251E-78B9-4C30-F436-1C90F114F11C</referredKeyID>
<mandatory>true</mandatory>
<refColNames>nombreHotel</refColNames>
<transferable>true</transferable>
<rely>false</rely>
<columnDependencyConstraintGenerateInDDL>true</columnDependencyConstraintGenerateInDDL>
</FKIndexAssociation>