<?xml version = '1.0' encoding = 'UTF-8'?>
<FKIndexAssociation class="oracle.dbtools.crest.model.design.relational.FKIndexAssociation" directorySegmentName="seg_0" id="4EA987A8-0499-0895-539F-5D4E6D91C1FE" containerWithKeyObject="4C5D277E-97E8-C6D3-5458-A68F715FAE2D" localFKIndex="176DEC4C-72E2-B63E-841B-1E53C115FDAA" name="consumHabi_cuentaConsu_FK">
<createdBy>lauramurcia</createdBy>
<createdTime>2023-10-01 05:39:13 UTC</createdTime>
<generatorID>ACF70068-08D0-B18A-659A-B64CAF088D49</generatorID>
<ownerDesignName>p1v2SISTRANS</ownerDesignName>
<referredTableLongName>cuentaConsu</referredTableLongName>
<deleteRule>NO ACTION</deleteRule>
<referredTableID>53EC7C7D-A771-4006-269C-35FB03FECBD7</referredTableID>
<keyObject>42299489-A8DD-882A-187B-BCB92A8D3F2C</keyObject>
<referredKeyID>42299489-A8DD-882A-187B-BCB92A8D3F2C</referredKeyID>
<mandatory>true</mandatory>
<refColNames>idCuenta</refColNames>
<transferable>true</transferable>
<rely>false</rely>
<columnDependencyConstraintGenerateInDDL>true</columnDependencyConstraintGenerateInDDL>
</FKIndexAssociation>