<?xml version = '1.0' encoding = 'UTF-8'?>
<FKIndexAssociation class="oracle.dbtools.crest.model.design.relational.FKIndexAssociation" directorySegmentName="seg_0" id="5EFF23E5-FF33-2BF8-8AA5-75493BC0F6FA" containerWithKeyObject="26D4D6B4-A716-D21B-7339-C3861BF5FD36" localFKIndex="A23E7CB7-1CAD-C98D-0E64-BD47D153AD3D" name="horarioPisc_Horarios_FK">
<createdBy>lauramurcia</createdBy>
<createdTime>2023-10-01 05:39:13 UTC</createdTime>
<generatorID>AC65D1BD-C18C-A5E4-4571-6820BEE31635</generatorID>
<ownerDesignName>p1v2SISTRANS</ownerDesignName>
<referredTableLongName>Horarios</referredTableLongName>
<deleteRule>NO ACTION</deleteRule>
<referredTableID>5C25878E-717B-5441-2293-75091661BD76</referredTableID>
<keyObject>276E7EB2-A3CA-A96F-C991-2D7BA7F10B09</keyObject>
<referredKeyID>276E7EB2-A3CA-A96F-C991-2D7BA7F10B09</referredKeyID>
<mandatory>true</mandatory>
<refColNames>idServicio</refColNames>
<transferable>true</transferable>
<rely>false</rely>
<columnDependencyConstraintGenerateInDDL>true</columnDependencyConstraintGenerateInDDL>
</FKIndexAssociation>