<?xml version = '1.0' encoding = 'UTF-8'?>
<FKIndexAssociation class="oracle.dbtools.crest.model.design.relational.FKIndexAssociation" directorySegmentName="seg_0" id="6FD68BFA-0C48-7D62-098F-64D385279C6A" containerWithKeyObject="5EAF0442-4A0D-581C-27BE-C2DDD5D9AF23" localFKIndex="38F21B87-1E8D-3E52-360C-EBD0E099B310" name="planServ_PlanesConsum_FK">
<createdBy>lauramurcia</createdBy>
<createdTime>2023-10-01 05:39:13 UTC</createdTime>
<generatorID>3DA47C94-DBA2-9BAC-4D65-6E94980B604D</generatorID>
<ownerDesignName>p1v2SISTRANS</ownerDesignName>
<referredTableLongName>PlanesConsum</referredTableLongName>
<deleteRule>NO ACTION</deleteRule>
<referredTableID>86DBD4EC-2E6E-173C-27C0-1E37F9A00F3C</referredTableID>
<keyObject>B847D2DE-3CC0-F3EA-F54E-D81F182C33A5</keyObject>
<referredKeyID>B847D2DE-3CC0-F3EA-F54E-D81F182C33A5</referredKeyID>
<mandatory>true</mandatory>
<refColNames>tipo</refColNames>
<transferable>true</transferable>
<rely>false</rely>
<columnDependencyConstraintGenerateInDDL>true</columnDependencyConstraintGenerateInDDL>
</FKIndexAssociation>