<?xml version = '1.0' encoding = 'UTF-8'?>
<FKIndexAssociation class="oracle.dbtools.crest.model.design.relational.FKIndexAssociation" directorySegmentName="seg_0" id="71DB0618-B0A0-52BD-5612-2EAFEB7795FA" containerWithKeyObject="789D548B-7C21-3459-C7A9-64F0BDB0CF1E" localFKIndex="246C4EEF-4967-921B-3659-163BB2BE8706" name="Habitaciones_tipoHabi_FK">
<createdBy>lauramurcia</createdBy>
<createdTime>2023-10-01 05:39:13 UTC</createdTime>
<generatorID>31DA1724-EC34-3B9F-6876-6C06635427A5</generatorID>
<ownerDesignName>p1v2SISTRANS</ownerDesignName>
<referredTableLongName>tipoHabi</referredTableLongName>
<deleteRule>NO ACTION</deleteRule>
<referredTableID>EF1621B9-D31A-B26B-AE74-91A73214D37E</referredTableID>
<keyObject>AFED6459-910B-E91A-9551-AEA8405EE0B1</keyObject>
<referredKeyID>AFED6459-910B-E91A-9551-AEA8405EE0B1</referredKeyID>
<mandatory>true</mandatory>
<refColNames>tipo</refColNames>
<transferable>true</transferable>
<rely>false</rely>
<columnDependencyConstraintGenerateInDDL>true</columnDependencyConstraintGenerateInDDL>
</FKIndexAssociation>