<?xml version = '1.0' encoding = 'UTF-8'?>
<FKIndexAssociation class="oracle.dbtools.crest.model.design.relational.FKIndexAssociation" directorySegmentName="seg_0" id="74006AE2-5F58-8B94-00B6-96231729634E" containerWithKeyObject="66BEB27E-9B17-7B94-93F3-D273671E64C4" localFKIndex="39AF4C5B-7C63-EB15-AA69-0C72C0C23244" name="servConsum_Reservas_FK">
<createdBy>lauramurcia</createdBy>
<createdTime>2023-10-02 00:41:07 UTC</createdTime>
<generatorID>B4C300D6-858A-9A33-9670-8E74185BB7F4</generatorID>
<ownerDesignName>p1v2SISTRANS</ownerDesignName>
<referredTableLongName>Reservas</referredTableLongName>
<deleteRule>NO ACTION</deleteRule>
<referredTableID>817F1A2E-B20D-DB2B-4D36-A434F9BEDE45</referredTableID>
<keyObject>DD79D162-B38F-CCF7-16CB-E59E286F3776</keyObject>
<referredKeyID>DD79D162-B38F-CCF7-16CB-E59E286F3776</referredKeyID>
<mandatory>true</mandatory>
<refColNames>idReserva</refColNames>
<transferable>true</transferable>
<rely>false</rely>
<columnDependencyConstraintGenerateInDDL>true</columnDependencyConstraintGenerateInDDL>
</FKIndexAssociation>