<?xml version = '1.0' encoding = 'UTF-8'?>
<FKIndexAssociation class="oracle.dbtools.crest.model.design.relational.FKIndexAssociation" directorySegmentName="seg_0" id="7E065089-6655-14A0-BD86-AD6F944B9927" containerWithKeyObject="A86263D4-FD22-35D8-8752-2A78B98ED2A0" localFKIndex="EC09EE84-24D2-80F1-FCB4-F2E92144C1BF" name="servHotel_Servicios_FK">
<createdBy>lauramurcia</createdBy>
<createdTime>2023-10-01 20:20:32 UTC</createdTime>
<generatorID>1B08BE30-B7F9-A121-0B7F-B27F293D545D</generatorID>
<ownerDesignName>p1v2SISTRANS</ownerDesignName>
<referredTableLongName>Servicios</referredTableLongName>
<deleteRule>NO ACTION</deleteRule>
<referredTableID>D1ACD67C-355E-0910-6EA9-D12CDB3371B0</referredTableID>
<keyObject>B0817801-7006-76A1-3CAB-D92EE5D874BA</keyObject>
<referredKeyID>B0817801-7006-76A1-3CAB-D92EE5D874BA</referredKeyID>
<mandatory>true</mandatory>
<refColNames>idServicio</refColNames>
<transferable>true</transferable>
<rely>false</rely>
<columnDependencyConstraintGenerateInDDL>true</columnDependencyConstraintGenerateInDDL>
</FKIndexAssociation>