<?xml version = '1.0' encoding = 'UTF-8'?>
<FKIndexAssociation class="oracle.dbtools.crest.model.design.relational.FKIndexAssociation" directorySegmentName="seg_0" id="8011536D-5496-17E9-8D89-5FA21E5301A3" containerWithKeyObject="DAEA7AEF-78C2-9E8F-D504-06AD41A0039B" localFKIndex="E24483C3-2486-B787-ECA1-2B6FC2126A84" name="horarioGym_Horarios_FK">
<createdBy>lauramurcia</createdBy>
<createdTime>2023-10-01 05:39:13 UTC</createdTime>
<generatorID>449E0B35-8EC0-F3E4-62AE-9DD8BF3C4587</generatorID>
<ownerDesignName>p1v2SISTRANS</ownerDesignName>
<referredTableLongName>Horarios</referredTableLongName>
<deleteRule>NO ACTION</deleteRule>
<referredTableID>5C25878E-717B-5441-2293-75091661BD76</referredTableID>
<keyObject>276E7EB2-A3CA-A96F-C991-2D7BA7F10B09</keyObject>
<referredKeyID>276E7EB2-A3CA-A96F-C991-2D7BA7F10B09</referredKeyID>
<mandatory>true</mandatory>
<refColNames>idServicio</refColNames>
<transferable>true</transferable>
<rely>false</rely>
<columnDependencyConstraintGenerateInDDL>true</columnDependencyConstraintGenerateInDDL>
</FKIndexAssociation>