<?xml version = '1.0' encoding = 'UTF-8'?>
<FKIndexAssociation class="oracle.dbtools.crest.model.design.relational.FKIndexAssociation" directorySegmentName="seg_0" id="812D5DCB-5AF5-906A-5968-C35870A236F6" containerWithKeyObject="53EC7C7D-A771-4006-269C-35FB03FECBD7" localFKIndex="C1B50753-67D6-EB72-6C8A-506EC3778DCF" name="cuentaConsu_Reservas_FK">
<createdBy>lauramurcia</createdBy>
<createdTime>2023-10-01 05:39:13 UTC</createdTime>
<generatorID>3DABC234-4FD1-CAF2-CB57-FA18E7AF5C23</generatorID>
<ownerDesignName>p1v2SISTRANS</ownerDesignName>
<referredTableLongName>Reservas</referredTableLongName>
<deleteRule>NO ACTION</deleteRule>
<referredTableID>817F1A2E-B20D-DB2B-4D36-A434F9BEDE45</referredTableID>
<keyObject>DD79D162-B38F-CCF7-16CB-E59E286F3776</keyObject>
<referredKeyID>DD79D162-B38F-CCF7-16CB-E59E286F3776</referredKeyID>
<mandatory>true</mandatory>
<refColNames>idReserva</refColNames>
<transferable>true</transferable>
<rely>false</rely>
<columnDependencyConstraintGenerateInDDL>true</columnDependencyConstraintGenerateInDDL>
</FKIndexAssociation>