<?xml version = '1.0' encoding = 'UTF-8'?>
<FKIndexAssociation class="oracle.dbtools.crest.model.design.relational.FKIndexAssociation" directorySegmentName="seg_0" id="9B8E6853-8204-2076-3A06-80FC78D7FD58" containerWithKeyObject="4C5D277E-97E8-C6D3-5458-A68F715FAE2D" localFKIndex="73D04CBA-2032-AAB1-2420-1984F2598FB3" name="consumHabi_productsHabi_FK">
<createdBy>lauramurcia</createdBy>
<createdTime>2023-10-01 05:39:13 UTC</createdTime>
<generatorID>ACF70068-08D0-B18A-659A-B64CAF088D49</generatorID>
<ownerDesignName>p1v2SISTRANS</ownerDesignName>
<referredTableLongName>productsHabi</referredTableLongName>
<deleteRule>NO ACTION</deleteRule>
<referredTableID>2F8B360A-904A-9B8B-997F-48F476DD9A87</referredTableID>
<keyObject>72B4901E-1C40-D6BD-2A46-73DC6A1D238A</keyObject>
<referredKeyID>72B4901E-1C40-D6BD-2A46-73DC6A1D238A</referredKeyID>
<mandatory>true</mandatory>
<refColNames>producto</refColNames>
<transferable>true</transferable>
<rely>false</rely>
<columnDependencyConstraintGenerateInDDL>true</columnDependencyConstraintGenerateInDDL>
</FKIndexAssociation>