<?xml version = '1.0' encoding = 'UTF-8'?>
<FKIndexAssociation class="oracle.dbtools.crest.model.design.relational.FKIndexAssociation" directorySegmentName="seg_0" id="A73682AA-6906-7C14-167B-487793D4C4A7" containerWithKeyObject="26D4D6B4-A716-D21B-7339-C3861BF5FD36" localFKIndex="D5818EC1-1DC4-A5E2-C6FF-A057004C83BE" name="horarioPisc_Piscinas_FK">
<createdBy>lauramurcia</createdBy>
<createdTime>2023-10-01 05:39:13 UTC</createdTime>
<generatorID>AC65D1BD-C18C-A5E4-4571-6820BEE31635</generatorID>
<ownerDesignName>p1v2SISTRANS</ownerDesignName>
<referredTableLongName>Piscinas</referredTableLongName>
<deleteRule>NO ACTION</deleteRule>
<referredTableID>9367EAC1-AE43-1595-636C-8436E4808FE8</referredTableID>
<keyObject>161A8FB5-8D72-FDBE-DB79-47AD6B771E0B</keyObject>
<referredKeyID>161A8FB5-8D72-FDBE-DB79-47AD6B771E0B</referredKeyID>
<mandatory>true</mandatory>
<refColNames>idServicio</refColNames>
<transferable>true</transferable>
<rely>false</rely>
<columnDependencyConstraintGenerateInDDL>true</columnDependencyConstraintGenerateInDDL>
</FKIndexAssociation>