<?xml version = '1.0' encoding = 'UTF-8'?>
<FKIndexAssociation class="oracle.dbtools.crest.model.design.relational.FKIndexAssociation" directorySegmentName="seg_0" id="B528D6ED-9657-C86B-EF09-485C534EDAFE" containerWithKeyObject="AEB5A382-7853-C0EC-6B0B-57C5C0A82AC1" localFKIndex="6F41AE6A-27C1-BB64-FC23-581F7DB71C3A" name="reservan_Usuarios_FK">
<createdBy>lauramurcia</createdBy>
<createdTime>2023-10-01 05:39:13 UTC</createdTime>
<generatorID>E02C14EE-A4D8-3B86-5582-BAAC2D8277C3</generatorID>
<ownerDesignName>p1v2SISTRANS</ownerDesignName>
<referredTableLongName>Usuarios</referredTableLongName>
<deleteRule>NO ACTION</deleteRule>
<referredTableID>AACC4731-5A74-7434-28A5-A96F64FD1F83</referredTableID>
<keyObject>82647BA6-6206-3EC3-1E6A-C2D359575CCD</keyObject>
<referredKeyID>82647BA6-6206-3EC3-1E6A-C2D359575CCD</referredKeyID>
<mandatory>true</mandatory>
<refColNames>idUsuario</refColNames>
<transferable>true</transferable>
<rely>false</rely>
<columnDependencyConstraintGenerateInDDL>true</columnDependencyConstraintGenerateInDDL>
</FKIndexAssociation>