<?xml version = '1.0' encoding = 'UTF-8'?>
<FKIndexAssociation class="oracle.dbtools.crest.model.design.relational.FKIndexAssociation" directorySegmentName="seg_0" id="BF55B5AA-4D89-DB9B-5DF5-31A56EE4E914" containerWithKeyObject="AEB5A382-7853-C0EC-6B0B-57C5C0A82AC1" localFKIndex="46636654-1FD6-D62D-0FF6-4F425AE2AFA3" name="reservan_Reservas_FK">
<createdBy>lauramurcia</createdBy>
<createdTime>2023-10-01 05:39:13 UTC</createdTime>
<generatorID>E02C14EE-A4D8-3B86-5582-BAAC2D8277C3</generatorID>
<ownerDesignName>p1v2SISTRANS</ownerDesignName>
<referredTableLongName>Reservas</referredTableLongName>
<deleteRule>NO ACTION</deleteRule>
<referredTableID>817F1A2E-B20D-DB2B-4D36-A434F9BEDE45</referredTableID>
<keyObject>DD79D162-B38F-CCF7-16CB-E59E286F3776</keyObject>
<referredKeyID>DD79D162-B38F-CCF7-16CB-E59E286F3776</referredKeyID>
<mandatory>true</mandatory>
<refColNames>idReserva</refColNames>
<transferable>true</transferable>
<rely>false</rely>
<columnDependencyConstraintGenerateInDDL>true</columnDependencyConstraintGenerateInDDL>
</FKIndexAssociation>