<?xml version = '1.0' encoding = 'UTF-8'?>
<FKIndexAssociation class="oracle.dbtools.crest.model.design.relational.FKIndexAssociation" directorySegmentName="seg_0" id="D0CE5BFC-38F2-89F5-4563-632DA4D06DA6" containerWithKeyObject="86DBD4EC-2E6E-173C-27C0-1E37F9A00F3C" localFKIndex="389AEE23-5569-6C1F-93B2-DFF89CEDA7F1" name="PlanesConsum_Hoteles_FK">
<createdBy>lauramurcia</createdBy>
<createdTime>2023-10-01 05:39:13 UTC</createdTime>
<generatorID>BA1838FD-D82F-3ACD-4516-9BC3C453BB24</generatorID>
<ownerDesignName>p1v2SISTRANS</ownerDesignName>
<referredTableLongName>Hoteles</referredTableLongName>
<deleteRule>NO ACTION</deleteRule>
<referredTableID>10523A41-B8B1-34D7-84B3-E5B8812B3EC6</referredTableID>
<keyObject>01A7251E-78B9-4C30-F436-1C90F114F11C</keyObject>
<referredKeyID>01A7251E-78B9-4C30-F436-1C90F114F11C</referredKeyID>
<mandatory>true</mandatory>
<refColNames>nombreHotel</refColNames>
<transferable>true</transferable>
<rely>false</rely>
<columnDependencyConstraintGenerateInDDL>true</columnDependencyConstraintGenerateInDDL>
</FKIndexAssociation>