<?xml version = '1.0' encoding = 'UTF-8'?>
<FKIndexAssociation class="oracle.dbtools.crest.model.design.relational.FKIndexAssociation" directorySegmentName="seg_0" id="D21EDBEC-56FF-DDE5-79AE-132E7B06C129" containerWithKeyObject="AACC4731-5A74-7434-28A5-A96F64FD1F83" localFKIndex="329B8466-64BE-4902-CF4F-3C3D07485047" name="Usuarios_Hoteles_FK">
<createdBy>lauramurcia</createdBy>
<createdTime>2023-10-01 05:39:13 UTC</createdTime>
<generatorID>C238118C-1DC0-447E-CECA-4677B93F780A</generatorID>
<ownerDesignName>p1v2SISTRANS</ownerDesignName>
<referredTableLongName>Hoteles</referredTableLongName>
<deleteRule>NO ACTION</deleteRule>
<referredTableID>10523A41-B8B1-34D7-84B3-E5B8812B3EC6</referredTableID>
<keyObject>01A7251E-78B9-4C30-F436-1C90F114F11C</keyObject>
<referredKeyID>01A7251E-78B9-4C30-F436-1C90F114F11C</referredKeyID>
<mandatory>true</mandatory>
<refColNames>nombreHotel</refColNames>
<transferable>true</transferable>
<rely>false</rely>
<columnDependencyConstraintGenerateInDDL>true</columnDependencyConstraintGenerateInDDL>
</FKIndexAssociation>