<?xml version = '1.0' encoding = 'UTF-8'?>
<FKIndexAssociation class="oracle.dbtools.crest.model.design.relational.FKIndexAssociation" directorySegmentName="seg_0" id="E3F7F3BE-33EF-002B-11CA-A6EC1C43B59C" containerWithKeyObject="2F8B360A-904A-9B8B-997F-48F476DD9A87" localFKIndex="6F7E8DEC-B900-723C-0252-9DF6389A3A6E" name="productsHabi_Habitaciones_FK">
<createdBy>lauramurcia</createdBy>
<createdTime>2023-10-01 05:39:13 UTC</createdTime>
<generatorID>70B72718-DA19-C6EE-C260-C33E5AEF031B</generatorID>
<ownerDesignName>p1v2SISTRANS</ownerDesignName>
<referredTableLongName>Habitaciones</referredTableLongName>
<deleteRule>NO ACTION</deleteRule>
<referredTableID>789D548B-7C21-3459-C7A9-64F0BDB0CF1E</referredTableID>
<keyObject>CD95DB31-9B44-5892-1985-271BA09DD4D1</keyObject>
<referredKeyID>CD95DB31-9B44-5892-1985-271BA09DD4D1</referredKeyID>
<mandatory>true</mandatory>
<refColNames>id</refColNames>
<transferable>true</transferable>
<rely>false</rely>
<columnDependencyConstraintGenerateInDDL>true</columnDependencyConstraintGenerateInDDL>
</FKIndexAssociation>