<?xml version = '1.0' encoding = 'UTF-8'?>
<FKIndexAssociation class="oracle.dbtools.crest.model.design.relational.FKIndexAssociation" directorySegmentName="seg_0" id="EDC4A11A-FEDE-7D3C-0DB8-10EABCD29AC1" containerWithKeyObject="DAEA7AEF-78C2-9E8F-D504-06AD41A0039B" localFKIndex="302B6E90-D632-A92C-0976-F8C6FC0F1307" name="horarioGym_Gimnasios_FK">
<createdBy>lauramurcia</createdBy>
<createdTime>2023-10-01 05:39:13 UTC</createdTime>
<generatorID>449E0B35-8EC0-F3E4-62AE-9DD8BF3C4587</generatorID>
<ownerDesignName>p1v2SISTRANS</ownerDesignName>
<referredTableLongName>Gimnasios</referredTableLongName>
<deleteRule>NO ACTION</deleteRule>
<referredTableID>94C70641-6C00-DD67-6144-218730CCC379</referredTableID>
<keyObject>A8CFE647-DA09-26C7-908C-D251FCF7857C</keyObject>
<referredKeyID>A8CFE647-DA09-26C7-908C-D251FCF7857C</referredKeyID>
<mandatory>true</mandatory>
<refColNames>idServicio</refColNames>
<transferable>true</transferable>
<rely>false</rely>
<columnDependencyConstraintGenerateInDDL>true</columnDependencyConstraintGenerateInDDL>
</FKIndexAssociation>