<?xml version = '1.0' encoding = 'UTF-8'?>
<FKIndexAssociation class="oracle.dbtools.crest.model.design.relational.FKIndexAssociation" directorySegmentName="seg_0" id="F9BC75DC-2F36-F136-7E21-D9A65ACF16E5" containerWithKeyObject="94C70641-6C00-DD67-6144-218730CCC379" localFKIndex="407E439C-B57E-9C1F-C0E4-8FFCF28BAF65" name="Gimnasios_Servicios_FK">
<createdBy>lauramurcia</createdBy>
<createdTime>2023-10-01 05:39:13 UTC</createdTime>
<generatorID>5F9AE387-7D93-5F57-8DAE-29B85BBAFD72</generatorID>
<ownerDesignName>p1v2SISTRANS</ownerDesignName>
<referredTableLongName>Servicios</referredTableLongName>
<arc>521B7B07-17C2-53AC-627C-432E836DEA61</arc>
<deleteRule>NO ACTION</deleteRule>
<referredTableID>D1ACD67C-355E-0910-6EA9-D12CDB3371B0</referredTableID>
<keyObject>B0817801-7006-76A1-3CAB-D92EE5D874BA</keyObject>
<referredKeyID>B0817801-7006-76A1-3CAB-D92EE5D874BA</referredKeyID>
<mandatory>true</mandatory>
<refColNames>idServicio</refColNames>
<transferable>true</transferable>
<rely>false</rely>
<discriminatorValue>Gimnasios</discriminatorValue>
<columnDependencyConstraintGenerateInDDL>true</columnDependencyConstraintGenerateInDDL>
</FKIndexAssociation>