<?xml version = '1.0' encoding = 'UTF-8'?>
<FKIndexAssociation class="oracle.dbtools.crest.model.design.relational.FKIndexAssociation" directorySegmentName="seg_0" id="FEDA52FC-F323-A093-D681-7D475325C04B" containerWithKeyObject="25A6D783-1671-CD42-A71B-EC46CF51164E" localFKIndex="54E0E53A-5A85-8B2C-5B31-47749CD01BB9" name="maquiGym_Maquinas_FK">
<createdBy>lauramurcia</createdBy>
<createdTime>2023-10-01 05:39:13 UTC</createdTime>
<generatorID>1D13CDA4-1459-074F-FA16-5900B59DF107</generatorID>
<ownerDesignName>p1v2SISTRANS</ownerDesignName>
<referredTableLongName>Maquinas</referredTableLongName>
<deleteRule>NO ACTION</deleteRule>
<referredTableID>3E481913-42E6-1D40-470A-99ADBDEFE93C</referredTableID>
<keyObject>AA658027-8745-D0E3-039C-A861C74B7F05</keyObject>
<referredKeyID>AA658027-8745-D0E3-039C-A861C74B7F05</referredKeyID>
<mandatory>true</mandatory>
<refColNames>Maquinas_ID</refColNames>
<transferable>true</transferable>
<rely>false</rely>
<columnDependencyConstraintGenerateInDDL>true</columnDependencyConstraintGenerateInDDL>
</FKIndexAssociation>