<?xml version = '1.0' encoding = 'UTF-8'?>
<Diagram class="oracle.dbtools.crest.swingui.logical.DPVLogical" name="Logical" id="02132E0C-6EEB-74BA-0181-564F6C24A9BC">
<createdBy>lauramurcia</createdBy>
<modifiedBy>lauramurcia</modifiedBy>
<createdTime>2023-09-27 12:46:34 UTC</createdTime>
<autoRoute>false</autoRoute>
<boxInbox>true</boxInbox>
<showLegend>false</showLegend>
<showLabels>false</showLabels>
<showRelAttributes>false</showRelAttributes>
<gridEnabled>false</gridEnabled>
<showGrid>false</showGrid>
<diagramColor>-1</diagramColor>
<display>false</display>
<notation>1</notation>
<objectViews>
<OView class="oracle.dbtools.crest.swingui.logical.TVEntity" oid="1D1C6ED0-FDB4-3F65-EC76-FB8B1ECC781A" otype="Entity" vid="3A2189D0-3772-614E-1477-BA0FEF8111FA">
<hideElementsInCurrentOnly>false</hideElementsInCurrentOnly>
<bounds x="652" y="429" width="525" height="440"/>
</OView>
<OView class="oracle.dbtools.crest.swingui.logical.TVEntity" oid="1DFA7792-2E51-03AA-0793-AF97F39ECBF7" otype="Entity" vid="EE09008D-A38E-5228-A0CD-3196A43E3F06">
<hideElementsInCurrentOnly>false</hideElementsInCurrentOnly>
<bounds x="765" y="212" width="170" height="110"/>
</OView>
<OView class="oracle.dbtools.crest.swingui.logical.TVEntity" oid="21881B5E-0CAD-8196-1595-6AA0FDA78A0B" otype="Entity" vid="E4F6FDA4-DAE2-4EAC-E4C4-CA70FF9A67EE">
<hideElementsInCurrentOnly>false</hideElementsInCurrentOnly>
<bounds x="676" y="592" width="145" height="62"/>
</OView>
<OView class="oracle.dbtools.crest.swingui.logical.TVEntity" oid="27335622-92A5-073A-1DD4-97D5D3D51FD9" otype="Entity" vid="D0F2EDBB-1423-AD7A-602E-19CC4C7484B7">
<hideElementsInCurrentOnly>false</hideElementsInCurrentOnly>
<bounds x="1024" y="599" width="133" height="66"/>
</OView>
<OView class="oracle.dbtools.crest.swingui.logical.TVEntity" oid="303811B2-4B0F-6F8B-2AEA-28DD12BE02DE" otype="Entity" vid="B97355E1-B2FC-D6F6-C298-3C60B31FBEB9">
<hideElementsInCurrentOnly>false</hideElementsInCurrentOnly>
<bounds x="829" y="494" width="163" height="74"/>
</OView>
<OView class="oracle.dbtools.crest.swingui.logical.TVEntity" oid="3D255339-2AC1-F7AC-81B8-DA00144A596F" otype="Entity" vid="F473CC8A-6CDF-2412-3A11-1F9A403B2BEE">
<hideElementsInCurrentOnly>false</hideElementsInCurrentOnly>
<bounds x="576" y="11" width="170" height="110"/>
</OView>
<OView class="oracle.dbtools.crest.swingui.logical.TVEntity" oid="3D6BD711-B8FA-42E9-2B8F-545D646BA3AA" otype="Entity" vid="8DA38184-5BA7-D9AF-4642-F707D3C59DC7">
<hideElementsInCurrentOnly>false</hideElementsInCurrentOnly>
<bounds x="666" y="495" width="136" height="61"/>
</OView>
<OView class="oracle.dbtools.crest.swingui.logical.TVEntity" oid="4BB89127-CFFB-99F9-151C-537FBF313D16" otype="Entity" vid="2E3B2C0F-BF16-34A3-FD68-D35F6801703B">
<hideElementsInCurrentOnly>false</hideElementsInCurrentOnly>
<bounds x="367" y="135" width="170" height="110"/>
</OView>
<OView class="oracle.dbtools.crest.swingui.logical.TVEntity" oid="54B8D5F6-5CBD-40EB-D157-9DEF6D8E7B71" otype="Entity" vid="28128F02-8AA7-9467-573E-20DE47C75894">
<hideElementsInCurrentOnly>false</hideElementsInCurrentOnly>
<bounds x="638" y="909" width="170" height="111"/>
</OView>
<OView class="oracle.dbtools.crest.swingui.logical.TVEntity" oid="5E10A890-5645-5BC8-D24D-E0806A4269C7" otype="Entity" vid="E472C440-4AAD-5D5C-A01E-82E03C944959">
<hideElementsInCurrentOnly>false</hideElementsInCurrentOnly>
<bounds x="1030" y="680" width="119" height="58"/>
</OView>
<OView class="oracle.dbtools.crest.swingui.logical.TVEntity" oid="667B539D-103F-54C9-09C3-CADD28324A83" otype="Entity" vid="8F4E9B2A-3EDF-34E9-8B4C-23919C2D8EE5">
<hideElementsInCurrentOnly>false</hideElementsInCurrentOnly>
<bounds x="689" y="780" width="132" height="61"/>
</OView>
<OView class="oracle.dbtools.crest.swingui.logical.TVEntity" oid="6A2BB0EB-BE70-2904-D0E7-FA3669DE00AD" otype="Entity" vid="83896BD8-E0FE-442B-F358-CC24BE4D1784">
<hideElementsInCurrentOnly>false</hideElementsInCurrentOnly>
<bounds x="362" y="462" width="170" height="110"/>
</OView>
<OView class="oracle.dbtools.crest.swingui.logical.TVEntity" oid="71CAB49B-B961-D3DA-463D-CDD756B31FBD" otype="Entity" vid="F44C56B4-FE80-57D7-6170-C1EE31F1B62B">
<hideElementsInCurrentOnly>false</hideElementsInCurrentOnly>
<bounds x="1343" y="560" width="170" height="111"/>
</OView>
<OView class="oracle.dbtools.crest.swingui.logical.TVEntity" oid="73240EFF-8135-63C1-09F2-198767B73264" otype="Entity" vid="3FDA16C4-E59A-A834-C3C7-D77282B0DD6A">
<hideElementsInCurrentOnly>false</hideElementsInCurrentOnly>
<bounds x="854" y="55" width="170" height="110"/>
</OView>
<OView class="oracle.dbtools.crest.swingui.logical.TVEntity" oid="8EA9AC90-A393-393A-F6E2-9250EF371571" otype="Entity" vid="49FB4910-0A12-51D0-1A75-8AFEE5B10202">
<hideElementsInCurrentOnly>false</hideElementsInCurrentOnly>
<bounds x="1021" y="759" width="137" height="66"/>
</OView>
<OView class="oracle.dbtools.crest.swingui.logical.TVEntity" oid="95C7B38A-BDC3-F4A5-098F-8CE11219C7E5" otype="Entity" vid="BE31E9C9-7946-A8C9-1541-339635B1AC04">
<hideElementsInCurrentOnly>false</hideElementsInCurrentOnly>
<bounds x="364" y="651" width="170" height="111"/>
</OView>
<OView class="oracle.dbtools.crest.swingui.logical.TVEntity" oid="AECB0C56-90E0-50CF-8443-9E49D5C69CF6" otype="Entity" vid="915FA81A-8C43-2DDE-EDF9-96BBEA3161FA">
<hideElementsInCurrentOnly>false</hideElementsInCurrentOnly>
<bounds x="1057" y="306" width="170" height="110"/>
</OView>
<OView class="oracle.dbtools.crest.swingui.logical.TVEntity" oid="B296B119-87D2-1B74-8ED8-9D2F9A953FD5" otype="Entity" vid="6AA06976-3A17-EC12-F72D-D5428222F13D">
<hideElementsInCurrentOnly>false</hideElementsInCurrentOnly>
<bounds x="1558" y="622" width="170" height="111"/>
</OView>
<OView class="oracle.dbtools.crest.swingui.logical.TVEntity" oid="C03A21B5-513F-5176-8720-370E402971B3" otype="Entity" vid="DE10A95A-6826-9150-2CA7-80C0B9516B9F">
<hideElementsInCurrentOnly>false</hideElementsInCurrentOnly>
<bounds x="875" y="765" width="120" height="63"/>
</OView>
<OView class="oracle.dbtools.crest.swingui.logical.TVEntity" oid="C5317DF5-77FC-E9DD-E45B-58F245E9661D" otype="Entity" vid="BF45E5CD-89E5-0A7F-26A2-DED4CFEB8CEF">
<hideElementsInCurrentOnly>false</hideElementsInCurrentOnly>
<bounds x="126" y="130" width="170" height="110"/>
</OView>
<OView class="oracle.dbtools.crest.swingui.logical.TVEntity" oid="C6198DD0-18F7-4837-FBD8-8B99B662E58F" otype="Entity" vid="DF804657-721E-20D2-B0A1-FA3310109D78">
<hideElementsInCurrentOnly>false</hideElementsInCurrentOnly>
<bounds x="1281" y="776" width="170" height="110"/>
</OView>
<OView class="oracle.dbtools.crest.swingui.logical.TVEntity" oid="C726A221-C259-724D-C7F0-A8E04308321C" otype="Entity" vid="1B93E736-B080-8466-1BFD-89D91DEF296F">
<hideElementsInCurrentOnly>false</hideElementsInCurrentOnly>
<bounds x="682" y="675" width="143" height="72"/>
</OView>
<OView class="oracle.dbtools.crest.swingui.logical.TVEntity" oid="C7DF7A3C-81E9-9C3E-468C-C1F2CA644CFC" otype="Entity" vid="B223F096-76FF-FD0D-8143-726208ED6B4D">
<hideElementsInCurrentOnly>false</hideElementsInCurrentOnly>
<bounds x="851" y="647" width="126" height="52"/>
</OView>
<OView class="oracle.dbtools.crest.swingui.logical.TVEntity" oid="D7D4C60B-E5A0-26CA-0EBA-9EE56E8F36F2" otype="Entity" vid="B6B01A6F-E7A4-694D-B8F4-71E563CB3584">
<hideElementsInCurrentOnly>false</hideElementsInCurrentOnly>
<bounds x="359" y="308" width="170" height="110"/>
</OView>
<OView class="oracle.dbtools.crest.swingui.logical.TVEntity" oid="E1FED504-FC71-5AE6-A74C-1A15882EE6FC" otype="Entity" vid="E7F48330-386C-B876-8208-5335644954FC">
<hideElementsInCurrentOnly>false</hideElementsInCurrentOnly>
<bounds x="1042" y="494" width="114" height="50"/>
</OView>
</objectViews>
<connectors>
<Connector class="oracle.dbtools.crest.swingui.logical.TVRelation" oid="0606D935-6DB9-9C82-4CDA-3BB56F6FC404" otype="Relation" vid_source="E472C440-4AAD-5D5C-A01E-82E03C944959" vid_target="6AA06976-3A17-EC12-F72D-D5428222F13D">
<hideElementsInCurrentOnly>false</hideElementsInCurrentOnly>
<backgroundColor>-16777216</backgroundColor>
<lineWidth>1</lineWidth>
<points>
<point x="1149" y="691"/>
<point x="1558" y="691"/>
</points>
</Connector>
<Connector class="oracle.dbtools.crest.swingui.logical.TVRelation" oid="086E9CCD-ECD5-AE4B-58A9-8182CBF4F372" otype="Relation" vid_source="BF45E5CD-89E5-0A7F-26A2-DED4CFEB8CEF" vid_target="2E3B2C0F-BF16-34A3-FD68-D35F6801703B">
<hideElementsInCurrentOnly>false</hideElementsInCurrentOnly>
<backgroundColor>-16777216</backgroundColor>
<lineWidth>1</lineWidth>
<points>
<point x="296" y="187"/>
<point x="367" y="187"/>
</points>
</Connector>
<Connector class="oracle.dbtools.crest.swingui.logical.TVInheritanceRelation" oid="0947E69E-B82A-5F6C-B20C-D73C64A26AF6" otype="Hierarchy relation" vid_source="3A2189D0-3772-614E-1477-BA0FEF8111FA" vid_target="E7F48330-386C-B876-8208-5335644954FC">
<hideElementsInCurrentOnly>false</hideElementsInCurrentOnly>
<backgroundColor>-65536</backgroundColor>
<lineWidth>1</lineWidth>
</Connector>
<Connector class="oracle.dbtools.crest.swingui.logical.TVInheritanceRelation" oid="1C03EC68-A730-35CC-DEF8-F832E51A4965" otype="Hierarchy relation" vid_source="3A2189D0-3772-614E-1477-BA0FEF8111FA" vid_target="8F4E9B2A-3EDF-34E9-8B4C-23919C2D8EE5">
<hideElementsInCurrentOnly>false</hideElementsInCurrentOnly>
<backgroundColor>-65536</backgroundColor>
<lineWidth>1</lineWidth>
</Connector>
<Connector class="oracle.dbtools.crest.swingui.logical.TVRelation" oid="21DF6310-224A-5381-552C-F547CB55B552" otype="Relation" vid_source="83896BD8-E0FE-442B-F358-CC24BE4D1784" vid_target="EE09008D-A38E-5228-A0CD-3196A43E3F06">
<hideElementsInCurrentOnly>false</hideElementsInCurrentOnly>
<backgroundColor>-16777216</backgroundColor>
<lineWidth>1</lineWidth>
<points>
<point x="532" y="464"/>
<point x="810" y="322"/>
</points>
</Connector>
<Connector class="oracle.dbtools.crest.swingui.logical.TVInheritanceRelation" oid="2959F9A2-C1F9-5D21-FE03-6E1481117E7B" otype="Hierarchy relation" vid_source="3A2189D0-3772-614E-1477-BA0FEF8111FA" vid_target="1B93E736-B080-8466-1BFD-89D91DEF296F">
<hideElementsInCurrentOnly>false</hideElementsInCurrentOnly>
<backgroundColor>-65536</backgroundColor>
<lineWidth>1</lineWidth>
</Connector>
<Connector class="oracle.dbtools.crest.swingui.logical.TVRelation" oid="2CB08742-4826-053D-D2D6-614582891616" otype="Relation" vid_source="EE09008D-A38E-5228-A0CD-3196A43E3F06" vid_target="3A2189D0-3772-614E-1477-BA0FEF8111FA">
<hideElementsInCurrentOnly>false</hideElementsInCurrentOnly>
<backgroundColor>-16777216</backgroundColor>
<lineWidth>1</lineWidth>
<points>
<point x="850" y="322"/>
<point x="850" y="429"/>
</points>
</Connector>
<Connector class="oracle.dbtools.crest.swingui.logical.TVRelation" oid="30D129EC-A66E-5282-DF61-95B32E0EAF75" otype="Relation" vid_source="83896BD8-E0FE-442B-F358-CC24BE4D1784" vid_target="3A2189D0-3772-614E-1477-BA0FEF8111FA">
<hideElementsInCurrentOnly>false</hideElementsInCurrentOnly>
<backgroundColor>-16777216</backgroundColor>
<lineWidth>1</lineWidth>
<points>
<point x="532" y="517"/>
<point x="652" y="517"/>
</points>
</Connector>
<Connector class="oracle.dbtools.crest.swingui.logical.TVRelation" oid="50E2C770-C03E-B9AA-EC4F-6175F918D71D" otype="Relation" vid_source="D0F2EDBB-1423-AD7A-602E-19CC4C7484B7" vid_target="F44C56B4-FE80-57D7-6170-C1EE31F1B62B">
<hideElementsInCurrentOnly>false</hideElementsInCurrentOnly>
<backgroundColor>-16777216</backgroundColor>
<lineWidth>1</lineWidth>
<points>
<point x="1157" y="632"/>
<point x="1343" y="632"/>
</points>
</Connector>
<Connector class="oracle.dbtools.crest.swingui.logical.TVRelation" oid="52D385E5-6F8D-B075-566C-C027CF7E868B" otype="Relation" vid_source="B6B01A6F-E7A4-694D-B8F4-71E563CB3584" vid_target="915FA81A-8C43-2DDE-EDF9-96BBEA3161FA">
<hideElementsInCurrentOnly>false</hideElementsInCurrentOnly>
<backgroundColor>-16777216</backgroundColor>
<lineWidth>1</lineWidth>
<points>
<point x="529" y="377"/>
<point x="1057" y="377"/>
</points>
</Connector>
<Connector class="oracle.dbtools.crest.swingui.logical.TVRelation" oid="538848F8-0886-A196-8052-6D4A02307A20" otype="Relation" vid_source="2E3B2C0F-BF16-34A3-FD68-D35F6801703B" vid_target="F473CC8A-6CDF-2412-3A11-1F9A403B2BEE">
<hideElementsInCurrentOnly>false</hideElementsInCurrentOnly>
<backgroundColor>-16777216</backgroundColor>
<lineWidth>1</lineWidth>
<points>
<point x="537" y="139"/>
<point x="576" y="116"/>
</points>
</Connector>
<Connector class="oracle.dbtools.crest.swingui.logical.TVRelation" oid="5C50E0C0-9ABD-9F8E-AFD1-0AF12421E439" otype="Relation" vid_source="E7F48330-386C-B876-8208-5335644954FC" vid_target="F44C56B4-FE80-57D7-6170-C1EE31F1B62B">
<hideElementsInCurrentOnly>false</hideElementsInCurrentOnly>
<backgroundColor>-16777216</backgroundColor>
<lineWidth>1</lineWidth>
<points>
<point x="1156" y="535"/>
<point x="1343" y="590"/>
</points>
</Connector>
<Connector class="oracle.dbtools.crest.swingui.logical.TVInheritanceRelation" oid="6FFBFD94-40A5-4BE1-FBA1-14C6023B170C" otype="Hierarchy relation" vid_source="3A2189D0-3772-614E-1477-BA0FEF8111FA" vid_target="D0F2EDBB-1423-AD7A-602E-19CC4C7484B7">
<hideElementsInCurrentOnly>false</hideElementsInCurrentOnly>
<backgroundColor>-65536</backgroundColor>
<lineWidth>1</lineWidth>
</Connector>
<Connector class="oracle.dbtools.crest.swingui.logical.TVRelation" oid="7426BAE4-8613-F025-BD36-D15C9C60CD5F" otype="Relation" vid_source="EE09008D-A38E-5228-A0CD-3196A43E3F06" vid_target="3FDA16C4-E59A-A834-C3C7-D77282B0DD6A">
<hideElementsInCurrentOnly>false</hideElementsInCurrentOnly>
<backgroundColor>-16777216</backgroundColor>
<lineWidth>1</lineWidth>
<points>
<point x="894" y="212"/>
<point x="894" y="165"/>
</points>
</Connector>
<Connector class="oracle.dbtools.crest.swingui.logical.TVInheritanceRelation" oid="78F15050-E554-4F95-C90E-D0E6382E32A0" otype="Hierarchy relation" vid_source="3A2189D0-3772-614E-1477-BA0FEF8111FA" vid_target="E472C440-4AAD-5D5C-A01E-82E03C944959">
<hideElementsInCurrentOnly>false</hideElementsInCurrentOnly>
<backgroundColor>-65536</backgroundColor>
<lineWidth>1</lineWidth>
</Connector>
<Connector class="oracle.dbtools.crest.swingui.logical.TVInheritanceRelation" oid="7A8E506F-3126-AC72-6181-1C2F0A6161EA" otype="Hierarchy relation" vid_source="3A2189D0-3772-614E-1477-BA0FEF8111FA" vid_target="8DA38184-5BA7-D9AF-4642-F707D3C59DC7">
<hideElementsInCurrentOnly>false</hideElementsInCurrentOnly>
<backgroundColor>-65536</backgroundColor>
<lineWidth>1</lineWidth>
</Connector>
<Connector class="oracle.dbtools.crest.swingui.logical.TVInheritanceRelation" oid="7E305D61-5176-EFAB-6E3F-92A364DAD048" otype="Hierarchy relation" vid_source="3A2189D0-3772-614E-1477-BA0FEF8111FA" vid_target="B223F096-76FF-FD0D-8143-726208ED6B4D">
<hideElementsInCurrentOnly>false</hideElementsInCurrentOnly>
<backgroundColor>-65536</backgroundColor>
<lineWidth>1</lineWidth>
</Connector>
<Connector class="oracle.dbtools.crest.swingui.logical.TVRelation" oid="87CF1059-45D4-726A-2198-C172C3FA1588" otype="Relation" vid_source="2E3B2C0F-BF16-34A3-FD68-D35F6801703B" vid_target="EE09008D-A38E-5228-A0CD-3196A43E3F06">
<hideElementsInCurrentOnly>false</hideElementsInCurrentOnly>
<backgroundColor>-16777216</backgroundColor>
<lineWidth>1</lineWidth>
<points>
<point x="537" y="243"/>
<point x="765" y="243"/>
</points>
</Connector>
<Connector class="oracle.dbtools.crest.swingui.logical.TVRelation" oid="8B84DA1D-C4B0-C7BB-7BFC-471BF0E2C6A9" otype="Relation" vid_source="DF804657-721E-20D2-B0A1-FA3310109D78" vid_target="49FB4910-0A12-51D0-1A75-8AFEE5B10202">
<hideElementsInCurrentOnly>false</hideElementsInCurrentOnly>
<backgroundColor>-16777216</backgroundColor>
<lineWidth>1</lineWidth>
<points>
<point x="1281" y="800"/>
<point x="1158" y="800"/>
</points>
</Connector>
<Connector class="oracle.dbtools.crest.swingui.logical.TVRelation" oid="8C10DAAD-8E71-B3F2-03CF-3F59DFE3EBEB" otype="Relation" vid_source="28128F02-8AA7-9467-573E-20DE47C75894" vid_target="8F4E9B2A-3EDF-34E9-8B4C-23919C2D8EE5">
<hideElementsInCurrentOnly>false</hideElementsInCurrentOnly>
<backgroundColor>-16777216</backgroundColor>
<lineWidth>1</lineWidth>
<points>
<point x="748" y="909"/>
<point x="748" y="841"/>
</points>
</Connector>
<Connector class="oracle.dbtools.crest.swingui.logical.TVRelation" oid="8E21B1AA-BCA9-2248-0625-8CDC42653811" otype="Relation" vid_source="B6B01A6F-E7A4-694D-B8F4-71E563CB3584" vid_target="2E3B2C0F-BF16-34A3-FD68-D35F6801703B">
<hideElementsInCurrentOnly>false</hideElementsInCurrentOnly>
<backgroundColor>-16777216</backgroundColor>
<lineWidth>1</lineWidth>
<points>
<point x="463" y="308"/>
<point x="463" y="245"/>
</points>
</Connector>
<Connector class="oracle.dbtools.crest.swingui.logical.TVInheritanceRelation" oid="910CF283-0F59-EF3C-03A8-703D539C69EE" otype="Hierarchy relation" vid_source="3A2189D0-3772-614E-1477-BA0FEF8111FA" vid_target="B97355E1-B2FC-D6F6-C298-3C60B31FBEB9">
<hideElementsInCurrentOnly>false</hideElementsInCurrentOnly>
<backgroundColor>-65536</backgroundColor>
<lineWidth>1</lineWidth>
</Connector>
<Connector class="oracle.dbtools.crest.swingui.logical.TVRelation" oid="9B1AA7F1-C452-933B-5367-ADBC37A8BC8C" otype="Relation" vid_source="DE10A95A-6826-9150-2CA7-80C0B9516B9F" vid_target="28128F02-8AA7-9467-573E-20DE47C75894">
<hideElementsInCurrentOnly>false</hideElementsInCurrentOnly>
<backgroundColor>-16777216</backgroundColor>
<lineWidth>1</lineWidth>
<points>
<point x="895" y="828"/>
<point x="793" y="909"/>
</points>
</Connector>
<Connector class="oracle.dbtools.crest.swingui.logical.TVInheritanceRelation" oid="9DD7214F-7168-E11A-FD13-3D10745790EA" otype="Hierarchy relation" vid_source="3A2189D0-3772-614E-1477-BA0FEF8111FA" vid_target="E4F6FDA4-DAE2-4EAC-E4C4-CA70FF9A67EE">
<hideElementsInCurrentOnly>false</hideElementsInCurrentOnly>
<backgroundColor>-65536</backgroundColor>
<lineWidth>1</lineWidth>
</Connector>
<Connector class="oracle.dbtools.crest.swingui.logical.TVInheritanceRelation" oid="AF59C44B-CE6A-7280-E15F-CBDDB8CB87EF" otype="Hierarchy relation" vid_source="3A2189D0-3772-614E-1477-BA0FEF8111FA" vid_target="49FB4910-0A12-51D0-1A75-8AFEE5B10202">
<hideElementsInCurrentOnly>false</hideElementsInCurrentOnly>
<backgroundColor>-65536</backgroundColor>
<lineWidth>1</lineWidth>
</Connector>
<Connector class="oracle.dbtools.crest.swingui.logical.TVRelation" oid="B306DAF6-5D08-1F32-9BD3-B170FC87A2D3" otype="Relation" vid_source="E472C440-4AAD-5D5C-A01E-82E03C944959" vid_target="F44C56B4-FE80-57D7-6170-C1EE31F1B62B">
<hideElementsInCurrentOnly>false</hideElementsInCurrentOnly>
<backgroundColor>-16777216</backgroundColor>
<lineWidth>1</lineWidth>
<points>
<point x="1149" y="692"/>
<point x="1343" y="623"/>
</points>
</Connector>
<Connector class="oracle.dbtools.crest.swingui.logical.TVRelation" oid="BE39B0FC-7BD8-E5B3-74E9-7406FFE41A24" otype="Relation" vid_source="F473CC8A-6CDF-2412-3A11-1F9A403B2BEE" vid_target="3FDA16C4-E59A-A834-C3C7-D77282B0DD6A">
<hideElementsInCurrentOnly>false</hideElementsInCurrentOnly>
<backgroundColor>-16777216</backgroundColor>
<lineWidth>1</lineWidth>
<points>
<point x="746" y="103"/>
<point x="854" y="103"/>
</points>
</Connector>
<Connector class="oracle.dbtools.crest.swingui.logical.TVRelation" oid="C5196494-7072-0033-90E0-70BBF2428FD0" otype="Relation" vid_source="E4F6FDA4-DAE2-4EAC-E4C4-CA70FF9A67EE" vid_target="BE31E9C9-7946-A8C9-1541-339635B1AC04">
<hideElementsInCurrentOnly>false</hideElementsInCurrentOnly>
<backgroundColor>-16777216</backgroundColor>
<lineWidth>1</lineWidth>
<points>
<point x="676" y="652"/>
<point x="534" y="652"/>
</points>
</Connector>
<Connector class="oracle.dbtools.crest.swingui.logical.TVRelation" oid="C6E63E88-4258-F34F-3DAC-B555A76A1D50" otype="Relation" vid_source="1B93E736-B080-8466-1BFD-89D91DEF296F" vid_target="BE31E9C9-7946-A8C9-1541-339635B1AC04">
<hideElementsInCurrentOnly>false</hideElementsInCurrentOnly>
<backgroundColor>-16777216</backgroundColor>
<lineWidth>1</lineWidth>
<points>
<point x="682" y="696"/>
<point x="534" y="696"/>
</points>
</Connector>
<Connector class="oracle.dbtools.crest.swingui.logical.TVRelation" oid="C76DFF79-E719-B03C-A618-4CC681DFF258" otype="Relation" vid_source="B6B01A6F-E7A4-694D-B8F4-71E563CB3584" vid_target="3A2189D0-3772-614E-1477-BA0FEF8111FA">
<hideElementsInCurrentOnly>false</hideElementsInCurrentOnly>
<backgroundColor>-16777216</backgroundColor>
<lineWidth>1</lineWidth>
<points>
<point x="529" y="414"/>
<point x="652" y="489"/>
</points>
</Connector>
<Connector class="oracle.dbtools.crest.swingui.logical.TVInheritanceRelation" oid="C8868805-EA6A-3654-BFCD-1112558455D0" otype="Hierarchy relation" vid_source="3A2189D0-3772-614E-1477-BA0FEF8111FA" vid_target="DE10A95A-6826-9150-2CA7-80C0B9516B9F">
<hideElementsInCurrentOnly>false</hideElementsInCurrentOnly>
<backgroundColor>-65536</backgroundColor>
<lineWidth>1</lineWidth>
</Connector>
<Connector class="oracle.dbtools.crest.swingui.logical.TVRelation" oid="D19582F9-89A3-A8F8-3A6E-38A05DF96E4A" otype="Relation" vid_source="915FA81A-8C43-2DDE-EDF9-96BBEA3161FA" vid_target="EE09008D-A38E-5228-A0CD-3196A43E3F06">
<hideElementsInCurrentOnly>false</hideElementsInCurrentOnly>
<backgroundColor>-16777216</backgroundColor>
<lineWidth>1</lineWidth>
<points>
<point x="1057" y="314"/>
<point x="935" y="314"/>
</points>
</Connector>
<Connector class="oracle.dbtools.crest.swingui.logical.TVRelation" oid="EE52206E-4241-0847-AB24-9CA74B44DE12" otype="Relation" vid_source="49FB4910-0A12-51D0-1A75-8AFEE5B10202" vid_target="F44C56B4-FE80-57D7-6170-C1EE31F1B62B">
<hideElementsInCurrentOnly>false</hideElementsInCurrentOnly>
<backgroundColor>-16777216</backgroundColor>
<lineWidth>1</lineWidth>
<points>
<point x="1152" y="759"/>
<point x="1343" y="659"/>
</points>
</Connector>
<Connector class="oracle.dbtools.crest.swingui.logical.TVRelation" oid="FD3EBC10-23FB-7E74-F7BB-8739AE7C825C" otype="Relation" vid_source="B6B01A6F-E7A4-694D-B8F4-71E563CB3584" vid_target="83896BD8-E0FE-442B-F358-CC24BE4D1784">
<hideElementsInCurrentOnly>false</hideElementsInCurrentOnly>
<backgroundColor>-16777216</backgroundColor>
<lineWidth>1</lineWidth>
<points>
<point x="460" y="418"/>
<point x="460" y="462"/>
</points>
</Connector>
</connectors>
</Diagram>